signal_bar,wt_conf_bar,mfi_conf_bar,direction,dt
300,300,293,bear,2021-01-10 10:00:00
415,415,406,bull,2021-01-11 14:45:00
423,415,423,bull,2021-01-11 16:45:00
975,975,972,bull,2021-01-17 10:45:00
1193,1193,1191,bear,2021-01-19 17:15:00
1385,1379,1385,bull,2021-01-21 17:15:00
1918,1918,1915,bull,2021-01-27 06:30:00
2057,2053,2057,bear,2021-01-28 17:15:00
2095,2089,2095,bear,2021-01-29 02:45:00
2126,2126,2123,bear,2021-01-29 10:30:00
2208,2198,2208,bull,2021-01-30 07:00:00
2309,2306,2309,bull,2021-01-31 08:15:00
2310,2310,2309,bull,2021-01-31 08:30:00
2572,2571,2572,bear,2021-02-03 02:00:00
2696,2696,2695,bear,2021-02-04 09:00:00
2791,2791,2787,bear,2021-02-05 08:45:00
2867,2867,2861,bear,2021-02-06 03:45:00
2919,2919,2917,bear,2021-02-06 16:45:00
3093,3093,3091,bear,2021-02-08 12:15:00
3171,3171,3162,bear,2021-02-09 07:45:00
3955,3949,3955,bear,2021-02-17 11:45:00
4204,4204,4202,bear,2021-02-20 02:00:00
4545,4534,4545,bull,2021-02-23 15:15:00
4567,4567,4558,bull,2021-02-23 20:45:00
4567,4567,4565,bull,2021-02-23 20:45:00
4634,4634,4631,bear,2021-02-24 13:30:00
4990,4983,4990,bull,2021-02-28 06:30:00
4992,4992,4990,bull,2021-02-28 07:00:00
5060,5060,5058,bear,2021-03-01 00:00:00
5065,5060,5065,bear,2021-03-01 01:15:00
5073,5073,5065,bear,2021-03-01 03:15:00
5116,5107,5116,bear,2021-03-01 14:00:00
5232,5232,5231,bull,2021-03-02 19:45:00
5238,5238,5231,bull,2021-03-02 21:15:00
5524,5524,5516,bear,2021-03-05 20:45:00
5703,5692,5703,bear,2021-03-07 17:30:00
5704,5704,5703,bear,2021-03-07 17:45:00
5794,5794,5794,bear,2021-03-08 16:15:00
5851,5851,5842,bear,2021-03-09 06:30:00
5851,5851,5850,bear,2021-03-09 06:30:00
5886,5886,5882,bear,2021-03-09 15:15:00
5943,5940,5943,bull,2021-03-10 05:30:00
5992,5992,5981,bear,2021-03-10 17:45:00
6011,6001,6011,bear,2021-03-10 22:30:00
6096,6096,6096,bear,2021-03-11 19:45:00
6105,6105,6096,bear,2021-03-11 22:00:00
6595,6589,6595,bear,2021-03-17 00:30:00
6784,6773,6784,bull,2021-03-18 23:45:00
6868,6868,6867,bear,2021-03-19 20:45:00
7120,7120,7117,bear,2021-03-22 11:45:00
7195,7195,7188,bull,2021-03-23 06:30:00
7416,7416,7413,bull,2021-03-25 13:45:00
7490,7482,7490,bear,2021-03-26 08:15:00
7559,7557,7559,bear,2021-03-27 01:30:00
7673,7673,7669,bear,2021-03-28 06:00:00
7982,7982,7973,bull,2021-03-31 11:15:00
8767,8767,8759,bear,2021-04-08 15:30:00
9331,9331,9329,bear,2021-04-14 12:30:00
9530,9520,9530,bull,2021-04-16 14:15:00
9635,9635,9624,bull,2021-04-17 16:30:00
9989,9989,9988,bull,2021-04-21 09:00:00
10169,10169,10167,bull,2021-04-23 06:00:00
10174,10174,10167,bull,2021-04-23 07:15:00
10445,10444,10445,bear,2021-04-26 03:00:00
10455,10444,10455,bear,2021-04-26 05:30:00
10463,10463,10455,bear,2021-04-26 07:30:00
10510,10510,10509,bear,2021-04-26 19:15:00
10620,10620,10614,bear,2021-04-27 22:45:00
10620,10620,10619,bear,2021-04-27 22:45:00
10803,10793,10803,bull,2021-04-29 20:30:00
10804,10804,10803,bull,2021-04-29 20:45:00
10924,10924,10913,bear,2021-05-01 02:45:00
10924,10924,10918,bear,2021-05-01 02:45:00
11049,11046,11049,bull,2021-05-02 10:00:00
11050,11050,11049,bull,2021-05-02 10:15:00
11396,11396,11395,bear,2021-05-06 00:45:00
11624,11622,11624,bear,2021-05-08 09:45:00
11664,11664,11656,bear,2021-05-08 19:45:00
11664,11664,11663,bear,2021-05-08 19:45:00
11832,11824,11832,bull,2021-05-10 13:45:00
11889,11889,11880,bull,2021-05-11 04:00:00
11976,11976,11972,bear,2021-05-12 01:45:00
12025,12025,12024,bull,2021-05-12 14:00:00
12209,12209,12207,bear,2021-05-14 12:00:00
12301,12292,12301,bull,2021-05-15 11:00:00
12302,12302,12301,bull,2021-05-15 11:15:00
12336,12329,12336,bull,2021-05-15 19:45:00
12338,12338,12336,bull,2021-05-15 20:15:00
12468,12468,12461,bull,2021-05-17 04:45:00
12662,12652,12662,bull,2021-05-19 05:15:00
12663,12663,12662,bull,2021-05-19 05:30:00
12672,12663,12672,bull,2021-05-19 07:45:00
12672,12672,12662,bull,2021-05-19 07:45:00
12672,12672,12672,bull,2021-05-19 07:45:00
12833,12833,12826,bear,2021-05-21 00:00:00
13143,13137,13143,bear,2021-05-24 05:30:00
13223,13223,13223,bear,2021-05-25 01:30:00
13467,13458,13467,bear,2021-05-27 14:30:00
13553,13545,13553,bull,2021-05-28 12:00:00
13554,13554,13553,bull,2021-05-28 12:15:00
13594,13594,13593,bull,2021-05-28 22:15:00
13657,13657,13655,bull,2021-05-29 14:00:00
13863,13862,13863,bear,2021-05-31 17:30:00
13961,13961,13958,bull,2021-06-01 18:00:00
14038,14038,14033,bear,2021-06-02 13:15:00
14041,14038,14041,bear,2021-06-02 14:00:00
14049,14049,14041,bear,2021-06-02 16:00:00
14136,14126,14136,bear,2021-06-03 13:45:00
14331,14331,14330,bull,2021-06-05 14:30:00
14335,14331,14335,bull,2021-06-05 15:30:00
14562,14562,14558,bull,2021-06-08 00:15:00
14591,14591,14590,bull,2021-06-08 07:30:00
14753,14753,14743,bear,2021-06-10 00:00:00
14838,14838,14838,bull,2021-06-10 21:15:00
15533,15533,15532,bull,2021-06-18 03:00:00
15636,15636,15630,bull,2021-06-19 04:45:00
15903,15903,15895,bull,2021-06-21 23:30:00
16161,16161,16155,bear,2021-06-24 16:00:00
16288,16288,16282,bull,2021-06-25 23:45:00
16288,16288,16286,bull,2021-06-25 23:45:00
16326,16326,16319,bull,2021-06-26 09:15:00
16650,16649,16650,bear,2021-06-29 18:15:00
16660,16649,16660,bear,2021-06-29 20:45:00
16739,16739,16733,bull,2021-06-30 16:30:00
16770,16770,16770,bear,2021-07-01 00:15:00
16893,16893,16884,bull,2021-07-02 07:00:00
16893,16893,16893,bull,2021-07-02 07:00:00
16932,16932,16926,bear,2021-07-02 16:45:00
17013,17013,17011,bear,2021-07-03 13:00:00
17146,17139,17146,bear,2021-07-04 22:15:00
17466,17461,17466,bull,2021-07-08 06:15:00
17477,17477,17466,bull,2021-07-08 09:00:00
17487,17477,17487,bull,2021-07-08 11:30:00
17688,17688,17681,bear,2021-07-10 13:45:00
17717,17717,17709,bull,2021-07-10 21:00:00
17720,17717,17720,bull,2021-07-10 21:45:00
17778,17778,17769,bear,2021-07-11 12:15:00
17786,17778,17786,bear,2021-07-11 14:15:00
18003,18003,18002,bull,2021-07-13 20:30:00
18036,18036,18032,bull,2021-07-14 04:45:00
18043,18043,18032,bull,2021-07-14 06:30:00
18611,18611,18600,bull,2021-07-20 04:30:00
18636,18636,18631,bull,2021-07-20 10:45:00
18821,18821,18820,bear,2021-07-22 09:00:00
18905,18905,18904,bear,2021-07-23 06:00:00
18999,18999,18997,bear,2021-07-24 05:30:00
19007,19007,18997,bear,2021-07-24 07:30:00
19024,19024,19020,bear,2021-07-24 11:45:00
19032,19024,19032,bear,2021-07-24 13:45:00
19362,19360,19362,bear,2021-07-28 00:15:00
19373,19373,19362,bear,2021-07-28 03:00:00
20011,20004,20011,bull,2021-08-03 18:30:00
20225,20225,20219,bear,2021-08-06 00:00:00
20256,20256,20254,bear,2021-08-06 07:45:00
20263,20263,20254,bear,2021-08-06 09:30:00
20420,20420,20418,bear,2021-08-08 00:45:00
20611,20611,20608,bear,2021-08-10 00:30:00
20639,20637,20639,bull,2021-08-10 07:30:00
20641,20641,20639,bull,2021-08-10 08:00:00
20839,20828,20839,bull,2021-08-12 09:30:00
20895,20895,20894,bull,2021-08-12 23:30:00
20975,20974,20975,bear,2021-08-13 19:30:00
21075,21075,21074,bear,2021-08-14 20:30:00
21210,21199,21210,bear,2021-08-16 06:15:00
21351,21346,21351,bull,2021-08-17 17:30:00
21807,21806,21807,bear,2021-08-22 11:30:00
22090,22090,22086,bull,2021-08-25 10:15:00
22123,22123,22123,bear,2021-08-25 18:30:00
22342,22339,22342,bear,2021-08-28 01:15:00
22525,22518,22525,bear,2021-08-29 23:00:00
22629,22628,22629,bull,2021-08-31 01:00:00
22660,22651,22660,bear,2021-08-31 08:45:00
22774,22774,22774,bear,2021-09-01 13:15:00
22827,22821,22827,bear,2021-09-02 02:30:00
23132,23132,23132,bull,2021-09-05 06:45:00
23322,23312,23322,bear,2021-09-07 06:15:00
23423,23423,23412,bull,2021-09-08 07:30:00
23427,23423,23427,bull,2021-09-08 08:30:00
24024,24016,24024,bear,2021-09-14 13:45:00
24034,24034,24024,bear,2021-09-14 16:15:00
24072,24072,24062,bear,2021-09-15 01:45:00
24192,24192,24185,bear,2021-09-16 07:45:00
24192,24192,24189,bear,2021-09-16 07:45:00
24221,24221,24212,bull,2021-09-16 15:00:00
24559,24551,24559,bull,2021-09-20 03:30:00
24625,24625,24625,bull,2021-09-20 20:00:00
24646,24646,24644,bull,2021-09-21 01:15:00
24813,24813,24812,bear,2021-09-22 19:00:00
24853,24853,24853,bear,2021-09-23 05:00:00
25228,25228,25226,bear,2021-09-27 02:45:00
25244,25244,25243,bear,2021-09-27 06:45:00
25294,25288,25294,bull,2021-09-27 19:15:00
25295,25295,25294,bull,2021-09-27 19:30:00
25412,25412,25412,bull,2021-09-29 00:45:00
25460,25460,25454,bear,2021-09-29 12:45:00
25671,25671,25663,bear,2021-10-01 17:30:00
25690,25690,25688,bear,2021-10-01 22:15:00
25788,25779,25788,bear,2021-10-02 22:45:00
25851,25851,25842,bear,2021-10-03 14:30:00
25851,25851,25845,bear,2021-10-03 14:30:00
26070,26068,26070,bear,2021-10-05 21:15:00
26157,26157,26156,bear,2021-10-06 19:00:00
26165,26165,26156,bear,2021-10-06 21:00:00
26402,26398,26402,bear,2021-10-09 08:15:00
26593,26593,26587,bear,2021-10-11 08:00:00
26593,26593,26592,bear,2021-10-11 08:00:00
26595,26593,26595,bear,2021-10-11 08:30:00
26642,26642,26632,bear,2021-10-11 20:15:00
26787,26787,26778,bull,2021-10-13 08:30:00
26911,26911,26911,bull,2021-10-14 15:30:00
26924,26924,26924,bull,2021-10-14 18:45:00
26952,26952,26945,bull,2021-10-15 01:45:00
27033,27031,27033,bear,2021-10-15 22:00:00
27349,27349,27347,bear,2021-10-19 05:00:00
27586,27586,27585,bull,2021-10-21 16:15:00
27595,27595,27585,bull,2021-10-21 18:30:00
27619,27619,27610,bull,2021-10-22 00:30:00
27672,27672,27670,bear,2021-10-22 13:45:00
27759,27759,27758,bull,2021-10-23 11:30:00
27767,27767,27767,bear,2021-10-23 13:30:00
28148,28148,28146,bull,2021-10-27 12:45:00
28199,28199,28194,bull,2021-10-28 01:30:00
28535,28535,28533,bull,2021-10-31 13:30:00
28539,28539,28533,bull,2021-10-31 14:30:00
29287,29279,29287,bear,2021-11-08 09:30:00
29505,29503,29505,bear,2021-11-10 16:00:00
29773,29773,29770,bull,2021-11-13 11:00:00
30008,29999,30008,bull,2021-11-15 21:45:00
30044,30035,30044,bull,2021-11-16 06:45:00
30265,30265,30264,bull,2021-11-18 14:00:00
30484,30482,30484,bear,2021-11-20 20:45:00
30494,30494,30484,bear,2021-11-20 23:15:00
30498,30494,30498,bear,2021-11-21 00:15:00
30499,30499,30498,bear,2021-11-21 00:30:00
30606,30606,30598,bull,2021-11-22 03:15:00
30744,30734,30744,bear,2021-11-23 13:45:00
30753,30753,30744,bear,2021-11-23 16:00:00
31055,31055,31044,bull,2021-11-26 19:30:00
31055,31055,31052,bull,2021-11-26 19:30:00
31139,31132,31139,bear,2021-11-27 16:30:00
31266,31266,31260,bear,2021-11-29 00:15:00
31872,31872,31865,bear,2021-12-05 07:45:00
31872,31872,31871,bear,2021-12-05 07:45:00
31969,31969,31969,bull,2021-12-06 08:00:00
31980,31980,31969,bull,2021-12-06 10:45:00
31983,31980,31983,bull,2021-12-06 11:30:00
32063,32063,32061,bear,2021-12-07 07:30:00
32100,32100,32098,bear,2021-12-07 16:45:00
32290,32290,32281,bull,2021-12-09 16:15:00
32301,32290,32301,bull,2021-12-09 19:00:00
32309,32309,32301,bull,2021-12-09 21:00:00
32393,32393,32393,bull,2021-12-10 18:00:00
32441,32441,32436,bear,2021-12-11 06:00:00
32517,32517,32511,bear,2021-12-12 01:00:00
32571,32571,32570,bear,2021-12-12 14:30:00
32735,32735,32733,bull,2021-12-14 07:30:00
33322,33313,33322,bull,2021-12-20 10:15:00
33323,33323,33322,bull,2021-12-20 10:30:00
33413,33413,33412,bear,2021-12-21 09:00:00
33472,33472,33466,bear,2021-12-21 23:45:00
33512,33511,33512,bear,2021-12-22 09:45:00
33706,33706,33696,bear,2021-12-24 10:15:00
33706,33706,33706,bear,2021-12-24 10:15:00
33712,33706,33712,bear,2021-12-24 11:45:00
33712,33712,33706,bear,2021-12-24 11:45:00
33712,33712,33712,bear,2021-12-24 11:45:00
34015,34015,34014,bear,2021-12-27 15:30:00
34185,34185,34178,bull,2021-12-29 10:00:00
34185,34185,34184,bull,2021-12-29 10:00:00
34343,34343,34341,bull,2021-12-31 01:30:00
34502,34502,34497,bear,2022-01-01 17:15:00
34778,34771,34778,bear,2022-01-04 14:15:00
35429,35429,35428,bear,2022-01-11 09:00:00
35659,35659,35657,bull,2022-01-13 18:30:00
35719,35719,35714,bull,2022-01-14 09:30:00
35763,35763,35762,bear,2022-01-14 20:30:00
35772,35772,35762,bear,2022-01-14 22:45:00
35822,35822,35820,bear,2022-01-15 11:15:00
35844,35844,35841,bear,2022-01-15 16:45:00
35850,35850,35841,bear,2022-01-15 18:15:00
35930,35930,35928,bull,2022-01-16 14:15:00
35943,35943,35942,bear,2022-01-16 17:30:00
36364,36364,36354,bull,2022-01-21 02:45:00
36437,36437,36437,bull,2022-01-21 21:00:00
36603,36603,36602,bear,2022-01-23 14:30:00
36791,36791,36780,bear,2022-01-25 13:30:00
36797,36791,36797,bear,2022-01-25 15:00:00
36798,36798,36797,bear,2022-01-25 15:15:00
36874,36874,36873,bear,2022-01-26 10:15:00
37020,37017,37020,bull,2022-01-27 22:45:00
37067,37067,37061,bull,2022-01-28 10:30:00
37078,37067,37078,bull,2022-01-28 13:15:00
37411,37406,37411,bear,2022-02-01 00:30:00
37596,37596,37596,bull,2022-02-02 22:45:00
37603,37603,37596,bull,2022-02-03 00:30:00
37647,37647,37647,bull,2022-02-03 11:30:00
38007,38003,38007,bear,2022-02-07 05:30:00
38060,38060,38059,bear,2022-02-07 18:45:00
38067,38067,38059,bear,2022-02-07 20:30:00
38406,38395,38406,bull,2022-02-11 09:15:00
38464,38464,38464,bull,2022-02-11 23:45:00
38626,38626,38624,bear,2022-02-13 16:15:00
38781,38781,38780,bear,2022-02-15 07:00:00
38899,38899,38895,bear,2022-02-16 12:30:00
39043,39034,39043,bull,2022-02-18 00:30:00
39044,39044,39043,bull,2022-02-18 00:45:00
39102,39102,39101,bull,2022-02-18 15:15:00
39106,39102,39106,bull,2022-02-18 16:15:00
39187,39187,39185,bull,2022-02-19 12:30:00
39191,39191,39185,bull,2022-02-19 13:30:00
39724,39717,39724,bear,2022-02-25 02:45:00
39727,39727,39724,bear,2022-02-25 03:30:00
39850,39850,39846,bull,2022-02-26 10:15:00
40094,40088,40094,bear,2022-02-28 23:15:00
40129,40129,40127,bear,2022-03-01 08:00:00
40417,40406,40417,bull,2022-03-04 08:00:00
40811,40811,40810,bear,2022-03-08 10:30:00
40815,40815,40810,bear,2022-03-08 11:30:00
40819,40819,40810,bear,2022-03-08 12:30:00
40830,40819,40830,bear,2022-03-08 15:15:00
40927,40916,40927,bear,2022-03-09 15:30:00
41008,40997,41008,bull,2022-03-10 11:45:00
41070,41070,41064,bull,2022-03-11 03:15:00
41079,41070,41079,bull,2022-03-11 05:30:00
41510,41510,41504,bear,2022-03-15 17:15:00
41550,41550,41550,bear,2022-03-16 03:15:00
41624,41624,41620,bear,2022-03-16 21:45:00
41719,41719,41718,bull,2022-03-17 21:30:00
42032,42032,42029,bull,2022-03-21 03:45:00
42211,42211,42210,bull,2022-03-23 00:30:00
42372,42372,42363,bear,2022-03-24 16:45:00
42714,42708,42714,bear,2022-03-28 06:15:00
42752,42752,42751,bear,2022-03-28 15:45:00
43031,43031,43031,bear,2022-03-31 13:30:00
43061,43060,43061,bull,2022-03-31 21:00:00
43177,43177,43177,bear,2022-04-02 02:00:00
43226,43226,43217,bear,2022-04-02 14:15:00
43427,43427,43423,bull,2022-04-04 16:30:00
43466,43456,43466,bear,2022-04-05 02:15:00
43625,43624,43625,bull,2022-04-06 18:00:00
43654,43651,43654,bull,2022-04-07 01:15:00
43656,43656,43654,bull,2022-04-07 01:45:00
44088,44083,44088,bull,2022-04-11 13:45:00
44095,44095,44088,bull,2022-04-11 15:30:00
44105,44095,44105,bull,2022-04-11 18:00:00
44105,44101,44105,bull,2022-04-11 18:00:00
44304,44304,44293,bear,2022-04-13 19:45:00
44403,44401,44403,bull,2022-04-14 20:30:00
44782,44782,44775,bear,2022-04-18 19:15:00
45498,45498,45488,bear,2022-04-26 06:15:00
45673,45673,45667,bear,2022-04-28 02:00:00
45898,45898,45894,bull,2022-04-30 10:15:00
45955,45955,45947,bull,2022-05-01 00:30:00
46054,46054,46053,bear,2022-05-02 01:30:00
46321,46310,46321,bear,2022-05-04 20:15:00
46322,46322,46321,bear,2022-05-04 20:30:00
46490,46490,46482,bull,2022-05-06 14:30:00
46691,46691,46684,bull,2022-05-08 16:45:00
46691,46691,46690,bull,2022-05-08 16:45:00
46696,46691,46696,bull,2022-05-08 18:00:00
46748,46748,46747,bull,2022-05-09 07:00:00
46757,46757,46747,bull,2022-05-09 09:15:00
47348,47348,47346,bear,2022-05-15 13:00:00
48220,48220,48212,bull,2022-05-24 15:00:00
48223,48220,48223,bull,2022-05-24 15:45:00
48476,48476,48475,bull,2022-05-27 07:00:00
48639,48639,48630,bear,2022-05-29 00:15:00
48733,48733,48732,bear,2022-05-29 23:45:00
48763,48763,48752,bear,2022-05-30 07:15:00
48785,48785,48781,bear,2022-05-30 12:45:00
48814,48814,48806,bear,2022-05-30 20:00:00
49090,49090,49087,bear,2022-06-02 17:00:00
49437,49437,49434,bear,2022-06-06 07:45:00
49789,49789,49778,bull,2022-06-09 23:45:00
50126,50117,50126,bull,2022-06-13 12:00:00
50127,50127,50126,bull,2022-06-13 12:15:00
50138,50127,50138,bull,2022-06-13 15:00:00
50291,50291,50291,bull,2022-06-15 05:15:00
50354,50352,50354,bear,2022-06-15 21:00:00
50462,50462,50456,bull,2022-06-17 00:00:00
50797,50797,50795,bear,2022-06-20 11:45:00
50864,50853,50864,bear,2022-06-21 04:30:00
50908,50908,50904,bear,2022-06-21 15:30:00
51135,51135,51131,bear,2022-06-24 00:15:00
51135,51135,51134,bear,2022-06-24 00:15:00
51378,51378,51375,bear,2022-06-26 13:00:00
51750,51750,51740,bull,2022-06-30 10:00:00
51795,51791,51795,bull,2022-06-30 21:15:00
51801,51801,51795,bull,2022-06-30 22:45:00
52536,52536,52535,bull,2022-07-08 14:30:00
52701,52690,52701,bull,2022-07-10 07:45:00
52737,52737,52731,bull,2022-07-10 16:45:00
52737,52737,52737,bull,2022-07-10 16:45:00
52795,52788,52795,bull,2022-07-11 07:15:00
52953,52953,52951,bull,2022-07-12 22:45:00
52961,52961,52951,bull,2022-07-13 00:45:00
53032,53032,53030,bear,2022-07-13 18:30:00
53050,53050,53049,bear,2022-07-13 23:00:00
53184,53184,53183,bear,2022-07-15 08:30:00
53189,53184,53189,bear,2022-07-15 09:45:00
53233,53233,53227,bear,2022-07-15 20:45:00
53686,53682,53686,bear,2022-07-20 14:00:00
53874,53874,53866,bear,2022-07-22 13:00:00
53883,53874,53883,bear,2022-07-22 15:15:00
53942,53942,53941,bear,2022-07-23 06:00:00
54191,54191,54191,bull,2022-07-25 20:15:00
54272,54272,54271,bull,2022-07-26 16:30:00
54425,54425,54423,bear,2022-07-28 06:45:00
54485,54485,54484,bear,2022-07-28 21:45:00
54982,54982,54977,bull,2022-08-03 02:00:00
55052,55052,55050,bear,2022-08-03 19:30:00
55054,55052,55054,bear,2022-08-03 20:00:00
55160,55153,55160,bull,2022-08-04 22:30:00
55503,55493,55503,bear,2022-08-08 12:15:00
55505,55505,55503,bear,2022-08-08 12:45:00
56159,56159,56157,bull,2022-08-15 08:15:00
56385,56378,56385,bull,2022-08-17 16:45:00
56545,56541,56545,bull,2022-08-19 08:45:00
56606,56606,56595,bull,2022-08-20 00:00:00
56606,56606,56603,bull,2022-08-20 00:00:00
56607,56606,56607,bull,2022-08-20 00:15:00
56674,56674,56674,bear,2022-08-20 17:00:00
56693,56693,56687,bull,2022-08-20 21:45:00
56715,56715,56715,bear,2022-08-21 03:15:00
56745,56744,56745,bear,2022-08-21 10:45:00
56794,56784,56794,bear,2022-08-21 23:00:00
56954,56954,56944,bear,2022-08-23 15:00:00
56954,56954,56953,bear,2022-08-23 15:00:00
57251,57251,57246,bull,2022-08-26 17:15:00
57610,57610,57600,bear,2022-08-30 11:00:00
57713,57713,57708,bear,2022-08-31 12:45:00
57920,57911,57920,bear,2022-09-02 16:30:00
58100,58100,58095,bear,2022-09-04 13:30:00
58421,58421,58421,bear,2022-09-07 21:45:00
58584,58580,58584,bear,2022-09-09 14:30:00
58766,58766,58755,bear,2022-09-11 12:00:00
58823,58818,58823,bear,2022-09-12 02:15:00
58824,58824,58823,bear,2022-09-12 02:30:00
58868,58868,58858,bear,2022-09-12 13:30:00
58868,58868,58867,bear,2022-09-12 13:30:00
58873,58873,58867,bear,2022-09-12 14:45:00
59058,59058,59056,bull,2022-09-14 13:00:00
59257,59257,59255,bull,2022-09-16 14:45:00
59515,59515,59514,bull,2022-09-19 07:15:00
59579,59573,59579,bear,2022-09-19 23:15:00
59626,59625,59626,bull,2022-09-20 11:00:00
59657,59657,59655,bull,2022-09-20 18:45:00
59870,59870,59868,bear,2022-09-23 00:00:00
59937,59931,59937,bull,2022-09-23 16:45:00
59938,59938,59937,bull,2022-09-23 17:00:00
60059,60059,60055,bull,2022-09-24 23:15:00
60069,60059,60069,bull,2022-09-25 01:45:00
60113,60113,60109,bear,2022-09-25 12:45:00
60300,60300,60298,bear,2022-09-27 11:30:00
60307,60307,60298,bear,2022-09-27 13:15:00
60372,60364,60372,bull,2022-09-28 05:30:00
60391,60391,60391,bull,2022-09-28 10:15:00
60617,60606,60617,bear,2022-09-30 18:45:00
60691,60691,60685,bull,2022-10-01 13:15:00
60886,60886,60884,bear,2022-10-03 14:00:00
60929,60929,60918,bear,2022-10-04 00:45:00
60972,60972,60970,bear,2022-10-04 11:30:00
61271,61271,61270,bull,2022-10-07 14:15:00
61547,61539,61547,bull,2022-10-10 11:15:00
61573,61573,61563,bull,2022-10-10 17:45:00
61596,61596,61594,bull,2022-10-10 23:30:00
61603,61603,61594,bull,2022-10-11 01:15:00
61746,61736,61746,bear,2022-10-12 13:00:00
62231,62231,62222,bear,2022-10-17 14:15:00
62300,62300,62299,bear,2022-10-18 07:30:00
62424,62420,62424,bull,2022-10-19 14:30:00
62598,62598,62594,bull,2022-10-21 10:00:00
62771,62771,62770,bear,2022-10-23 05:15:00
62843,62843,62832,bear,2022-10-23 23:15:00
62918,62918,62917,bull,2022-10-24 18:00:00
63021,63014,63021,bear,2022-10-25 19:45:00
63481,63481,63480,bull,2022-10-30 14:45:00
63522,63517,63522,bull,2022-10-31 01:00:00
63831,63827,63831,bear,2022-11-03 06:15:00
64060,64060,64058,bull,2022-11-05 15:30:00
64125,64121,64125,bull,2022-11-06 07:45:00
64211,64211,64210,bull,2022-11-07 05:15:00
64217,64217,64210,bull,2022-11-07 06:45:00
64371,64367,64371,bull,2022-11-08 21:15:00
64548,64547,64548,bear,2022-11-10 17:30:00
64636,64636,64634,bull,2022-11-11 15:30:00
64642,64642,64634,bull,2022-11-11 17:00:00
64857,64857,64852,bull,2022-11-13 22:45:00
64866,64857,64866,bull,2022-11-14 01:00:00
64867,64867,64866,bull,2022-11-14 01:15:00
65024,65016,65024,bear,2022-11-15 16:30:00
65244,65244,65238,bear,2022-11-17 23:30:00
65310,65310,65303,bull,2022-11-18 16:00:00
65625,65625,65624,bull,2022-11-21 22:45:00
65672,65661,65672,bull,2022-11-22 10:30:00
66014,66003,66014,bear,2022-11-26 00:00:00
66015,66015,66014,bear,2022-11-26 00:15:00
66075,66075,66068,bear,2022-11-26 15:15:00
66274,66274,66263,bull,2022-11-28 17:00:00
66274,66274,66270,bull,2022-11-28 17:00:00
66292,66292,66291,bear,2022-11-28 21:30:00
66487,66483,66487,bear,2022-11-30 22:15:00
66839,66839,66830,bull,2022-12-04 14:15:00
66859,66850,66859,bear,2022-12-04 19:15:00
67264,67264,67258,bear,2022-12-09 00:30:00
67759,67759,67757,bear,2022-12-14 04:15:00
67903,67903,67895,bull,2022-12-15 16:15:00
67905,67903,67905,bull,2022-12-15 16:45:00
67914,67903,67914,bull,2022-12-15 19:00:00
67979,67978,67979,bull,2022-12-16 11:15:00
68220,68220,68218,bear,2022-12-18 23:30:00
68303,68302,68303,bull,2022-12-19 20:15:00
68365,68358,68365,bear,2022-12-20 11:45:00
68659,68652,68659,bear,2022-12-23 13:15:00
68661,68661,68659,bear,2022-12-23 13:45:00
69509,69509,69508,bull,2023-01-01 09:45:00
69568,69568,69568,bear,2023-01-02 00:30:00
69723,69722,69723,bear,2023-01-03 15:15:00
69976,69976,69969,bull,2023-01-06 06:30:00
70145,70145,70144,bear,2023-01-08 00:45:00
70261,70261,70258,bear,2023-01-09 05:45:00
70497,70497,70489,bull,2023-01-11 16:45:00
70580,70580,70570,bear,2023-01-12 13:30:00
70584,70580,70584,bear,2023-01-12 14:30:00
71045,71045,71041,bear,2023-01-17 09:45:00
71194,71194,71187,bull,2023-01-18 23:00:00
71248,71248,71237,bull,2023-01-19 12:30:00
71248,71248,71245,bull,2023-01-19 12:30:00
71252,71248,71252,bull,2023-01-19 13:30:00
71253,71253,71245,bull,2023-01-19 13:45:00
71253,71253,71252,bull,2023-01-19 13:45:00
71402,71402,71401,bear,2023-01-21 03:00:00
71411,71402,71411,bear,2023-01-21 05:15:00
71433,71433,71426,bear,2023-01-21 10:45:00
71472,71472,71472,bear,2023-01-21 20:30:00
71538,71538,71537,bull,2023-01-22 13:00:00
71782,71775,71782,bull,2023-01-25 02:00:00
71783,71783,71782,bull,2023-01-25 02:15:00
71837,71837,71836,bull,2023-01-25 15:45:00
72118,72118,72117,bull,2023-01-28 14:00:00
72424,72424,72414,bear,2023-01-31 18:30:00
72470,72470,72465,bear,2023-02-01 06:00:00
72470,72470,72469,bear,2023-02-01 06:00:00
72639,72639,72633,bull,2023-02-03 00:15:00
73111,73110,73111,bear,2023-02-07 22:15:00
73119,73119,73111,bear,2023-02-08 00:15:00
73361,73361,73359,bull,2023-02-10 12:45:00
73402,73402,73399,bull,2023-02-10 23:00:00
73430,73430,73427,bear,2023-02-11 06:00:00
73430,73430,73430,bear,2023-02-11 06:00:00
73610,73610,73602,bull,2023-02-13 03:00:00
73671,73671,73663,bull,2023-02-13 18:15:00
73671,73671,73666,bull,2023-02-13 18:15:00
73740,73740,73738,bear,2023-02-14 11:30:00
73749,73749,73738,bear,2023-02-14 13:45:00
73914,73914,73909,bear,2023-02-16 07:00:00
74401,74401,74392,bear,2023-02-21 08:45:00
74688,74688,74677,bull,2023-02-24 08:30:00
74698,74688,74698,bull,2023-02-24 11:00:00
74775,74769,74775,bull,2023-02-25 06:15:00
75024,75019,75024,bull,2023-02-27 20:30:00
75026,75026,75024,bull,2023-02-27 21:00:00
75173,75173,75162,bear,2023-03-01 09:45:00
75277,75277,75272,bull,2023-03-02 11:45:00
75284,75277,75284,bull,2023-03-02 13:30:00
75290,75290,75284,bull,2023-03-02 15:00:00
75304,75304,75303,bull,2023-03-02 18:30:00
75626,75626,75625,bull,2023-03-06 03:00:00
75904,75903,75904,bull,2023-03-09 00:30:00
75946,75944,75946,bull,2023-03-09 11:00:00
76006,76006,76001,bull,2023-03-10 02:00:00
76621,76621,76620,bear,2023-03-16 11:45:00
76657,76657,76655,bear,2023-03-16 20:45:00
76753,76753,76753,bear,2023-03-17 20:45:00
76827,76827,76827,bear,2023-03-18 15:15:00
77087,77087,77081,bull,2023-03-21 08:15:00
77089,77087,77089,bull,2023-03-21 08:45:00
77297,77290,77297,bear,2023-03-23 12:45:00
77837,77831,77837,bear,2023-03-29 03:45:00
77837,77837,77837,bear,2023-03-29 03:45:00
77887,77881,77887,bear,2023-03-29 16:15:00
77932,77932,77931,bear,2023-03-30 03:30:00
78122,78122,78121,bear,2023-04-01 03:00:00
78274,78274,78269,bull,2023-04-02 17:00:00
78274,78274,78273,bull,2023-04-02 17:00:00
78323,78323,78314,bull,2023-04-03 05:15:00
78323,78323,78322,bull,2023-04-03 05:15:00
78500,78490,78500,bear,2023-04-05 01:30:00
78636,78636,78628,bull,2023-04-06 11:30:00
79118,79118,79117,bear,2023-04-11 12:00:00
79750,79750,79748,bull,2023-04-18 02:00:00
80062,80062,80055,bull,2023-04-21 08:00:00
80134,80134,80123,bull,2023-04-22 02:00:00
80171,80171,80165,bull,2023-04-22 11:15:00
80171,80171,80170,bull,2023-04-22 11:15:00
80328,80327,80328,bear,2023-04-24 02:30:00
80524,80514,80524,bear,2023-04-26 03:30:00
80761,80761,80752,bull,2023-04-28 14:45:00
80764,80761,80764,bull,2023-04-28 15:30:00
80905,80905,80900,bull,2023-04-30 02:45:00
80936,80926,80936,bear,2023-04-30 10:30:00
81016,81016,81010,bull,2023-05-01 06:30:00
81073,81073,81073,bull,2023-05-01 20:45:00
81148,81140,81148,bear,2023-05-02 15:30:00
81325,81325,81323,bear,2023-05-04 11:45:00
81443,81443,81434,bear,2023-05-05 17:15:00
81623,81623,81622,bear,2023-05-07 14:15:00
81825,81825,81819,bull,2023-05-09 16:45:00
81825,81825,81825,bull,2023-05-09 16:45:00
81922,81922,81922,bear,2023-05-10 17:00:00
81930,81930,81928,bull,2023-05-10 19:00:00
82127,82127,82126,bull,2023-05-12 20:15:00
82197,82197,82196,bear,2023-05-13 13:45:00
82352,82352,82350,bear,2023-05-15 04:30:00
82406,82406,82404,bear,2023-05-15 18:00:00
82491,82491,82488,bull,2023-05-16 15:15:00
82584,82576,82584,bull,2023-05-17 14:30:00
82927,82918,82927,bear,2023-05-21 04:15:00
82999,82999,82997,bull,2023-05-21 22:15:00
83013,83013,83012,bull,2023-05-22 01:45:00
83068,83068,83063,bear,2023-05-22 15:30:00
83544,83533,83544,bull,2023-05-27 14:30:00
83630,83630,83628,bear,2023-05-28 12:00:00
83937,83937,83930,bull,2023-05-31 16:45:00
84348,84348,84346,bear,2023-06-04 23:30:00
84367,84367,84357,bull,2023-06-05 04:15:00
84429,84429,84429,bull,2023-06-05 19:45:00
84501,84501,84501,bull,2023-06-06 13:45:00
84790,84790,84779,bear,2023-06-09 14:00:00
84908,84900,84908,bull,2023-06-10 19:30:00
85134,85123,85134,bear,2023-06-13 04:00:00
85169,85165,85169,bear,2023-06-13 12:45:00
85357,85357,85351,bull,2023-06-15 11:45:00
85640,85631,85640,bear,2023-06-18 10:30:00
85913,85913,85911,bear,2023-06-21 06:45:00
85920,85920,85911,bear,2023-06-21 08:30:00
85929,85920,85929,bear,2023-06-21 10:45:00
86197,86197,86190,bear,2023-06-24 05:45:00
86338,86338,86337,bull,2023-06-25 17:00:00
86389,86378,86389,bull,2023-06-26 05:45:00
86508,86508,86505,bear,2023-06-27 11:30:00
86513,86513,86505,bear,2023-06-27 12:45:00
86521,86513,86521,bear,2023-06-27 14:45:00
86523,86523,86521,bear,2023-06-27 15:15:00
86581,86573,86581,bull,2023-06-28 05:45:00
86584,86573,86584,bull,2023-06-28 06:30:00
86614,86614,86612,bull,2023-06-28 14:00:00
86710,86710,86710,bear,2023-06-29 14:00:00
87030,87030,87028,bear,2023-07-02 22:00:00
87053,87042,87053,bear,2023-07-03 03:45:00
87169,87169,87167,bull,2023-07-04 08:45:00
87213,87209,87213,bull,2023-07-04 19:45:00
87389,87387,87389,bull,2023-07-06 15:45:00
87533,87533,87532,bear,2023-07-08 03:45:00
87680,87680,87669,bear,2023-07-09 16:30:00
87748,87739,87748,bull,2023-07-10 09:30:00
88150,88150,88149,bull,2023-07-14 14:00:00
88299,88299,88290,bull,2023-07-16 03:15:00
88307,88299,88307,bull,2023-07-16 05:15:00
88434,88434,88426,bull,2023-07-17 13:00:00
88512,88512,88508,bull,2023-07-18 08:30:00
88521,88512,88521,bull,2023-07-18 10:45:00
88748,88747,88748,bull,2023-07-20 19:30:00
88815,88815,88809,bull,2023-07-21 12:15:00
89127,89117,89127,bull,2023-07-24 18:15:00
89210,89210,89208,bear,2023-07-25 15:00:00
89324,89324,89323,bear,2023-07-26 19:30:00
89335,89324,89335,bear,2023-07-26 22:15:00
89555,89555,89554,bear,2023-07-29 05:15:00
89584,89576,89584,bull,2023-07-29 12:30:00
89584,89584,89584,bull,2023-07-29 12:30:00
90196,90196,90191,bull,2023-08-04 21:30:00
90262,90260,90262,bull,2023-08-05 14:00:00
90496,90487,90496,bear,2023-08-08 00:30:00
90500,90500,90496,bear,2023-08-08 01:30:00
90581,90581,90580,bear,2023-08-08 21:45:00
90723,90723,90715,bull,2023-08-10 09:15:00
90725,90723,90725,bull,2023-08-10 09:45:00
90875,90875,90869,bear,2023-08-11 23:15:00
91237,91237,91235,bull,2023-08-15 17:45:00
91245,91237,91245,bull,2023-08-15 19:45:00
91331,91331,91320,bull,2023-08-16 17:15:00
91418,91418,91408,bull,2023-08-17 15:00:00
91429,91418,91429,bull,2023-08-17 17:45:00
91776,91776,91773,bull,2023-08-21 08:30:00
91905,91900,91905,bull,2023-08-22 16:45:00
92079,92079,92069,bear,2023-08-24 12:15:00
92159,92156,92159,bull,2023-08-25 08:15:00
92160,92160,92159,bull,2023-08-25 08:30:00
92226,92226,92225,bear,2023-08-26 01:00:00
92486,92486,92484,bear,2023-08-28 18:00:00
92762,92762,92757,bull,2023-08-31 15:00:00
92799,92790,92799,bull,2023-09-01 00:15:00
92998,92998,92996,bear,2023-09-03 02:00:00
93043,93043,93038,bear,2023-09-03 13:15:00
93043,93043,93042,bear,2023-09-03 13:15:00
93076,93076,93075,bear,2023-09-03 21:30:00
93151,93151,93150,bull,2023-09-04 16:15:00
93742,93742,93736,bull,2023-09-10 20:00:00
93803,93803,93798,bull,2023-09-11 11:15:00
93808,93808,93798,bull,2023-09-11 12:30:00
94000,94000,93991,bear,2023-09-13 12:30:00
94019,94019,94017,bear,2023-09-13 17:15:00
94053,94053,94051,bear,2023-09-14 01:45:00
94123,94123,94122,bear,2023-09-14 19:15:00
94343,94341,94343,bull,2023-09-17 02:15:00
94464,94458,94464,bear,2023-09-18 08:30:00
95445,95437,95445,bear,2023-09-28 13:45:00
95832,95832,95831,bear,2023-10-02 14:30:00
95933,95933,95930,bull,2023-10-03 15:45:00
95934,95933,95934,bull,2023-10-03 16:00:00
96068,96068,96060,bear,2023-10-05 01:30:00
96405,96405,96400,bull,2023-10-08 13:45:00
96655,96655,96654,bull,2023-10-11 04:15:00
96885,96885,96883,bear,2023-10-13 13:45:00
97491,97491,97490,bear,2023-10-19 21:15:00
97665,97665,97659,bear,2023-10-21 16:45:00
97760,97760,97760,bull,2023-10-22 16:30:00
97803,97792,97803,bear,2023-10-23 03:15:00
97875,97875,97874,bear,2023-10-23 21:15:00
98350,98350,98349,bear,2023-10-28 20:00:00
98527,98520,98527,bear,2023-10-30 16:15:00
98753,98753,98753,bear,2023-11-02 00:45:00
98870,98870,98868,bull,2023-11-03 06:00:00
98879,98879,98868,bull,2023-11-03 08:15:00
98896,98890,98896,bull,2023-11-03 12:30:00
99316,99316,99310,bear,2023-11-07 21:30:00
99385,99385,99384,bear,2023-11-08 14:45:00
99423,99423,99412,bear,2023-11-09 00:15:00
99573,99573,99566,bear,2023-11-10 13:45:00
99786,99776,99786,bear,2023-11-12 19:00:00
99816,99816,99813,bear,2023-11-13 02:30:00
100066,100066,100063,bear,2023-11-15 17:00:00
100092,100092,100091,bear,2023-11-15 23:30:00
100095,100092,100095,bear,2023-11-16 00:15:00
100418,100418,100410,bear,2023-11-19 09:00:00
100480,100472,100480,bear,2023-11-20 00:30:00
100590,100586,100590,bear,2023-11-21 04:00:00
100672,100672,100663,bull,2023-11-22 00:30:00
100993,100993,100992,bear,2023-11-25 08:45:00
101166,101166,101162,bull,2023-11-27 04:00:00
101210,101203,101210,bull,2023-11-27 15:00:00
101505,101505,101499,bull,2023-11-30 16:45:00
101505,101505,101502,bull,2023-11-30 16:45:00
101771,101761,101771,bear,2023-12-03 11:15:00
102075,102075,102074,bear,2023-12-06 15:15:00
102249,102249,102247,bull,2023-12-08 10:45:00
102401,102401,102397,bull,2023-12-10 00:45:00
102404,102401,102404,bull,2023-12-10 01:30:00
102412,102401,102412,bull,2023-12-10 03:30:00
102485,102485,102484,bear,2023-12-10 21:45:00
102664,102664,102657,bull,2023-12-12 18:30:00
102745,102745,102743,bear,2023-12-13 14:45:00
102818,102818,102807,bear,2023-12-14 09:00:00
102818,102818,102816,bear,2023-12-14 09:00:00
103044,103044,103042,bear,2023-12-16 17:30:00
103133,103133,103127,bull,2023-12-17 15:45:00
103219,103211,103219,bull,2023-12-18 13:15:00
103762,103762,103760,bear,2023-12-24 05:00:00
104132,104122,104132,bear,2023-12-28 01:30:00
104284,104284,104283,bear,2023-12-29 15:30:00
104456,104456,104456,bear,2023-12-31 10:30:00
104466,104456,104466,bear,2023-12-31 13:00:00
104568,104563,104568,bear,2024-01-01 14:30:00
104578,104578,104568,bear,2024-01-01 17:00:00
104612,104612,104608,bear,2024-01-02 01:30:00
104878,104878,104877,bear,2024-01-04 20:00:00
104988,104985,104988,bear,2024-01-05 23:30:00
105331,105320,105331,bull,2024-01-09 13:15:00
105370,105370,105369,bull,2024-01-09 23:00:00
105770,105770,105763,bull,2024-01-14 03:00:00
105770,105770,105769,bull,2024-01-14 03:00:00
105991,105991,105983,bear,2024-01-16 10:15:00
106015,106005,106015,bear,2024-01-16 16:15:00
106021,106021,106015,bear,2024-01-16 17:45:00
106116,106116,106105,bull,2024-01-17 17:30:00
106499,106499,106498,bull,2024-01-21 17:15:00
106577,106571,106577,bull,2024-01-22 12:45:00
106591,106591,106588,bull,2024-01-22 16:15:00
106624,106624,106618,bull,2024-01-23 00:30:00
106683,106683,106680,bull,2024-01-23 15:15:00
107260,107260,107253,bull,2024-01-29 15:30:00
107288,107288,107286,bear,2024-01-29 22:30:00
107297,107297,107286,bear,2024-01-30 00:45:00
107345,107345,107341,bear,2024-01-30 12:45:00
107479,107479,107477,bull,2024-01-31 22:15:00
107487,107479,107487,bull,2024-02-01 00:15:00
107589,107589,107587,bear,2024-02-02 01:45:00
107870,107870,107869,bull,2024-02-05 00:00:00
107877,107877,107869,bull,2024-02-05 01:45:00
108205,108205,108195,bear,2024-02-08 11:45:00
108330,108330,108329,bear,2024-02-09 19:00:00
108798,108795,108798,bear,2024-02-14 16:00:00
108848,108848,108848,bear,2024-02-15 04:30:00
108882,108878,108882,bear,2024-02-15 13:00:00
108892,108892,108882,bear,2024-02-15 15:30:00
108892,108892,108891,bear,2024-02-15 15:30:00
108913,108910,108913,bull,2024-02-15 20:45:00
108983,108975,108983,bear,2024-02-16 14:15:00
108983,108981,108983,bear,2024-02-16 14:15:00
109285,109285,109279,bull,2024-02-19 17:45:00
109285,109285,109284,bull,2024-02-19 17:45:00
109588,109588,109587,bear,2024-02-22 21:30:00
109615,109615,109613,bull,2024-02-23 04:15:00
109637,109637,109636,bull,2024-02-23 09:45:00
109803,109803,109801,bear,2024-02-25 03:15:00
109814,109803,109814,bear,2024-02-25 06:00:00
109883,109883,109873,bear,2024-02-25 23:15:00
110025,110025,110023,bear,2024-02-27 10:45:00
110034,110025,110034,bear,2024-02-27 13:00:00
110136,110136,110126,bear,2024-02-28 14:30:00
110357,110357,110355,bear,2024-03-01 21:45:00
110427,110427,110425,bull,2024-03-02 15:15:00
110434,110427,110434,bull,2024-03-02 17:00:00
110460,110460,110454,bull,2024-03-02 23:30:00
110539,110534,110539,bear,2024-03-03 19:15:00
110547,110547,110539,bear,2024-03-03 21:15:00
110619,110615,110619,bear,2024-03-04 15:15:00
110624,110615,110624,bear,2024-03-04 16:30:00
110631,110631,110624,bear,2024-03-04 18:15:00
110648,110643,110648,bear,2024-03-04 22:30:00
110657,110657,110648,bear,2024-03-05 00:45:00
110657,110657,110656,bear,2024-03-05 00:45:00
110663,110663,110656,bear,2024-03-05 02:15:00
110695,110689,110695,bull,2024-03-05 10:15:00
111512,111512,111504,bear,2024-03-13 22:30:00
111654,111654,111652,bull,2024-03-15 10:00:00
112118,112118,112115,bull,2024-03-20 06:00:00
112346,112346,112335,bull,2024-03-22 15:00:00
112655,112645,112655,bear,2024-03-25 20:15:00
112657,112657,112655,bear,2024-03-25 20:45:00
113078,113078,113076,bear,2024-03-30 06:00:00
113232,113232,113229,bear,2024-03-31 20:30:00
113363,113357,113363,bull,2024-04-02 05:15:00
113384,113384,113376,bull,2024-04-02 10:30:00
113682,113682,113680,bull,2024-04-05 13:00:00
114166,114166,114155,bull,2024-04-10 14:00:00
114243,114239,114243,bear,2024-04-11 09:15:00
114913,114913,114903,bull,2024-04-18 08:45:00
115292,115289,115292,bear,2024-04-22 07:30:00
115399,115394,115399,bull,2024-04-23 10:15:00
115477,115477,115475,bear,2024-04-24 05:45:00
116080,116080,116071,bull,2024-04-30 12:30:00
116102,116100,116102,bull,2024-04-30 18:00:00
116108,116100,116108,bull,2024-04-30 19:30:00
116111,116100,116111,bull,2024-04-30 20:15:00
116207,116197,116207,bull,2024-05-01 20:15:00
116535,116527,116535,bull,2024-05-05 06:15:00
116560,116560,116559,bear,2024-05-05 12:30:00
116832,116832,116829,bull,2024-05-08 08:30:00
116941,116941,116939,bull,2024-05-09 11:45:00
117023,117023,117023,bear,2024-05-10 08:15:00
117030,117023,117030,bear,2024-05-10 10:00:00
117042,117042,117042,bear,2024-05-10 13:00:00
117347,117347,117337,bear,2024-05-13 17:15:00
117411,117406,117411,bull,2024-05-14 09:15:00
117411,117411,117411,bull,2024-05-14 09:15:00
117543,117534,117543,bear,2024-05-15 18:15:00
117618,117618,117615,bear,2024-05-16 13:00:00
118134,118128,118134,bull,2024-05-21 22:00:00
118200,118200,118191,bull,2024-05-22 14:30:00
118364,118364,118363,bull,2024-05-24 07:30:00
118370,118370,118363,bull,2024-05-24 09:00:00
118472,118472,118461,bear,2024-05-25 10:30:00
119074,119074,119068,bull,2024-05-31 17:00:00
119341,119331,119341,bear,2024-06-03 11:45:00
119458,119458,119458,bear,2024-06-04 17:00:00
119508,119508,119498,bear,2024-06-05 05:30:00
119508,119508,119507,bear,2024-06-05 05:30:00
120111,120105,120111,bull,2024-06-11 12:15:00
120231,120231,120231,bear,2024-06-12 18:15:00
120637,120637,120635,bear,2024-06-16 23:45:00
120651,120651,120649,bull,2024-06-17 03:15:00
120796,120792,120796,bull,2024-06-18 15:30:00
120896,120896,120891,bull,2024-06-19 16:30:00
120923,120915,120923,bull,2024-06-19 23:15:00
121086,121079,121086,bull,2024-06-21 16:00:00
121341,121330,121341,bull,2024-06-24 07:45:00
121363,121357,121363,bull,2024-06-24 13:15:00
121394,121394,121392,bull,2024-06-24 21:00:00
121472,121472,121465,bear,2024-06-25 16:30:00
121516,121515,121516,bear,2024-06-26 03:30:00
121575,121575,121565,bull,2024-06-26 18:15:00
121579,121575,121579,bull,2024-06-26 19:15:00
121846,121841,121846,bear,2024-06-29 14:00:00
121848,121848,121846,bear,2024-06-29 14:30:00
121952,121945,121952,bear,2024-06-30 16:30:00
121982,121981,121982,bear,2024-07-01 00:00:00
122259,122258,122259,bull,2024-07-03 21:15:00
122283,122282,122283,bull,2024-07-04 03:15:00
122370,122370,122370,bull,2024-07-05 01:00:00
122572,122572,122570,bear,2024-07-07 03:30:00
122764,122758,122764,bear,2024-07-09 03:30:00
122771,122771,122764,bear,2024-07-09 05:15:00
122789,122789,122786,bear,2024-07-09 09:45:00
122828,122828,122826,bear,2024-07-09 19:30:00
122836,122836,122826,bear,2024-07-09 21:30:00
122843,122836,122843,bear,2024-07-09 23:15:00
122848,122848,122843,bear,2024-07-10 00:30:00
123116,123116,123106,bear,2024-07-12 19:30:00
123168,123168,123160,bear,2024-07-13 08:30:00
123363,123363,123354,bear,2024-07-15 09:15:00
123406,123406,123396,bear,2024-07-15 20:00:00
123411,123406,123411,bear,2024-07-15 21:15:00
123679,123679,123674,bull,2024-07-18 16:15:00
124003,124003,124002,bear,2024-07-22 01:15:00
124126,124120,124126,bull,2024-07-23 08:00:00
124252,124252,124246,bear,2024-07-24 15:30:00
124297,124297,124287,bull,2024-07-25 02:45:00
124302,124297,124302,bull,2024-07-25 04:00:00
124441,124441,124440,bear,2024-07-26 14:45:00
124469,124465,124469,bear,2024-07-26 21:45:00
124473,124473,124469,bear,2024-07-26 22:45:00
124771,124771,124764,bull,2024-07-30 01:15:00
125143,125143,125135,bull,2024-08-02 22:15:00
125143,125143,125138,bull,2024-08-02 22:15:00
125149,125149,125138,bull,2024-08-02 23:45:00
125229,125219,125229,bull,2024-08-03 19:45:00
125230,125230,125229,bull,2024-08-03 20:00:00
125236,125230,125236,bull,2024-08-03 21:30:00
125371,125371,125370,bull,2024-08-05 07:15:00
125397,125397,125393,bull,2024-08-05 13:45:00
125685,125685,125685,bear,2024-08-08 13:45:00
125909,125899,125909,bear,2024-08-10 21:45:00
125928,125928,125920,bear,2024-08-11 02:30:00
126045,126045,126042,bull,2024-08-12 07:45:00
126045,126045,126045,bull,2024-08-12 07:45:00
126077,126077,126068,bear,2024-08-12 15:45:00
126333,126323,126333,bull,2024-08-15 07:45:00
126527,126518,126527,bear,2024-08-17 08:15:00
126807,126807,126800,bear,2024-08-20 06:15:00
127162,127162,127158,bear,2024-08-23 23:00:00
127162,127162,127162,bear,2024-08-23 23:00:00
127392,127392,127385,bull,2024-08-26 08:30:00
127447,127447,127446,bull,2024-08-26 22:15:00
127450,127447,127450,bull,2024-08-26 23:00:00
127457,127457,127446,bull,2024-08-27 00:45:00
127457,127457,127450,bull,2024-08-27 00:45:00
127618,127618,127612,bull,2024-08-28 17:00:00
127690,127690,127686,bear,2024-08-29 11:00:00
128138,128138,128136,bear,2024-09-03 03:00:00
128249,128249,128248,bull,2024-09-04 06:45:00
128251,128249,128251,bull,2024-09-04 07:15:00
128347,128347,128340,bull,2024-09-05 07:15:00
128410,128410,128409,bull,2024-09-05 23:00:00
128494,128492,128494,bull,2024-09-06 20:00:00
128499,128492,128499,bull,2024-09-06 21:15:00
128705,128705,128697,bear,2024-09-09 00:45:00
128755,128747,128755,bear,2024-09-09 13:15:00
128761,128761,128755,bear,2024-09-09 14:45:00
128914,128910,128914,bull,2024-09-11 05:00:00
129007,129007,129006,bear,2024-09-12 04:15:00
129259,129259,129257,bull,2024-09-14 19:15:00
129380,129380,129378,bull,2024-09-16 01:30:00
129445,129445,129444,bull,2024-09-16 17:45:00
129732,129722,129732,bear,2024-09-19 17:30:00
129953,129953,129951,bear,2024-09-22 00:45:00
130237,130237,130233,bear,2024-09-24 23:45:00
130295,130295,130294,bull,2024-09-25 14:15:00
130336,130336,130334,bull,2024-09-26 00:30:00
130342,130336,130342,bull,2024-09-26 02:00:00
130452,130452,130450,bear,2024-09-27 05:30:00
130456,130452,130456,bear,2024-09-27 06:30:00
130651,130651,130651,bull,2024-09-29 07:15:00
130817,130817,130814,bull,2024-10-01 00:45:00
130966,130966,130963,bull,2024-10-02 14:00:00
131138,131130,131138,bear,2024-10-04 09:00:00
131158,131158,131155,bear,2024-10-04 14:00:00
131276,131276,131269,bull,2024-10-05 19:30:00
131452,131452,131449,bear,2024-10-07 15:30:00
131476,131476,131473,bull,2024-10-07 21:30:00
131565,131565,131565,bull,2024-10-08 19:45:00
132109,132098,132109,bear,2024-10-14 11:45:00
132382,132382,132380,bull,2024-10-17 08:00:00
132477,132475,132477,bear,2024-10-18 07:45:00
132524,132516,132524,bear,2024-10-18 19:30:00
132524,132524,132524,bear,2024-10-18 19:30:00
132836,132835,132836,bull,2024-10-22 01:30:00
132871,132871,132867,bull,2024-10-22 10:15:00
132872,132871,132872,bull,2024-10-22 10:30:00
133046,133046,133044,bear,2024-10-24 06:00:00
133202,133193,133202,bull,2024-10-25 21:00:00
133216,133215,133216,bull,2024-10-26 00:30:00
133382,133382,133382,bear,2024-10-27 18:00:00
133498,133498,133495,bear,2024-10-28 23:00:00
133503,133498,133503,bear,2024-10-29 00:15:00
133822,133822,133817,bull,2024-11-01 08:00:00
133920,133920,133919,bear,2024-11-02 08:30:00
133950,133948,133950,bull,2024-11-02 16:00:00
134044,134044,134039,bull,2024-11-03 15:30:00
134045,134044,134045,bull,2024-11-03 15:45:00
134142,134142,134139,bull,2024-11-04 16:00:00
134298,134298,134297,bear,2024-11-06 07:00:00
134496,134496,134495,bear,2024-11-08 08:30:00
134529,134529,134527,bear,2024-11-08 16:45:00
134762,134762,134758,bear,2024-11-11 03:00:00
134768,134762,134768,bear,2024-11-11 04:30:00
134769,134769,134758,bear,2024-11-11 04:45:00
134769,134769,134768,bear,2024-11-11 04:45:00
134845,134834,134845,bear,2024-11-11 23:45:00
134845,134839,134845,bear,2024-11-11 23:45:00
134847,134847,134845,bear,2024-11-12 00:15:00
134854,134854,134845,bear,2024-11-12 02:00:00
135289,135289,135288,bull,2024-11-16 14:45:00
135490,135490,135487,bear,2024-11-18 17:00:00
135718,135718,135716,bear,2024-11-21 02:00:00
135727,135718,135727,bear,2024-11-21 04:15:00
135790,135790,135783,bear,2024-11-21 20:00:00
135790,135790,135789,bear,2024-11-21 20:00:00
135887,135887,135885,bear,2024-11-22 20:15:00
135995,135985,135995,bull,2024-11-23 23:15:00
136227,136227,136225,bull,2024-11-26 09:15:00
136456,136456,136451,bull,2024-11-28 18:30:00
136466,136456,136466,bull,2024-11-28 21:00:00
136621,136621,136614,bull,2024-11-30 11:45:00
136677,136677,136671,bull,2024-12-01 01:45:00
136677,136677,136676,bull,2024-12-01 01:45:00
136739,136739,136731,bear,2024-12-01 17:15:00
136775,136765,136775,bear,2024-12-02 02:15:00
136794,136794,136786,bull,2024-12-02 07:00:00
137116,137116,137108,bear,2024-12-05 15:30:00
137116,137116,137116,bear,2024-12-05 15:30:00
137400,137400,137399,bear,2024-12-08 14:30:00
137553,137551,137553,bull,2024-12-10 04:45:00
137715,137715,137710,bear,2024-12-11 21:15:00
137907,137898,137907,bear,2024-12-13 21:15:00
138084,138084,138081,bear,2024-12-15 17:30:00
138086,138084,138086,bear,2024-12-15 18:00:00
138087,138087,138081,bear,2024-12-15 18:15:00
138087,138087,138086,bear,2024-12-15 18:15:00
138187,138186,138187,bear,2024-12-16 19:15:00
138388,138388,138386,bull,2024-12-18 21:30:00
138483,138482,138483,bull,2024-12-19 21:15:00
138523,138523,138517,bull,2024-12-20 07:15:00
138544,138544,138536,bull,2024-12-20 12:30:00
138546,138544,138546,bull,2024-12-20 13:00:00
138710,138710,138699,bull,2024-12-22 06:00:00
138710,138710,138710,bull,2024-12-22 06:00:00
138770,138770,138760,bull,2024-12-22 21:00:00
138770,138770,138769,bull,2024-12-22 21:00:00
138860,138860,138850,bull,2024-12-23 19:30:00
139186,139186,139176,bear,2024-12-27 05:00:00
139195,139186,139195,bear,2024-12-27 07:15:00
139196,139196,139195,bear,2024-12-27 07:30:00
139506,139506,139505,bear,2024-12-30 13:00:00
139518,139518,139517,bull,2024-12-30 16:00:00
139762,139757,139762,bear,2025-01-02 05:00:00
139765,139765,139762,bear,2025-01-02 05:45:00
139805,139805,139797,bear,2025-01-02 15:45:00
139812,139805,139812,bear,2025-01-02 17:30:00
139826,139826,139821,bear,2025-01-02 21:00:00
140350,140350,140350,bull,2025-01-08 08:00:00
140458,140450,140458,bull,2025-01-09 11:00:00
140593,140593,140584,bear,2025-01-10 20:45:00
140858,140858,140858,bull,2025-01-13 15:00:00
141000,141000,140993,bear,2025-01-15 02:30:00
141171,141171,141171,bear,2025-01-16 21:15:00
141260,141250,141260,bear,2025-01-17 19:30:00
141264,141264,141260,bear,2025-01-17 20:30:00
141400,141393,141400,bear,2025-01-19 06:30:00
141722,141722,141719,bull,2025-01-22 15:00:00
141723,141722,141723,bull,2025-01-22 15:15:00
141764,141764,141762,bull,2025-01-23 01:30:00
141963,141956,141963,bull,2025-01-25 03:15:00
141993,141988,141993,bull,2025-01-25 10:45:00
142025,142016,142025,bear,2025-01-25 18:45:00
142034,142034,142025,bear,2025-01-25 21:00:00
142270,142270,142260,bear,2025-01-28 08:00:00
142280,142270,142280,bear,2025-01-28 10:30:00
142667,142664,142667,bull,2025-02-01 11:15:00
142716,142707,142716,bull,2025-02-01 23:30:00
142793,142793,142787,bull,2025-02-02 18:45:00
142808,142808,142806,bull,2025-02-02 22:30:00
142905,142905,142905,bear,2025-02-03 22:45:00
143001,143001,143000,bull,2025-02-04 22:45:00
143150,143147,143150,bear,2025-02-06 12:00:00
143391,143391,143391,bear,2025-02-09 00:15:00
143401,143401,143391,bear,2025-02-09 02:45:00
143427,143427,143425,bear,2025-02-09 09:15:00
143752,143752,143742,bear,2025-02-12 18:30:00
144230,144230,144229,bull,2025-02-17 18:00:00
144235,144230,144235,bull,2025-02-17 19:15:00
144237,144237,144229,bull,2025-02-17 19:45:00
144237,144237,144235,bull,2025-02-17 19:45:00
144266,144266,144266,bear,2025-02-18 03:00:00
144288,144283,144288,bull,2025-02-18 08:30:00
144292,144292,144288,bull,2025-02-18 09:30:00
144423,144423,144422,bear,2025-02-19 18:15:00
144458,144454,144458,bear,2025-02-20 03:00:00
144467,144467,144458,bear,2025-02-20 05:15:00
144591,144591,144581,bear,2025-02-21 12:15:00
144801,144801,144795,bull,2025-02-23 16:45:00
144805,144801,144805,bull,2025-02-23 17:45:00
144805,144805,144795,bull,2025-02-23 17:45:00
144805,144805,144805,bull,2025-02-23 17:45:00
144852,144851,144852,bull,2025-02-24 05:30:00
144916,144912,144916,bull,2025-02-24 21:30:00
145174,145165,145174,bear,2025-02-27 14:00:00
145243,145239,145243,bull,2025-02-28 07:15:00
145243,145243,145243,bull,2025-02-28 07:15:00
145666,145666,145661,bull,2025-03-04 17:00:00
145791,145781,145791,bear,2025-03-06 00:15:00
145944,145944,145937,bear,2025-03-07 14:30:00
145944,145944,145942,bear,2025-03-07 14:30:00
146147,146138,146147,bull,2025-03-09 17:15:00
146150,146150,146147,bull,2025-03-09 18:00:00
146349,146349,146347,bear,2025-03-11 19:45:00
146624,146624,146621,bear,2025-03-14 16:30:00
146728,146728,146725,bear,2025-03-15 18:30:00
146914,146914,146913,bear,2025-03-17 17:00:00
146922,146914,146922,bear,2025-03-17 19:00:00
147087,147077,147087,bear,2025-03-19 12:15:00
147122,147122,147117,bear,2025-03-19 21:00:00
147286,147286,147283,bull,2025-03-21 14:00:00
147540,147540,147536,bear,2025-03-24 05:30:00
147544,147540,147544,bear,2025-03-24 06:30:00
147579,147579,147578,bear,2025-03-24 15:15:00
147585,147585,147578,bear,2025-03-24 16:45:00
147790,147790,147790,bull,2025-03-26 20:00:00
148028,148028,148026,bull,2025-03-29 07:30:00
148310,148310,148306,bear,2025-04-01 06:00:00
148316,148310,148316,bear,2025-04-01 07:30:00
148354,148354,148348,bear,2025-04-01 17:00:00
148541,148541,148536,bull,2025-04-03 15:45:00
148664,148664,148663,bear,2025-04-04 22:30:00
148814,148814,148804,bull,2025-04-06 12:00:00
148818,148814,148818,bull,2025-04-06 13:00:00
148862,148862,148859,bull,2025-04-07 00:00:00
148884,148884,148880,bull,2025-04-07 05:30:00
148970,148970,148970,bear,2025-04-08 03:00:00
149143,149142,149143,bear,2025-04-09 22:15:00
149321,149321,149320,bear,2025-04-11 18:45:00
149427,149421,149427,bear,2025-04-12 21:15:00
149428,149428,149427,bear,2025-04-12 21:30:00
149596,149596,149594,bear,2025-04-14 15:30:00
149965,149965,149965,bull,2025-04-18 11:45:00
150349,150344,150349,bear,2025-04-22 11:45:00
150377,150377,150376,bear,2025-04-22 18:45:00
150427,150427,150419,bear,2025-04-23 07:15:00
150427,150427,150426,bear,2025-04-23 07:15:00
150597,150597,150596,bear,2025-04-25 01:45:00
150633,150633,150632,bear,2025-04-25 10:45:00
150653,150653,150648,bear,2025-04-25 15:45:00
150653,150653,150653,bear,2025-04-25 15:45:00
150661,150661,150653,bear,2025-04-25 17:45:00
150981,150980,150981,bear,2025-04-29 01:45:00
151280,151280,151273,bear,2025-05-02 04:30:00
151280,151280,151276,bear,2025-05-02 04:30:00
151316,151316,151315,bear,2025-05-02 13:30:00
151558,151552,151558,bull,2025-05-05 02:00:00
151560,151560,151558,bull,2025-05-05 02:30:00
151615,151615,151615,bull,2025-05-05 16:15:00
151823,151823,151816,bull,2025-05-07 20:15:00
151967,151967,151959,bear,2025-05-09 08:15:00
152398,152387,152398,bear,2025-05-13 20:00:00
152398,152394,152398,bear,2025-05-13 20:00:00
152535,152529,152535,bull,2025-05-15 06:15:00
152760,152760,152760,bull,2025-05-17 14:30:00
152770,152760,152770,bull,2025-05-17 17:00:00
152846,152846,152836,bear,2025-05-18 12:00:00
152846,152846,152845,bear,2025-05-18 12:00:00
152897,152897,152890,bear,2025-05-19 00:45:00
153088,153088,153085,bear,2025-05-21 00:30:00
153254,153250,153254,bear,2025-05-22 18:00:00
153255,153255,153254,bear,2025-05-22 18:15:00
153633,153633,153630,bear,2025-05-26 16:45:00
153706,153705,153706,bear,2025-05-27 11:00:00
153821,153821,153818,bull,2025-05-28 15:45:00
154047,154047,154046,bull,2025-05-31 00:15:00
154601,154601,154600,bull,2025-06-05 18:45:00
154747,154744,154747,bear,2025-06-07 07:15:00
154784,154775,154784,bear,2025-06-07 16:30:00
154803,154803,154797,bear,2025-06-07 21:15:00
154803,154803,154801,bear,2025-06-07 21:15:00
154811,154803,154811,bear,2025-06-07 23:15:00
154811,154811,154801,bear,2025-06-07 23:15:00
154811,154811,154811,bear,2025-06-07 23:15:00
154936,154936,154936,bull,2025-06-09 06:30:00
155070,155068,155070,bull,2025-06-10 16:00:00
155079,155068,155079,bull,2025-06-10 18:15:00
155196,155196,155193,bull,2025-06-11 23:30:00
155248,155248,155241,bull,2025-06-12 12:30:00
155287,155285,155287,bull,2025-06-12 22:15:00
155292,155285,155292,bull,2025-06-12 23:30:00
155653,155646,155653,bear,2025-06-16 17:45:00
155941,155941,155941,bull,2025-06-19 17:45:00
156039,156039,156031,bull,2025-06-20 18:15:00
156152,156152,156145,bull,2025-06-21 22:30:00
156220,156220,156215,bull,2025-06-22 15:30:00
156314,156314,156307,bear,2025-06-23 15:00:00
156314,156314,156312,bear,2025-06-23 15:00:00
156341,156341,156332,bear,2025-06-23 21:45:00
156341,156341,156338,bear,2025-06-23 21:45:00
156600,156600,156596,bull,2025-06-26 14:30:00
156606,156600,156606,bull,2025-06-26 16:00:00
156645,156645,156643,bull,2025-06-27 01:45:00
156931,156931,156930,bear,2025-06-30 01:15:00
156969,156969,156963,bull,2025-06-30 10:45:00
157125,157125,157117,bull,2025-07-02 01:45:00
157125,157125,157124,bull,2025-07-02 01:45:00
157232,157228,157232,bull,2025-07-03 04:30:00
157391,157391,157389,bull,2025-07-04 20:15:00
157547,157545,157547,bull,2025-07-06 11:15:00
157615,157615,157609,bear,2025-07-07 04:15:00
157797,157797,157796,bear,2025-07-09 01:45:00
157923,157923,157922,bear,2025-07-10 09:15:00
158024,158024,158022,bear,2025-07-11 10:30:00
158255,158255,158253,bear,2025-07-13 20:15:00
158535,158535,158525,bear,2025-07-16 18:15:00
158538,158535,158538,bear,2025-07-16 19:00:00
158649,158648,158649,bear,2025-07-17 22:45:00
158812,158812,158812,bull,2025-07-19 15:30:00
159060,159060,159054,bull,2025-07-22 05:30:00
159246,159246,159239,bear,2025-07-24 04:00:00
159246,159246,159246,bear,2025-07-24 04:00:00
159480,159480,159480,bear,2025-07-26 14:30:00
159844,159838,159844,bear,2025-07-30 09:30:00
159851,159851,159844,bear,2025-07-30 11:15:00
159995,159995,159987,bull,2025-07-31 23:15:00
160270,160270,160260,bear,2025-08-03 20:00:00
160517,160511,160517,bear,2025-08-06 09:45:00
160528,160528,160517,bear,2025-08-06 12:30:00
160668,160668,160667,bear,2025-08-07 23:30:00
160987,160987,160987,bear,2025-08-11 07:15:00
161225,161225,161224,bear,2025-08-13 18:45:00
161249,161244,161249,bear,2025-08-14 00:45:00
161406,161406,161406,bull,2025-08-15 16:00:00
161575,161575,161575,bear,2025-08-17 10:15:00
161660,161660,161651,bull,2025-08-18 07:30:00
161660,161660,161654,bull,2025-08-18 07:30:00
161669,161660,161669,bull,2025-08-18 09:45:00
161745,161745,161745,bull,2025-08-19 04:45:00
161808,161797,161808,bull,2025-08-19 20:30:00
161808,161804,161808,bull,2025-08-19 20:30:00
161946,161946,161935,bull,2025-08-21 07:00:00
161990,161990,161983,bull,2025-08-21 18:00:00
161998,161990,161998,bull,2025-08-21 20:00:00
162000,162000,161998,bull,2025-08-21 20:30:00
162078,162078,162074,bear,2025-08-22 16:00:00
162080,162078,162080,bear,2025-08-22 16:30:00
162089,162089,162080,bear,2025-08-22 18:45:00
162097,162089,162097,bear,2025-08-22 20:45:00
162288,162277,162288,bull,2025-08-24 20:30:00
162345,162337,162345,bull,2025-08-25 10:45:00
162350,162350,162345,bull,2025-08-25 12:00:00
162350,162350,162350,bull,2025-08-25 12:00:00
162359,162350,162359,bull,2025-08-25 14:15:00
162467,162461,162467,bear,2025-08-26 17:15:00
162700,162700,162695,bull,2025-08-29 03:30:00
162756,162750,162756,bull,2025-08-29 17:30:00
162764,162764,162756,bull,2025-08-29 19:30:00
162934,162934,162932,bull,2025-08-31 14:00:00
162978,162978,162977,bull,2025-09-01 01:00:00
162996,162989,162996,bull,2025-09-01 05:30:00
162996,162996,162996,bull,2025-09-01 05:30:00
163087,163087,163084,bear,2025-09-02 04:15:00
163230,163230,163222,bear,2025-09-03 16:00:00
163236,163230,163236,bear,2025-09-03 17:30:00
163240,163240,163236,bear,2025-09-03 18:30:00
163414,163414,163412,bear,2025-09-05 14:00:00
163616,163616,163613,bear,2025-09-07 16:30:00
163647,163647,163636,bear,2025-09-08 00:15:00
163702,163702,163700,bear,2025-09-08 14:00:00
163943,163943,163936,bear,2025-09-11 02:15:00
163964,163964,163959,bear,2025-09-11 07:30:00
163994,163986,163994,bear,2025-09-11 15:00:00
164226,164226,164225,bear,2025-09-14 01:00:00
164233,164226,164233,bear,2025-09-14 02:45:00
164234,164234,164225,bear,2025-09-14 03:00:00
164234,164234,164233,bear,2025-09-14 03:00:00
164376,164376,164371,bull,2025-09-15 14:30:00
164487,164487,164487,bear,2025-09-16 18:15:00
164495,164487,164495,bear,2025-09-16 20:15:00
164499,164499,164495,bear,2025-09-16 21:15:00
164505,164499,164505,bear,2025-09-16 22:45:00
164579,164579,164578,bull,2025-09-17 17:15:00
164588,164588,164578,bull,2025-09-17 19:30:00
164755,164751,164755,bull,2025-09-19 13:15:00
164757,164757,164755,bull,2025-09-19 13:45:00
164984,164982,164984,bull,2025-09-21 22:30:00
164988,164982,164988,bull,2025-09-21 23:30:00
165201,165201,165200,bull,2025-09-24 04:45:00
165332,165332,165332,bull,2025-09-25 13:30:00
165366,165363,165366,bull,2025-09-25 22:00:00
165571,165571,165569,bear,2025-09-28 01:15:00
165621,165615,165621,bull,2025-09-28 13:45:00
165715,165715,165713,bear,2025-09-29 13:15:00
165726,165715,165726,bear,2025-09-29 16:00:00
165760,165760,165760,bear,2025-09-30 00:30:00
165766,165766,165760,bear,2025-09-30 02:00:00
165879,165879,165877,bear,2025-10-01 06:15:00
165905,165905,165905,bear,2025-10-01 12:45:00
166018,166018,166007,bear,2025-10-02 17:00:00
166018,166018,166017,bear,2025-10-02 17:00:00
166399,166399,166399,bear,2025-10-06 16:15:00
166497,166497,166489,bull,2025-10-07 16:45:00
166507,166497,166507,bull,2025-10-07 19:15:00
166507,166507,166507,bull,2025-10-07 19:15:00
166691,166688,166691,bull,2025-10-09 17:15:00
166849,166849,166846,bull,2025-10-11 08:45:00
167264,167264,167263,bull,2025-10-15 16:30:00
167709,167699,167709,bear,2025-10-20 07:45:00
167989,167989,167986,bear,2025-10-23 05:45:00
168041,168041,168039,bear,2025-10-23 18:45:00
168076,168076,168076,bear,2025-10-24 03:30:00
168091,168091,168091,bear,2025-10-24 07:15:00
168360,168360,168352,bear,2025-10-27 02:30:00
168464,168464,168459,bull,2025-10-28 04:30:00
168626,168620,168626,bull,2025-10-29 21:00:00
168626,168624,168626,bull,2025-10-29 21:00:00
168703,168703,168703,bull,2025-10-30 16:15:00
168720,168720,168719,bull,2025-10-30 20:30:00
168789,168786,168789,bear,2025-10-31 13:45:00
168792,168786,168792,bear,2025-10-31 14:30:00
168798,168798,168789,bear,2025-10-31 16:00:00
168798,168798,168792,bear,2025-10-31 16:00:00
168978,168978,168976,bear,2025-11-02 13:00:00
169019,169019,169009,bull,2025-11-02 23:15:00
169067,169059,169067,bull,2025-11-03 11:15:00
169162,169158,169162,bull,2025-11-04 11:00:00
169206,169202,169206,bull,2025-11-04 22:00:00
169364,169364,169363,bull,2025-11-06 13:30:00
169375,169364,169375,bull,2025-11-06 16:15:00
169534,169534,169529,bull,2025-11-08 08:00:00
169827,169824,169827,bull,2025-11-11 09:15:00
169876,169876,169875,bull,2025-11-11 21:30:00
169880,169880,169875,bull,2025-11-11 22:30:00
169966,169966,169957,bull,2025-11-12 20:00:00
169976,169966,169976,bull,2025-11-12 22:30:00
170102,170102,170095,bull,2025-11-14 06:00:00
170280,170280,170274,bull,2025-11-16 02:30:00
170364,170361,170364,bull,2025-11-16 23:30:00
170434,170434,170425,bull,2025-11-17 17:00:00
170450,170442,170450,bull,2025-11-17 21:00:00
170486,170483,170486,bull,2025-11-18 06:00:00
170667,170663,170667,bear,2025-11-20 03:15:00
170678,170678,170667,bear,2025-11-20 06:00:00
170678,170678,170677,bear,2025-11-20 06:00:00
171026,171026,171018,bear,2025-11-23 21:00:00
171197,171197,171190,bull,2025-11-25 15:45:00
171200,171197,171200,bull,2025-11-25 16:30:00
171283,171283,171277,bull,2025-11-26 13:15:00
171368,171368,171366,bear,2025-11-27 10:30:00
171683,171672,171683,bear,2025-11-30 17:15:00
171684,171684,171683,bear,2025-11-30 17:30:00
171774,171764,171774,bull,2025-12-01 16:00:00
171777,171777,171774,bull,2025-12-01 16:45:00
171909,171901,171909,bear,2025-12-03 01:45:00
171916,171916,171909,bear,2025-12-03 03:30:00
172347,172347,172342,bull,2025-12-07 15:15:00
172347,172347,172347,bull,2025-12-07 15:15:00
172493,172493,172493,bull,2025-12-09 03:45:00
172627,172627,172619,bull,2025-12-10 13:15:00
172635,172627,172635,bull,2025-12-10 15:15:00
172636,172636,172635,bull,2025-12-10 15:30:00
173037,173030,173037,bull,2025-12-14 19:45:00
173040,173040,173037,bull,2025-12-14 20:30:00
173167,173167,173166,bull,2025-12-16 04:15:00
173281,173270,173281,bull,2025-12-17 08:45:00
173635,173635,173628,bear,2025-12-21 01:15:00
173862,173851,173862,bull,2025-12-23 10:00:00
174494,174485,174494,bull,2025-12-30 00:00:00
174494,174489,174494,bull,2025-12-30 00:00:00
174649,174649,174648,bear,2025-12-31 14:45:00
174759,174752,174759,bear,2026-01-01 18:15:00
174800,174800,174799,bear,2026-01-02 04:30:00
174854,174854,174846,bear,2026-01-02 18:00:00
175162,175154,175162,bear,2026-01-05 23:00:00
175229,175227,175229,bear,2026-01-06 15:45:00
175305,175305,175305,bull,2026-01-07 10:45:00
175377,175377,175374,bull,2026-01-08 04:45:00
175409,175401,175409,bull,2026-01-08 12:45:00
175419,175419,175409,bull,2026-01-08 15:15:00
175716,175716,175714,bear,2026-01-11 17:30:00
175878,175878,175867,bear,2026-01-13 10:00:00
176095,176095,176092,bull,2026-01-15 16:15:00
176574,176574,176565,bull,2026-01-20 16:00:00
176574,176574,176572,bull,2026-01-20 16:00:00
176583,176574,176583,bull,2026-01-20 18:15:00
177008,177008,177007,bull,2026-01-25 04:30:00
177016,177008,177016,bull,2026-01-25 06:30:00
177018,177018,177007,bull,2026-01-25 07:00:00
177018,177018,177016,bull,2026-01-25 07:00:00
177023,177023,177016,bull,2026-01-25 08:15:00
177060,177060,177050,bull,2026-01-25 17:30:00
177082,177082,177081,bull,2026-01-25 23:00:00
177283,177279,177283,bear,2026-01-28 01:15:00
177422,177418,177422,bull,2026-01-29 12:00:00
177458,177452,177458,bull,2026-01-29 21:00:00
177694,177694,177693,bull,2026-02-01 08:00:00
177751,177751,177748,bull,2026-02-01 22:15:00
177903,177903,177892,bull,2026-02-03 12:15:00
177903,177903,177898,bull,2026-02-03 12:15:00
177903,177903,177901,bull,2026-02-03 12:15:00
178069,178064,178069,bull,2026-02-05 05:45:00
178100,178100,178096,bull,2026-02-05 13:30:00
178101,178100,178101,bull,2026-02-05 13:45:00
178112,178112,178101,bull,2026-02-05 16:30:00
178112,178112,178112,bull,2026-02-05 16:30:00
178118,178112,178118,bull,2026-02-05 18:00:00
178258,178258,178255,bear,2026-02-07 05:00:00
178387,178384,178387,bear,2026-02-08 13:15:00
178391,178391,178387,bear,2026-02-08 14:15:00
178545,178544,178545,bull,2026-02-10 04:45:00
178580,178577,178580,bull,2026-02-10 13:30:00
178918,178918,178908,bear,2026-02-14 02:00:00
178918,178918,178917,bear,2026-02-14 02:00:00
178927,178918,178927,bear,2026-02-14 04:15:00
178948,178948,178948,bear,2026-02-14 09:30:00
179118,179118,179117,bull,2026-02-16 04:00:00
179157,179157,179156,bear,2026-02-16 13:45:00
179169,179169,179168,bull,2026-02-16 16:45:00
179204,179204,179199,bear,2026-02-17 01:30:00
179204,179204,179204,bear,2026-02-17 01:30:00
179210,179204,179210,bear,2026-02-17 03:00:00
179211,179211,179204,bear,2026-02-17 03:15:00
179211,179211,179210,bear,2026-02-17 03:15:00
179895,179895,179893,bull,2026-02-24 06:15:00
180219,180209,180219,bull,2026-02-27 15:15:00
180364,180364,180364,bear,2026-03-01 03:30:00
180564,180564,180563,bull,2026-03-03 05:30:00
180847,180838,180847,bull,2026-03-06 04:15:00
180856,180856,180847,bull,2026-03-06 06:30:00
180904,180904,180895,bull,2026-03-06 18:30:00
180913,180904,180913,bull,2026-03-06 20:45:00
180958,180958,180957,bull,2026-03-07 08:00:00
181229,181229,181227,bear,2026-03-10 03:45:00
181353,181353,181352,bull,2026-03-11 10:45:00
181541,181541,181535,bear,2026-03-13 09:45:00
181848,181848,181841,bear,2026-03-16 14:30:00
181854,181848,181854,bear,2026-03-16 16:00:00
182045,182045,182044,bull,2026-03-18 15:45:00
182066,182066,182060,bull,2026-03-18 21:00:00
182066,182066,182064,bull,2026-03-18 21:00:00
182072,182066,182072,bull,2026-03-18 22:30:00
182103,182103,182098,bull,2026-03-19 06:15:00
182246,182237,182246,bull,2026-03-20 18:00:00
182247,182247,182246,bull,2026-03-20 18:15:00
182258,182247,182258,bull,2026-03-20 21:00:00
182302,182302,182302,bear,2026-03-21 08:00:00
182403,182403,182396,bull,2026-03-22 09:15:00
182468,182468,182467,bull,2026-03-23 01:30:00
182603,182601,182603,bear,2026-03-24 11:15:00
182827,182819,182827,bull,2026-03-26 19:15:00
182886,182886,182882,bull,2026-03-27 10:00:00
183312,183302,183312,bear,2026-03-31 20:30:00
183316,183316,183312,bear,2026-03-31 21:30:00
183445,183443,183445,bull,2026-04-02 05:45:00
183673,183663,183673,bear,2026-04-04 14:45:00
183789,183789,183788,bear,2026-04-05 19:45:00
183823,183820,183823,bear,2026-04-06 04:15:00
183832,183832,183823,bear,2026-04-06 06:30:00
183832,183832,183832,bear,2026-04-06 06:30:00
183965,183965,183964,bull,2026-04-07 15:45:00
184037,184037,184036,bear,2026-04-08 09:45:00
184275,184265,184275,bear,2026-04-10 21:15:00
184275,184269,184275,bear,2026-04-10 21:15:00
184445,184439,184445,bull,2026-04-12 15:45:00
184613,184613,184604,bear,2026-04-14 09:45:00
185069,185069,185058,bull,2026-04-19 03:45:00
185071,185069,185071,bull,2026-04-19 04:15:00
185130,185130,185120,bull,2026-04-19 19:00:00
185144,185140,185144,bull,2026-04-19 22:30:00
185292,185292,185283,bear,2026-04-21 11:30:00
185338,185328,185338,bull,2026-04-21 23:00:00
185409,185408,185409,bear,2026-04-22 16:45:00
185711,185711,185703,bull,2026-04-25 20:15:00
185818,185818,185818,bear,2026-04-26 23:00:00
185877,185877,185870,bull,2026-04-27 13:45:00
186081,186081,186079,bull,2026-04-29 16:45:00
186157,186157,186156,bear,2026-04-30 11:45:00
186161,186157,186161,bear,2026-04-30 12:45:00
186166,186157,186166,bear,2026-04-30 14:00:00
186253,186244,186253,bear,2026-05-01 11:45:00
186316,186316,186308,bear,2026-05-02 03:30:00
186484,186484,186479,bear,2026-05-03 21:30:00
186509,186509,186505,bear,2026-05-04 03:45:00
186620,186615,186620,bear,2026-05-05 07:30:00
186827,186827,186822,bull,2026-05-07 11:15:00
187050,187050,187041,bear,2026-05-09 19:00:00
187055,187050,187055,bear,2026-05-09 20:15:00
187831,187831,187823,bear,2026-05-17 22:15:00
187867,187867,187866,bull,2026-05-18 07:15:00
187903,187903,187897,bull,2026-05-18 16:15:00
187903,187903,187901,bull,2026-05-18 16:15:00
188074,188074,188074,bear,2026-05-20 11:00:00
188116,188116,188116,bear,2026-05-20 21:30:00
188139,188139,188131,bear,2026-05-21 03:15:00
188182,188173,188182,bull,2026-05-21 14:00:00
188187,188187,188182,bull,2026-05-21 15:15:00
188285,188285,188278,bull,2026-05-22 15:45:00
188674,188674,188667,bull,2026-05-26 17:00:00
188861,188861,188855,bull,2026-05-28 15:45:00
189096,189096,189089,bear,2026-05-31 02:30:00
189096,189096,189096,bear,2026-05-31 02:30:00
189103,189103,189096,bear,2026-05-31 04:15:00
189106,189096,189106,bear,2026-05-31 05:00:00
189106,189103,189106,bear,2026-05-31 05:00:00
189108,189108,189106,bear,2026-05-31 05:30:00
189375,189375,189373,bull,2026-06-03 00:15:00
189392,189392,189390,bull,2026-06-03 04:30:00
189647,189645,189647,bull,2026-06-05 20:15:00
189855,189855,189850,bear,2026-06-08 00:15:00
189859,189855,189859,bear,2026-06-08 01:15:00
189907,189903,189907,bear,2026-06-08 13:15:00
189910,189910,189907,bear,2026-06-08 14:00:00
190066,190060,190066,bull,2026-06-10 05:00:00
190070,190070,190066,bull,2026-06-10 06:00:00
190096,190096,190085,bull,2026-06-10 12:30:00
190223,190223,190216,bear,2026-06-11 20:15:00
190223,190223,190222,bear,2026-06-11 20:15:00
190479,190479,190473,bear,2026-06-14 12:15:00
190808,190802,190808,bull,2026-06-17 22:30:00
190962,190951,190962,bull,2026-06-19 13:00:00
191030,191030,191028,bear,2026-06-20 06:00:00
191035,191035,191028,bear,2026-06-20 07:15:00
191039,191030,191039,bear,2026-06-20 08:15:00
191039,191035,191039,bear,2026-06-20 08:15:00
191057,191057,191054,bear,2026-06-20 12:45:00
191057,191057,191057,bear,2026-06-20 12:45:00
