signal_bar,leg1_osc,leg1_conf_bar,leg2_anchor_bar,direction,dt
422,wt,415,414,bull,2021-01-11 16:30:00
706,mfi,704,677,bear,2021-01-14 15:30:00
794,wt,794,788,bull,2021-01-15 13:30:00
884,wt,876,884,bear,2021-01-16 12:00:00
1049,mfi,1047,1047,bull,2021-01-18 05:15:00
1085,wt,1082,1073,bear,2021-01-18 14:15:00
1128,mfi,1121,1127,bear,2021-01-19 01:00:00
1287,mfi,1286,1239,bull,2021-01-20 16:45:00
1384,wt,1379,1381,bull,2021-01-21 17:00:00
1386,mfi,1385,1359,bull,2021-01-21 17:30:00
1493,mfi,1489,1493,bear,2021-01-22 20:15:00
1758,mfi,1758,1757,bear,2021-01-25 14:30:00
1835,wt,1829,1835,bull,2021-01-26 09:45:00
1853,mfi,1849,1815,bull,2021-01-26 14:15:00
2056,wt,2053,2051,bear,2021-01-28 17:00:00
2125,mfi,2123,2089,bear,2021-01-29 10:15:00
2308,wt,2306,2305,bull,2021-01-31 08:00:00
2571,wt,2571,2564,bear,2021-02-03 01:45:00
2695,mfi,2695,2666,bear,2021-02-04 08:45:00
2902,wt,2895,2900,bear,2021-02-06 12:30:00
2918,mfi,2917,2901,bear,2021-02-06 16:30:00
3092,mfi,3091,3078,bear,2021-02-08 12:00:00
3135,wt,3135,3134,bear,2021-02-08 22:45:00
3170,mfi,3162,3143,bear,2021-02-09 07:30:00
3920,mfi,3912,3912,bear,2021-02-17 03:00:00
3946,wt,3942,3946,bear,2021-02-17 09:30:00
3950,wt,3949,3946,bear,2021-02-17 10:30:00
4364,wt,4364,4360,bear,2021-02-21 18:00:00
4761,mfi,4755,4718,bull,2021-02-25 21:15:00
4989,wt,4983,4985,bull,2021-02-28 06:15:00
4992,mfi,4990,4983,bull,2021-02-28 07:00:00
5023,mfi,5017,4983,bull,2021-02-28 14:45:00
5061,mfi,5058,5060,bear,2021-03-01 00:15:00
5064,wt,5060,5058,bear,2021-03-01 01:00:00
5069,mfi,5065,5066,bear,2021-03-01 02:15:00
5107,wt,5107,5100,bear,2021-03-01 11:45:00
5523,mfi,5516,5501,bear,2021-03-05 20:30:00
5699,wt,5692,5683,bear,2021-03-07 16:30:00
5703,mfi,5703,5670,bear,2021-03-07 17:30:00
5842,mfi,5842,5836,bear,2021-03-09 04:15:00
5850,mfi,5850,5836,bear,2021-03-09 06:15:00
5885,mfi,5882,5851,bear,2021-03-09 15:00:00
5942,wt,5940,5902,bull,2021-03-10 05:15:00
5980,mfi,5977,5979,bear,2021-03-10 14:45:00
5982,mfi,5981,5979,bear,2021-03-10 15:15:00
6104,mfi,6096,6096,bear,2021-03-11 21:45:00
6106,wt,6105,6104,bear,2021-03-11 22:15:00
6650,wt,6644,6649,bull,2021-03-17 14:15:00
7019,mfi,7010,7000,bull,2021-03-21 10:30:00
7194,mfi,7188,7160,bull,2021-03-23 06:15:00
7319,wt,7319,7319,bear,2021-03-24 13:30:00
7425,wt,7416,7424,bull,2021-03-25 16:00:00
7489,wt,7482,7483,bear,2021-03-26 08:00:00
7558,wt,7557,7548,bear,2021-03-27 01:15:00
7858,wt,7853,7858,bull,2021-03-30 04:15:00
8319,wt,8317,8317,bull,2021-04-03 23:30:00
8397,wt,8396,8391,bear,2021-04-04 19:00:00
8658,wt,8649,8658,bull,2021-04-07 12:15:00
8766,mfi,8759,8733,bear,2021-04-08 15:15:00
8851,wt,8850,8829,bear,2021-04-09 12:30:00
9308,mfi,9307,9305,bear,2021-04-14 06:45:00
9497,mfi,9495,9496,bull,2021-04-16 06:00:00
9674,mfi,9666,9672,bull,2021-04-18 02:15:00
9674,mfi,9671,9672,bull,2021-04-18 02:15:00
9758,mfi,9754,9752,bear,2021-04-18 23:15:00
9776,wt,9770,9774,bear,2021-04-19 03:45:00
9776,wt,9774,9774,bear,2021-04-19 03:45:00
10063,mfi,10059,10048,bull,2021-04-22 03:30:00
10171,wt,10169,10167,bull,2021-04-23 06:30:00
10449,mfi,10445,10444,bear,2021-04-26 04:00:00
10449,wt,10444,10445,bear,2021-04-26 04:00:00
10455,mfi,10455,10444,bear,2021-04-26 05:30:00
10509,mfi,10509,10485,bear,2021-04-26 19:00:00
10562,mfi,10556,10560,bear,2021-04-27 08:15:00
10790,wt,10781,10783,bull,2021-04-29 17:15:00
10802,wt,10793,10795,bull,2021-04-29 20:15:00
10919,mfi,10913,10916,bear,2021-05-01 01:30:00
10919,mfi,10918,10916,bear,2021-05-01 01:30:00
11048,wt,11046,11045,bull,2021-05-02 09:45:00
11371,mfi,11371,11361,bear,2021-05-05 18:30:00
11623,wt,11622,11605,bear,2021-05-08 09:30:00
11666,mfi,11663,11622,bear,2021-05-08 20:15:00
11975,mfi,11972,11958,bear,2021-05-12 01:30:00
11978,wt,11976,11972,bear,2021-05-12 02:15:00
12300,wt,12292,12291,bull,2021-05-15 10:45:00
12335,wt,12329,12328,bull,2021-05-15 19:30:00
12337,mfi,12336,12292,bull,2021-05-15 20:00:00
12467,mfi,12461,12439,bull,2021-05-17 04:30:00
12470,wt,12468,12464,bull,2021-05-17 05:15:00
12633,wt,12624,12633,bull,2021-05-18 22:00:00
12661,wt,12652,12654,bull,2021-05-19 05:00:00
12662,mfi,12662,12652,bull,2021-05-19 05:15:00
12828,mfi,12820,12827,bear,2021-05-20 22:45:00
12828,mfi,12826,12827,bear,2021-05-20 22:45:00
12991,wt,12986,12984,bear,2021-05-22 15:30:00
13464,wt,13458,13460,bear,2021-05-27 13:45:00
13468,mfi,13467,13458,bear,2021-05-27 14:45:00
13552,wt,13545,13546,bull,2021-05-28 11:45:00
13553,mfi,13553,13545,bull,2021-05-28 12:00:00
13593,mfi,13593,13545,bull,2021-05-28 22:00:00
13656,mfi,13655,13642,bull,2021-05-29 13:45:00
13736,wt,13730,13736,bear,2021-05-30 09:45:00
13778,mfi,13773,13775,bear,2021-05-30 20:15:00
13812,mfi,13812,13804,bull,2021-05-31 04:45:00
13815,mfi,13815,13804,bull,2021-05-31 05:30:00
14040,wt,14038,14037,bear,2021-06-02 13:45:00
14048,mfi,14041,14019,bear,2021-06-02 15:45:00
14204,mfi,14196,14203,bull,2021-06-04 06:45:00
14275,wt,14267,14267,bear,2021-06-05 00:30:00
14559,mfi,14558,14554,bull,2021-06-07 23:30:00
14688,wt,14688,14686,bear,2021-06-09 07:45:00
14752,mfi,14743,14723,bear,2021-06-09 23:45:00
14799,mfi,14797,14753,bear,2021-06-10 11:30:00
14970,mfi,14970,14958,bull,2021-06-12 06:15:00
15166,wt,15163,15162,bear,2021-06-14 07:15:00
15401,wt,15394,15400,bull,2021-06-16 18:00:00
15401,wt,15400,15400,bull,2021-06-16 18:00:00
15425,mfi,15425,15378,bull,2021-06-17 00:00:00
15505,wt,15500,15504,bull,2021-06-17 20:00:00
15585,wt,15582,15584,bull,2021-06-18 16:00:00
15635,mfi,15630,15600,bull,2021-06-19 04:30:00
15637,wt,15636,15630,bull,2021-06-19 05:00:00
15831,wt,15830,15794,bull,2021-06-21 05:30:00
15845,wt,15840,15845,bull,2021-06-21 09:00:00
15899,mfi,15895,15857,bull,2021-06-21 22:30:00
16160,mfi,16155,16149,bear,2021-06-24 15:45:00
16287,mfi,16282,16263,bull,2021-06-25 23:30:00
16287,mfi,16286,16263,bull,2021-06-25 23:30:00
16394,mfi,16393,16394,bear,2021-06-27 02:15:00
16586,wt,16584,16569,bear,2021-06-29 02:15:00
16625,mfi,16623,16625,bear,2021-06-29 12:00:00
16738,mfi,16733,16691,bull,2021-06-30 16:15:00
16806,mfi,16800,16802,bull,2021-07-01 09:15:00
17139,wt,17139,17135,bear,2021-07-04 20:30:00
17189,mfi,17189,17163,bull,2021-07-05 09:00:00
17397,wt,17397,17386,bear,2021-07-07 13:00:00
17465,wt,17461,17456,bull,2021-07-08 06:00:00
17468,mfi,17466,17446,bull,2021-07-08 06:45:00
17785,wt,17778,17778,bear,2021-07-11 14:00:00
17794,mfi,17786,17792,bear,2021-07-11 16:15:00
18299,mfi,18295,18298,bull,2021-07-16 22:30:00
18378,wt,18374,18378,bear,2021-07-17 18:15:00
18454,wt,18445,18453,bull,2021-07-18 13:15:00
18551,wt,18542,18551,bull,2021-07-19 13:30:00
18762,wt,18758,18757,bear,2021-07-21 18:15:00
18998,mfi,18997,18977,bear,2021-07-24 05:15:00
19151,mfi,19145,19149,bear,2021-07-25 19:30:00
19361,wt,19360,19358,bear,2021-07-28 00:00:00
19375,wt,19373,19371,bear,2021-07-28 03:30:00
19845,mfi,19837,19842,bull,2021-08-02 01:00:00
20010,wt,20004,20001,bull,2021-08-03 18:15:00
20219,mfi,20219,20203,bear,2021-08-05 22:30:00
20338,wt,20333,20334,bear,2021-08-07 04:15:00
20419,mfi,20418,20409,bear,2021-08-08 00:30:00
20562,mfi,20562,20556,bear,2021-08-09 12:15:00
20638,wt,20637,20636,bull,2021-08-10 07:15:00
20860,wt,20855,20854,bull,2021-08-12 14:45:00
20863,wt,20863,20854,bull,2021-08-12 15:30:00
20940,mfi,20940,20929,bear,2021-08-13 10:45:00
20974,wt,20974,20963,bear,2021-08-13 19:15:00
21277,wt,21270,21277,bull,2021-08-16 23:00:00
21350,wt,21346,21319,bull,2021-08-17 17:15:00
21449,mfi,21449,21447,bear,2021-08-18 18:00:00
21632,mfi,21630,21631,bear,2021-08-20 15:45:00
21636,mfi,21636,21631,bear,2021-08-20 16:45:00
21806,wt,21806,21766,bear,2021-08-22 11:15:00
22125,mfi,22123,22123,bear,2021-08-25 19:00:00
22341,wt,22339,22329,bear,2021-08-28 01:00:00
22524,wt,22518,22516,bear,2021-08-29 22:45:00
22526,mfi,22525,22518,bear,2021-08-29 23:15:00
22549,mfi,22549,22548,bull,2021-08-30 05:00:00
22628,wt,22628,22600,bull,2021-08-31 00:45:00
22659,wt,22651,22650,bear,2021-08-31 08:30:00
22826,wt,22821,22797,bear,2021-09-02 02:15:00
22971,mfi,22968,22969,bear,2021-09-03 14:30:00
23239,wt,23233,23239,bear,2021-09-06 09:30:00
23426,wt,23423,23412,bull,2021-09-08 08:15:00
23677,wt,23676,23671,bull,2021-09-10 23:00:00
23994,wt,23989,23987,bear,2021-09-14 06:15:00
24023,wt,24016,24014,bear,2021-09-14 13:30:00
24033,mfi,24024,24025,bear,2021-09-14 16:00:00
24063,mfi,24054,24034,bear,2021-09-14 23:30:00
24063,mfi,24062,24034,bear,2021-09-14 23:30:00
24342,wt,24335,24342,bull,2021-09-17 21:15:00
24556,wt,24551,24549,bull,2021-09-20 02:45:00
24645,mfi,24644,24595,bull,2021-09-21 01:00:00
24812,mfi,24812,24805,bear,2021-09-22 18:45:00
24861,wt,24853,24853,bear,2021-09-23 07:00:00
25227,mfi,25226,25213,bear,2021-09-27 02:30:00
25303,mfi,25294,25288,bull,2021-09-27 21:30:00
25525,mfi,25525,25513,bear,2021-09-30 05:00:00
25689,mfi,25688,25681,bear,2021-10-01 22:00:00
25844,mfi,25842,25818,bear,2021-10-03 12:45:00
25997,wt,25991,25997,bear,2021-10-05 03:00:00
26069,wt,26068,26067,bear,2021-10-05 21:00:00
26071,mfi,26070,26068,bear,2021-10-05 21:30:00
26399,wt,26398,26355,bear,2021-10-09 07:30:00
26422,wt,26418,26402,bear,2021-10-09 13:15:00
26783,mfi,26778,26780,bull,2021-10-13 07:30:00
26912,mfi,26911,26884,bull,2021-10-14 15:45:00
26925,mfi,26924,26884,bull,2021-10-14 19:00:00
27109,wt,27104,27108,bull,2021-10-16 17:00:00
27267,wt,27265,27263,bear,2021-10-18 08:30:00
27348,mfi,27347,27333,bear,2021-10-19 04:45:00
27671,mfi,27670,27635,bear,2021-10-22 13:30:00
27958,mfi,27952,27954,bear,2021-10-25 13:15:00
28139,wt,28134,28136,bull,2021-10-27 10:30:00
28534,mfi,28533,28520,bull,2021-10-31 13:15:00
28535,wt,28535,28533,bull,2021-10-31 13:30:00
28652,mfi,28652,28649,bull,2021-11-01 18:45:00
28664,mfi,28662,28649,bull,2021-11-01 21:45:00
28937,wt,28934,28928,bull,2021-11-04 18:00:00
29045,mfi,29044,29008,bull,2021-11-05 21:00:00
29170,wt,29161,29170,bear,2021-11-07 04:15:00
29286,wt,29279,29277,bear,2021-11-08 09:15:00
29504,wt,29503,29485,bear,2021-11-10 15:45:00
29551,wt,29550,29547,bull,2021-11-11 03:30:00
29681,wt,29679,29679,bull,2021-11-12 12:00:00
29697,wt,29689,29697,bull,2021-11-12 16:00:00
29793,mfi,29789,29793,bear,2021-11-13 16:00:00
30004,wt,29999,30004,bull,2021-11-15 20:45:00
30008,mfi,30008,29985,bull,2021-11-15 21:45:00
30043,wt,30035,30035,bull,2021-11-16 06:30:00
30265,mfi,30264,30251,bull,2021-11-18 14:00:00
30304,mfi,30304,30279,bull,2021-11-18 23:45:00
30385,wt,30377,30383,bear,2021-11-19 20:00:00
30483,wt,30482,30452,bear,2021-11-20 20:30:00
30487,mfi,30484,30482,bear,2021-11-20 21:30:00
30497,wt,30494,30494,bear,2021-11-21 00:00:00
30498,mfi,30498,30494,bear,2021-11-21 00:15:00
30598,mfi,30598,30598,bull,2021-11-22 01:15:00
30727,wt,30724,30720,bull,2021-11-23 09:30:00
30743,wt,30734,30740,bear,2021-11-23 13:30:00
30752,mfi,30744,30705,bear,2021-11-23 15:45:00
30954,wt,30949,30940,bear,2021-11-25 18:15:00
31044,mfi,31044,31015,bull,2021-11-26 16:45:00
31054,mfi,31052,31015,bull,2021-11-26 19:15:00
31074,wt,31074,31063,bull,2021-11-27 00:15:00
31140,wt,31132,31139,bear,2021-11-27 16:45:00
31261,mfi,31260,31261,bear,2021-11-28 23:00:00
31871,mfi,31865,31826,bear,2021-12-05 07:30:00
31871,mfi,31871,31826,bear,2021-12-05 07:30:00
32071,wt,32063,32061,bear,2021-12-07 09:30:00
32099,mfi,32098,32082,bear,2021-12-07 16:30:00
32281,mfi,32281,32239,bull,2021-12-09 14:00:00
32305,mfi,32301,32303,bull,2021-12-09 20:00:00
32442,mfi,32436,32441,bear,2021-12-11 06:15:00
32516,mfi,32511,32486,bear,2021-12-12 00:45:00
32676,wt,32676,32671,bull,2021-12-13 16:45:00
33321,wt,33313,33312,bull,2021-12-20 10:00:00
33332,wt,33323,33322,bull,2021-12-20 12:45:00
33517,wt,33511,33517,bear,2021-12-22 11:00:00
34014,mfi,34014,34011,bear,2021-12-27 15:15:00
34124,mfi,34116,34123,bull,2021-12-28 18:45:00
34775,wt,34771,34770,bear,2022-01-04 13:30:00
34903,mfi,34895,34901,bull,2022-01-05 21:30:00
35074,mfi,35069,35028,bull,2022-01-07 16:15:00
35181,wt,35179,35179,bull,2022-01-08 19:00:00
35719,wt,35719,35714,bull,2022-01-14 09:30:00
35845,wt,35844,35841,bear,2022-01-15 17:00:00
35846,mfi,35841,35844,bear,2022-01-15 17:15:00
35942,mfi,35942,35907,bear,2022-01-16 17:15:00
36354,mfi,36354,36348,bull,2022-01-21 00:15:00
36439,wt,36437,36437,bull,2022-01-21 21:30:00
36796,wt,36791,36780,bear,2022-01-25 14:45:00
36944,wt,36942,36942,bull,2022-01-27 03:45:00
36988,wt,36980,36987,bear,2022-01-27 14:45:00
37017,wt,37017,36974,bull,2022-01-27 22:00:00
37596,mfi,37596,37572,bull,2022-02-02 22:45:00
37650,mfi,37647,37647,bull,2022-02-03 12:15:00
37650,wt,37647,37647,bull,2022-02-03 12:15:00
37747,wt,37739,37745,bear,2022-02-04 12:30:00
38006,wt,38003,38003,bear,2022-02-07 05:15:00
38059,mfi,38059,38051,bear,2022-02-07 18:30:00
38618,wt,38610,38616,bear,2022-02-13 14:15:00
38800,wt,38799,38799,bear,2022-02-15 11:45:00
38879,wt,38870,38879,bull,2022-02-16 07:30:00
39042,wt,39034,39039,bull,2022-02-18 00:15:00
39105,wt,39102,39101,bull,2022-02-18 16:00:00
39189,wt,39187,39189,bull,2022-02-19 13:00:00
39381,mfi,39374,39379,bull,2022-02-21 13:00:00
39442,wt,39442,39436,bull,2022-02-22 04:15:00
39723,wt,39717,39707,bear,2022-02-25 02:30:00
39727,mfi,39724,39727,bear,2022-02-25 03:30:00
39849,mfi,39846,39836,bull,2022-02-26 10:00:00
40093,wt,40088,40088,bear,2022-02-28 23:00:00
40811,mfi,40810,40811,bear,2022-03-08 10:30:00
41009,mfi,41008,40984,bull,2022-03-10 12:00:00
41985,wt,41978,41985,bull,2022-03-20 16:00:00
42031,mfi,42029,41995,bull,2022-03-21 03:30:00
42062,wt,42060,42059,bear,2022-03-21 11:15:00
42371,mfi,42363,42334,bear,2022-03-24 16:30:00
42458,mfi,42458,42455,bear,2022-03-25 14:15:00
42550,mfi,42550,42550,bull,2022-03-26 13:15:00
42577,mfi,42575,42575,bear,2022-03-26 20:00:00
42710,wt,42708,42706,bear,2022-03-28 05:15:00
43217,mfi,43217,43216,bear,2022-04-02 12:00:00
43426,mfi,43423,43405,bull,2022-04-04 16:15:00
43456,wt,43456,43410,bear,2022-04-04 23:45:00
43626,mfi,43625,43624,bull,2022-04-06 18:15:00
43653,wt,43651,43650,bull,2022-04-07 01:00:00
43945,wt,43941,43945,bear,2022-04-10 02:00:00
44087,wt,44083,44081,bull,2022-04-11 13:30:00
44090,mfi,44088,44083,bull,2022-04-11 14:15:00
44104,wt,44095,44100,bull,2022-04-11 17:45:00
44104,wt,44101,44100,bull,2022-04-11 17:45:00
44403,mfi,44403,44388,bull,2022-04-14 20:30:00
44586,wt,44581,44585,bull,2022-04-16 18:15:00
44781,mfi,44775,44760,bear,2022-04-18 19:00:00
45476,wt,45474,45476,bear,2022-04-26 00:45:00
45501,wt,45498,45495,bear,2022-04-26 07:00:00
45954,mfi,45947,45919,bull,2022-05-01 00:15:00
45955,wt,45955,45955,bull,2022-05-01 00:30:00
46321,mfi,46321,46276,bear,2022-05-04 20:15:00
46695,wt,46691,46690,bull,2022-05-08 17:45:00
46754,wt,46748,46752,bull,2022-05-09 08:30:00
46774,wt,46768,46773,bull,2022-05-09 13:30:00
46778,wt,46775,46773,bull,2022-05-09 14:30:00
46799,wt,46797,46789,bull,2022-05-09 19:45:00
46947,wt,46946,46930,bull,2022-05-11 08:45:00
47037,wt,47032,47037,bull,2022-05-12 07:15:00
47264,wt,47259,47257,bull,2022-05-14 16:00:00
48222,wt,48220,48212,bull,2022-05-24 15:30:00
48459,mfi,48458,48456,bull,2022-05-27 02:45:00
48475,mfi,48475,48456,bull,2022-05-27 06:45:00
48752,mfi,48752,48747,bear,2022-05-30 04:30:00
48819,wt,48814,48818,bear,2022-05-30 21:15:00
48884,mfi,48876,48880,bear,2022-05-31 13:30:00
49089,mfi,49087,49073,bear,2022-06-02 16:45:00
49436,mfi,49434,49418,bear,2022-06-06 07:30:00
49866,wt,49860,49866,bull,2022-06-10 19:00:00
50039,wt,50031,50039,bull,2022-06-12 14:15:00
50117,wt,50117,50115,bull,2022-06-13 09:45:00
50126,mfi,50126,50117,bull,2022-06-13 12:00:00
50131,wt,50127,50130,bull,2022-06-13 13:15:00
50291,mfi,50291,50291,bull,2022-06-15 05:15:00
50292,wt,50291,50291,bull,2022-06-15 05:30:00
50353,wt,50352,50327,bear,2022-06-15 20:45:00
50451,mfi,50450,50410,bull,2022-06-16 21:15:00
50591,mfi,50590,50591,bull,2022-06-18 08:15:00
50641,wt,50635,50641,bull,2022-06-18 20:45:00
50907,mfi,50904,50884,bear,2022-06-21 15:15:00
50970,wt,50961,50969,bull,2022-06-22 07:00:00
51134,mfi,51131,51122,bear,2022-06-24 00:00:00
51134,mfi,51134,51122,bear,2022-06-24 00:00:00
51325,mfi,51319,51320,bear,2022-06-25 23:45:00
51427,wt,51425,51423,bull,2022-06-27 01:15:00
51743,mfi,51740,51741,bull,2022-06-30 08:15:00
51794,wt,51791,51790,bull,2022-06-30 21:00:00
51796,mfi,51795,51750,bull,2022-06-30 21:30:00
52018,mfi,52011,51995,bear,2022-07-03 05:00:00
52192,mfi,52192,52192,bear,2022-07-05 00:30:00
52487,mfi,52478,52464,bear,2022-07-08 02:15:00
52535,mfi,52535,52518,bull,2022-07-08 14:15:00
52697,wt,52690,52697,bull,2022-07-10 06:45:00
52734,mfi,52731,52731,bull,2022-07-10 16:00:00
52789,wt,52788,52783,bull,2022-07-11 05:45:00
52795,mfi,52795,52777,bull,2022-07-11 07:15:00
52954,wt,52953,52951,bull,2022-07-12 23:00:00
53185,wt,53184,53183,bear,2022-07-15 08:45:00
53188,mfi,53183,53184,bear,2022-07-15 09:30:00
53232,mfi,53227,53189,bear,2022-07-15 20:30:00
53685,wt,53682,53680,bear,2022-07-20 13:45:00
53785,wt,53777,53782,bull,2022-07-21 14:45:00
53863,wt,53854,53862,bear,2022-07-22 10:15:00
53868,mfi,53866,53863,bear,2022-07-22 11:30:00
53941,mfi,53941,53931,bear,2022-07-23 05:45:00
54043,wt,54042,54041,bear,2022-07-24 07:15:00
54130,mfi,54130,54124,bull,2022-07-25 05:00:00
54262,mfi,54255,54212,bull,2022-07-26 14:00:00
54364,mfi,54355,54335,bear,2022-07-27 15:30:00
54364,mfi,54361,54335,bear,2022-07-27 15:30:00
54857,mfi,54855,54813,bull,2022-08-01 18:45:00
55502,wt,55493,55499,bear,2022-08-08 12:00:00
55652,mfi,55650,55610,bull,2022-08-10 01:30:00
55758,wt,55752,55757,bear,2022-08-11 04:00:00
55795,mfi,55795,55767,bear,2022-08-11 13:15:00
55887,mfi,55883,55838,bull,2022-08-12 12:15:00
56047,wt,56044,56043,bear,2022-08-14 04:15:00
56086,wt,56086,56084,bull,2022-08-14 14:00:00
56159,mfi,56157,56159,bull,2022-08-15 08:15:00
56547,wt,56541,56545,bull,2022-08-19 09:15:00
56606,mfi,56603,56606,bull,2022-08-20 00:00:00
56606,wt,56606,56603,bull,2022-08-20 00:00:00
56689,mfi,56687,56688,bull,2022-08-20 20:45:00
56744,wt,56744,56715,bear,2022-08-21 10:30:00
57000,mfi,56999,57000,bull,2022-08-24 02:30:00
57250,mfi,57246,57231,bull,2022-08-26 17:00:00
57271,mfi,57269,57231,bull,2022-08-26 22:15:00
57635,mfi,57635,57629,bull,2022-08-30 17:15:00
57913,wt,57911,57896,bear,2022-09-02 14:45:00
58586,wt,58580,58584,bear,2022-09-09 15:00:00
58823,mfi,58823,58818,bear,2022-09-12 02:15:00
58867,mfi,58858,58849,bear,2022-09-12 13:15:00
58867,mfi,58867,58849,bear,2022-09-12 13:15:00
58959,mfi,58957,58958,bear,2022-09-13 12:15:00
58976,wt,58973,58948,bull,2022-09-13 16:30:00
59457,wt,59453,59451,bull,2022-09-18 16:45:00
59514,mfi,59514,59501,bull,2022-09-19 07:00:00
59625,wt,59625,59608,bull,2022-09-20 10:45:00
59937,mfi,59937,59919,bull,2022-09-23 16:45:00
60187,wt,60187,60172,bull,2022-09-26 07:15:00
60612,wt,60606,60580,bear,2022-09-30 17:30:00
60830,mfi,60829,60780,bull,2022-10-03 00:00:00
60971,mfi,60970,60958,bear,2022-10-04 11:15:00
61270,mfi,61270,61244,bull,2022-10-07 14:00:00
61686,wt,61678,61645,bull,2022-10-11 22:00:00
62075,wt,62069,62072,bull,2022-10-15 23:15:00
62075,wt,62074,62072,bull,2022-10-15 23:15:00
62190,wt,62190,62187,bull,2022-10-17 04:00:00
62216,wt,62209,62216,bear,2022-10-17 10:30:00
62224,mfi,62222,62222,bear,2022-10-17 12:30:00
62299,mfi,62299,62277,bear,2022-10-18 07:15:00
62425,mfi,62424,62403,bull,2022-10-19 14:45:00
62464,mfi,62459,62463,bull,2022-10-20 00:30:00
62464,mfi,62463,62463,bull,2022-10-20 00:30:00
62761,wt,62754,62761,bear,2022-10-23 02:45:00
62837,mfi,62832,62826,bear,2022-10-23 21:45:00
63015,wt,63014,63013,bear,2022-10-25 18:15:00
63021,mfi,63021,63014,bear,2022-10-25 19:45:00
63053,wt,63050,63044,bear,2022-10-26 03:45:00
63522,wt,63517,63522,bull,2022-10-31 01:00:00
63716,wt,63711,63693,bear,2022-11-02 01:30:00
64210,mfi,64210,64192,bull,2022-11-07 05:00:00
64367,wt,64367,64358,bull,2022-11-08 20:15:00
64371,mfi,64371,64349,bull,2022-11-08 21:15:00
64635,mfi,64634,64590,bull,2022-11-11 15:15:00
64854,mfi,64852,64806,bull,2022-11-13 22:00:00
64865,wt,64857,64862,bull,2022-11-14 00:45:00
65310,mfi,65303,65282,bull,2022-11-18 16:00:00
66020,wt,66015,66014,bear,2022-11-26 01:30:00
66483,wt,66483,66445,bear,2022-11-30 21:15:00
66686,wt,66685,66681,bear,2022-12-03 00:00:00
67234,mfi,67228,67231,bear,2022-12-08 17:00:00
67896,mfi,67895,67850,bull,2022-12-15 14:30:00
67904,wt,67903,67902,bull,2022-12-15 16:30:00
67905,mfi,67905,67903,bull,2022-12-15 16:45:00
67978,wt,67978,67957,bull,2022-12-16 11:00:00
68219,mfi,68218,68212,bear,2022-12-18 23:15:00
68302,wt,68302,68291,bull,2022-12-19 20:00:00
68367,wt,68358,68365,bear,2022-12-20 12:15:00
68473,mfi,68469,68436,bull,2022-12-21 14:45:00
68658,wt,68652,68649,bear,2022-12-23 13:00:00
68660,mfi,68659,68652,bear,2022-12-23 13:30:00
68661,wt,68661,68659,bear,2022-12-23 13:45:00
69599,wt,69593,69593,bear,2023-01-02 08:15:00
70260,mfi,70258,70241,bear,2023-01-09 05:30:00
70310,mfi,70307,70309,bear,2023-01-09 18:00:00
70496,mfi,70489,70490,bull,2023-01-11 16:30:00
70579,mfi,70570,70529,bear,2023-01-12 13:15:00
70580,wt,70580,70580,bear,2023-01-12 13:30:00
71175,wt,71172,71149,bull,2023-01-18 18:15:00
71249,mfi,71245,71248,bull,2023-01-19 12:45:00
71251,wt,71248,71245,bull,2023-01-19 13:15:00
71252,mfi,71252,71248,bull,2023-01-19 13:30:00
71401,mfi,71401,71380,bear,2023-01-21 02:45:00
71413,mfi,71411,71380,bear,2023-01-21 05:45:00
71427,mfi,71426,71380,bear,2023-01-21 09:15:00
71781,wt,71775,71774,bull,2023-01-25 01:45:00
72117,mfi,72117,72095,bull,2023-01-28 13:45:00
72233,wt,72231,72216,bear,2023-01-29 18:45:00
72416,mfi,72414,72410,bear,2023-01-31 16:30:00
72543,mfi,72536,72533,bear,2023-02-02 00:15:00
72761,wt,72759,72752,bull,2023-02-04 06:45:00
72861,wt,72860,72841,bear,2023-02-05 07:45:00
73103,wt,73097,73103,bear,2023-02-07 20:15:00
73110,wt,73110,73103,bear,2023-02-07 22:00:00
73112,mfi,73111,73110,bear,2023-02-07 22:30:00
73401,mfi,73399,73361,bull,2023-02-10 22:45:00
73627,mfi,73620,73623,bear,2023-02-13 07:15:00
73670,mfi,73663,73640,bull,2023-02-13 18:00:00
73670,mfi,73666,73640,bull,2023-02-13 18:00:00
73739,mfi,73738,73727,bear,2023-02-14 11:15:00
73756,wt,73749,73748,bear,2023-02-14 15:30:00
73897,wt,73891,73897,bear,2023-02-16 02:45:00
73921,wt,73914,73921,bear,2023-02-16 08:45:00
74231,mfi,74227,74230,bear,2023-02-19 14:15:00
74490,wt,74487,74486,bull,2023-02-22 07:00:00
74529,mfi,74527,74528,bull,2023-02-22 16:45:00
74774,wt,74769,74767,bull,2023-02-25 06:00:00
75123,wt,75122,75121,bull,2023-02-28 21:15:00
75133,wt,75127,75133,bull,2023-02-28 23:45:00
75283,wt,75277,75272,bull,2023-03-02 13:15:00
75615,mfi,75606,75600,bull,2023-03-06 00:15:00
75625,mfi,75625,75600,bull,2023-03-06 02:45:00
75903,wt,75903,75879,bull,2023-03-09 00:15:00
75945,wt,75944,75938,bull,2023-03-09 10:45:00
76025,wt,76021,76025,bull,2023-03-10 06:45:00
76033,wt,76029,76025,bull,2023-03-10 08:45:00
76620,mfi,76620,76607,bear,2023-03-16 11:30:00
76660,mfi,76655,76621,bear,2023-03-16 21:30:00
76681,wt,76672,76655,bear,2023-03-17 02:45:00
76756,wt,76753,76753,bear,2023-03-17 21:30:00
76993,mfi,76984,76993,bear,2023-03-20 08:45:00
76993,mfi,76989,76993,bear,2023-03-20 08:45:00
77088,wt,77087,77081,bull,2023-03-21 08:30:00
77839,mfi,77837,77837,bear,2023-03-29 04:15:00
78271,mfi,78269,78261,bull,2023-04-02 16:15:00
78273,mfi,78273,78261,bull,2023-04-02 16:45:00
78316,mfi,78314,78274,bull,2023-04-03 03:30:00
78322,mfi,78322,78274,bull,2023-04-03 05:00:00
78499,wt,78490,78484,bear,2023-04-05 01:15:00
78504,mfi,78500,78503,bear,2023-04-05 02:30:00
78913,wt,78910,78908,bull,2023-04-09 08:45:00
79078,wt,79076,79077,bear,2023-04-11 02:00:00
79119,wt,79118,79117,bear,2023-04-11 12:15:00
79932,wt,79927,79926,bull,2023-04-19 23:30:00
80061,mfi,80055,80015,bull,2023-04-21 07:45:00
80120,mfi,80114,80111,bull,2023-04-21 22:30:00
80761,mfi,80752,80742,bull,2023-04-28 14:45:00
80763,wt,80761,80752,bull,2023-04-28 15:15:00
80765,mfi,80764,80742,bull,2023-04-28 15:45:00
81012,mfi,81010,81001,bull,2023-05-01 05:30:00
81073,mfi,81073,81073,bull,2023-05-01 20:45:00
81074,wt,81073,81073,bull,2023-05-01 21:00:00
81140,wt,81140,81135,bear,2023-05-02 13:30:00
81499,wt,81498,81458,bull,2023-05-06 07:15:00
81741,mfi,81736,81738,bull,2023-05-08 19:45:00
81929,mfi,81928,81888,bull,2023-05-10 18:45:00
82150,wt,82144,82143,bear,2023-05-13 02:00:00
82352,mfi,82350,82303,bear,2023-05-15 04:30:00
82358,wt,82352,82358,bear,2023-05-15 06:00:00
82584,mfi,82584,82576,bull,2023-05-17 14:30:00
82584,wt,82576,82584,bull,2023-05-17 14:30:00
82874,wt,82867,82872,bear,2023-05-20 15:00:00
82998,mfi,82997,82960,bull,2023-05-21 22:00:00
83070,mfi,83063,83035,bear,2023-05-22 16:00:00
83639,wt,83630,83628,bear,2023-05-28 14:15:00
83936,mfi,83930,83895,bull,2023-05-31 16:30:00
84347,mfi,84346,84341,bear,2023-06-04 23:15:00
84401,wt,84396,84401,bull,2023-06-05 12:45:00
84545,wt,84543,84544,bear,2023-06-07 00:45:00
84857,mfi,84856,84853,bull,2023-06-10 06:45:00
84907,wt,84900,84897,bull,2023-06-10 19:15:00
85010,wt,85010,85006,bear,2023-06-11 21:00:00
85163,wt,85157,85161,bear,2023-06-13 11:15:00
85168,wt,85165,85164,bear,2023-06-13 12:30:00
85335,wt,85335,85334,bull,2023-06-15 06:15:00
85443,wt,85437,85441,bear,2023-06-16 09:15:00
85854,wt,85846,85845,bear,2023-06-20 16:00:00
85928,wt,85920,85911,bear,2023-06-21 10:30:00
85954,mfi,85954,85951,bear,2023-06-21 17:00:00
86390,mfi,86389,86347,bull,2023-06-26 06:00:00
86507,mfi,86505,86476,bear,2023-06-27 11:15:00
86520,wt,86513,86515,bear,2023-06-27 14:30:00
86522,mfi,86521,86513,bear,2023-06-27 15:00:00
86530,wt,86523,86530,bear,2023-06-27 17:00:00
86613,mfi,86612,86593,bull,2023-06-28 13:45:00
87029,mfi,87028,86995,bear,2023-07-02 21:45:00
87032,wt,87030,87028,bear,2023-07-02 22:30:00
87049,wt,87042,87049,bear,2023-07-03 02:45:00
87128,wt,87119,87128,bear,2023-07-03 22:30:00
87212,wt,87209,87208,bull,2023-07-04 19:30:00
87294,mfi,87294,87277,bull,2023-07-05 16:00:00
87388,wt,87387,87349,bull,2023-07-06 15:30:00
87743,wt,87739,87738,bull,2023-07-10 08:15:00
88303,wt,88299,88303,bull,2023-07-16 04:15:00
88511,mfi,88508,88508,bull,2023-07-18 08:15:00
88707,wt,88704,88703,bear,2023-07-20 09:15:00
89323,mfi,89323,89312,bear,2023-07-26 19:15:00
89328,wt,89324,89328,bear,2023-07-26 20:30:00
89585,mfi,89584,89576,bull,2023-07-29 12:45:00
89806,wt,89798,89802,bull,2023-07-31 20:00:00
90160,wt,90159,90158,bull,2023-08-04 12:30:00
90261,wt,90260,90240,bull,2023-08-05 13:45:00
90580,mfi,90580,90565,bear,2023-08-08 21:30:00
90724,wt,90723,90715,bull,2023-08-10 09:30:00
90903,wt,90895,90903,bull,2023-08-12 06:15:00
91244,wt,91237,91235,bull,2023-08-15 19:30:00
91418,wt,91418,91415,bull,2023-08-17 15:00:00
91567,mfi,91560,91567,bull,2023-08-19 04:15:00
91775,mfi,91773,91763,bull,2023-08-21 08:15:00
91808,mfi,91807,91763,bull,2023-08-21 16:30:00
91904,wt,91900,91900,bull,2023-08-22 16:30:00
92113,wt,92104,92113,bull,2023-08-24 20:45:00
92158,wt,92156,92145,bull,2023-08-25 08:00:00
92183,mfi,92182,92182,bear,2023-08-25 14:15:00
92231,wt,92226,92229,bear,2023-08-26 02:15:00
92588,mfi,92588,92572,bear,2023-08-29 19:30:00
93150,mfi,93150,93139,bull,2023-09-04 16:00:00
93815,wt,93808,93813,bull,2023-09-11 14:15:00
93999,mfi,93991,93993,bear,2023-09-13 12:15:00
94018,mfi,94017,94000,bear,2023-09-13 17:00:00
94342,wt,94341,94318,bull,2023-09-17 02:00:00
94370,wt,94365,94365,bear,2023-09-17 09:00:00
95239,wt,95237,95236,bull,2023-09-26 10:15:00
95252,wt,95246,95244,bull,2023-09-26 13:30:00
95453,mfi,95445,95453,bear,2023-09-28 15:45:00
95933,wt,95933,95930,bull,2023-10-03 15:45:00
95961,wt,95953,95961,bull,2023-10-03 22:45:00
96356,mfi,96354,96356,bear,2023-10-08 01:30:00
96799,wt,96799,96795,bull,2023-10-12 16:15:00
97365,wt,97356,97363,bull,2023-10-18 13:45:00
97365,wt,97365,97363,bull,2023-10-18 13:45:00
97664,mfi,97659,97642,bear,2023-10-21 16:30:00
97796,wt,97792,97768,bear,2023-10-23 01:30:00
97808,mfi,97803,97800,bear,2023-10-23 04:30:00
97860,mfi,97853,97815,bear,2023-10-23 17:30:00
97860,mfi,97860,97815,bear,2023-10-23 17:30:00
97874,mfi,97874,97861,bear,2023-10-23 21:00:00
97896,wt,97892,97896,bear,2023-10-24 02:30:00
98494,wt,98489,98488,bull,2023-10-30 08:00:00
98584,wt,98577,98580,bull,2023-10-31 06:30:00
98616,mfi,98615,98577,bull,2023-10-31 14:30:00
98643,mfi,98643,98643,bear,2023-10-31 21:15:00
98979,wt,98975,98952,bear,2023-11-04 09:15:00
99313,mfi,99310,99309,bear,2023-11-07 20:45:00
99316,wt,99316,99310,bear,2023-11-07 21:30:00
99414,mfi,99412,99408,bear,2023-11-08 22:00:00
99451,wt,99443,99451,bear,2023-11-09 07:15:00
99465,mfi,99462,99451,bear,2023-11-09 10:45:00
99569,mfi,99566,99568,bear,2023-11-10 12:45:00
99785,wt,99776,99781,bear,2023-11-12 18:45:00
99815,mfi,99813,99776,bear,2023-11-13 02:15:00
99865,wt,99857,99857,bull,2023-11-13 14:45:00
100065,mfi,100063,100048,bear,2023-11-15 16:45:00
100094,wt,100092,100091,bear,2023-11-16 00:00:00
100475,wt,100472,100467,bear,2023-11-19 23:15:00
100671,mfi,100663,100637,bull,2023-11-22 00:15:00
101126,wt,101125,101115,bull,2023-11-26 18:00:00
101209,wt,101203,101206,bull,2023-11-27 14:45:00
101210,mfi,101210,101166,bull,2023-11-27 15:00:00
101216,mfi,101216,101166,bull,2023-11-27 16:30:00
101308,mfi,101303,101306,bear,2023-11-28 15:30:00
101567,wt,101567,101565,bear,2023-12-01 08:15:00
101770,wt,101761,101761,bear,2023-12-03 11:00:00
101778,mfi,101771,101773,bear,2023-12-03 13:00:00
102401,wt,102401,102397,bull,2023-12-10 00:45:00
102561,mfi,102558,102555,bull,2023-12-11 16:45:00
102744,mfi,102743,102723,bear,2023-12-13 14:30:00
102824,wt,102818,102822,bear,2023-12-14 10:30:00
103043,mfi,103042,103028,bear,2023-12-16 17:15:00
103132,mfi,103127,103084,bull,2023-12-17 15:30:00
103304,mfi,103296,103300,bear,2023-12-19 10:30:00
104119,wt,104116,104114,bear,2023-12-27 22:15:00
104129,wt,104122,104124,bear,2023-12-28 00:45:00
104577,mfi,104568,104554,bear,2024-01-01 16:45:00
104611,mfi,104608,104594,bear,2024-01-02 01:15:00
104612,wt,104612,104608,bear,2024-01-02 01:30:00
104620,wt,104620,104620,bear,2024-01-02 03:30:00
104880,mfi,104877,104878,bear,2024-01-04 20:30:00
104884,wt,104878,104877,bear,2024-01-04 21:30:00
105990,mfi,105983,105969,bear,2024-01-16 10:00:00
106014,wt,106005,106009,bear,2024-01-16 16:00:00
106020,mfi,106015,106005,bear,2024-01-16 17:30:00
106105,mfi,106105,106081,bull,2024-01-17 14:45:00
106118,wt,106116,106114,bull,2024-01-17 18:00:00
106591,wt,106591,106588,bull,2024-01-22 16:15:00
106607,mfi,106606,106571,bull,2024-01-22 20:15:00
106682,mfi,106680,106662,bull,2024-01-23 15:00:00
106992,mfi,106992,106980,bear,2024-01-26 20:30:00
107300,wt,107297,107296,bear,2024-01-30 01:30:00
107399,mfi,107394,107392,bull,2024-01-31 02:15:00
107869,mfi,107869,107855,bull,2024-02-04 23:45:00
108204,mfi,108195,108164,bear,2024-02-08 11:30:00
108218,mfi,108217,108205,bear,2024-02-08 15:00:00
108282,mfi,108280,108281,bear,2024-02-09 07:00:00
108329,mfi,108329,108306,bear,2024-02-09 18:45:00
108792,wt,108786,108792,bear,2024-02-14 14:30:00
108797,wt,108795,108792,bear,2024-02-14 15:45:00
108881,wt,108878,108872,bear,2024-02-15 12:45:00
108982,wt,108975,108980,bear,2024-02-16 14:00:00
108982,wt,108981,108980,bear,2024-02-16 14:00:00
109637,mfi,109636,109615,bull,2024-02-23 09:45:00
109819,mfi,109814,109787,bear,2024-02-25 07:15:00
110033,wt,110025,110023,bear,2024-02-27 12:45:00
110126,mfi,110126,110114,bear,2024-02-28 12:00:00
110356,mfi,110355,110327,bear,2024-03-01 21:30:00
110433,wt,110427,110431,bull,2024-03-02 16:45:00
110618,wt,110615,110609,bear,2024-03-04 15:00:00
110630,mfi,110624,110624,bear,2024-03-04 18:00:00
110648,wt,110643,110648,bear,2024-03-04 22:30:00
110658,mfi,110656,110657,bear,2024-03-05 01:00:00
110670,wt,110663,110670,bear,2024-03-05 04:00:00
110734,wt,110726,110734,bull,2024-03-05 20:00:00
111317,wt,111309,111317,bear,2024-03-11 21:45:00
111501,mfi,111492,111500,bear,2024-03-13 19:45:00
111501,mfi,111500,111500,bear,2024-03-13 19:45:00
112117,mfi,112115,112094,bull,2024-03-20 05:45:00
112183,mfi,112183,112180,bear,2024-03-20 22:15:00
112192,mfi,112192,112180,bear,2024-03-21 00:30:00
112198,mfi,112198,112180,bear,2024-03-21 02:00:00
112264,wt,112256,112264,bull,2024-03-21 18:30:00
112335,mfi,112335,112332,bull,2024-03-22 12:15:00
112649,wt,112645,112645,bear,2024-03-25 18:45:00
112656,mfi,112655,112645,bear,2024-03-25 20:30:00
112702,mfi,112701,112690,bear,2024-03-26 08:00:00
112906,wt,112900,112903,bear,2024-03-28 11:00:00
112924,mfi,112916,112900,bear,2024-03-28 15:30:00
112992,wt,112984,112984,bull,2024-03-29 08:30:00
113141,wt,113134,113141,bull,2024-03-30 21:45:00
113231,mfi,113229,113206,bear,2024-03-31 20:15:00
113362,wt,113357,113318,bull,2024-04-02 05:00:00
113886,mfi,113885,113886,bear,2024-04-07 16:00:00
113996,mfi,113993,113954,bear,2024-04-08 19:30:00
114239,wt,114239,114234,bear,2024-04-11 08:15:00
114461,wt,114457,114457,bear,2024-04-13 15:45:00
115400,mfi,115399,115381,bull,2024-04-23 10:30:00
115517,mfi,115510,115517,bull,2024-04-24 15:45:00
115546,wt,115538,115545,bull,2024-04-24 23:00:00
115957,wt,115952,115957,bull,2024-04-29 05:45:00
115984,mfi,115983,115952,bull,2024-04-29 12:30:00
116071,mfi,116071,116069,bull,2024-04-30 10:15:00
116101,wt,116100,116098,bull,2024-04-30 17:45:00
116105,mfi,116102,116100,bull,2024-04-30 18:45:00
116193,wt,116192,116188,bull,2024-05-01 16:45:00
116677,wt,116670,116675,bull,2024-05-06 17:45:00
116831,mfi,116829,116799,bull,2024-05-08 08:15:00
116833,wt,116832,116829,bull,2024-05-08 08:45:00
117029,wt,117023,117027,bear,2024-05-10 09:45:00
117188,wt,117184,117179,bull,2024-05-12 01:30:00
117346,mfi,117337,117315,bear,2024-05-13 17:00:00
117410,wt,117406,117407,bull,2024-05-14 09:00:00
117542,wt,117534,117536,bear,2024-05-15 18:00:00
117897,wt,117890,117895,bear,2024-05-19 10:45:00
117910,wt,117904,117910,bear,2024-05-19 14:00:00
118133,wt,118128,118122,bull,2024-05-21 21:45:00
118314,mfi,118308,118299,bull,2024-05-23 19:00:00
118777,mfi,118775,118736,bull,2024-05-28 14:45:00
119073,mfi,119068,119047,bull,2024-05-31 16:45:00
119212,wt,119206,119212,bear,2024-06-02 03:30:00
119250,mfi,119249,119206,bear,2024-06-02 13:00:00
119340,wt,119331,119337,bear,2024-06-03 11:30:00
119463,mfi,119458,119458,bear,2024-06-04 18:15:00
119517,wt,119508,119507,bear,2024-06-05 07:45:00
119553,mfi,119549,119520,bear,2024-06-05 16:45:00
119553,mfi,119552,119520,bear,2024-06-05 16:45:00
119636,mfi,119633,119634,bear,2024-06-06 13:30:00
120105,wt,120105,120103,bull,2024-06-11 10:45:00
120128,mfi,120119,120105,bull,2024-06-11 16:30:00
120703,wt,120703,120702,bull,2024-06-17 16:15:00
120795,wt,120792,120791,bull,2024-06-18 15:15:00
120922,wt,120915,120920,bull,2024-06-19 23:00:00
121085,wt,121079,121077,bull,2024-06-21 15:45:00
121134,wt,121134,121133,bear,2024-06-22 04:00:00
121333,wt,121330,121328,bull,2024-06-24 05:45:00
121362,wt,121357,121355,bull,2024-06-24 13:00:00
121364,mfi,121363,121337,bull,2024-06-24 13:30:00
121383,mfi,121381,121382,bull,2024-06-24 18:15:00
121393,mfi,121392,121382,bull,2024-06-24 20:45:00
121574,mfi,121565,121547,bull,2024-06-26 18:00:00
121578,wt,121575,121574,bull,2024-06-26 19:00:00
121581,mfi,121579,121547,bull,2024-06-26 19:45:00
121981,wt,121981,121970,bear,2024-06-30 23:45:00
122144,mfi,122144,122112,bull,2024-07-02 16:30:00
122193,wt,122190,122162,bull,2024-07-03 04:45:00
122216,wt,122214,122216,bull,2024-07-03 10:30:00
122258,wt,122258,122239,bull,2024-07-03 21:00:00
122282,wt,122282,122270,bull,2024-07-04 03:00:00
122283,mfi,122283,122258,bull,2024-07-04 03:15:00
122763,wt,122758,122745,bear,2024-07-09 03:15:00
122770,mfi,122764,122747,bear,2024-07-09 05:00:00
122827,mfi,122826,122779,bear,2024-07-09 19:15:00
123106,mfi,123106,123098,bear,2024-07-12 17:00:00
123172,wt,123168,123167,bear,2024-07-13 09:30:00
123198,wt,123189,123187,bear,2024-07-13 16:00:00
123354,mfi,123354,123341,bear,2024-07-15 07:00:00
123411,wt,123406,123411,bear,2024-07-15 21:15:00
123617,mfi,123617,123568,bull,2024-07-18 00:45:00
123782,wt,123778,123778,bear,2024-07-19 18:00:00
123793,wt,123791,123783,bear,2024-07-19 20:45:00
123988,mfi,123986,123988,bear,2024-07-21 21:30:00
124172,wt,124168,124169,bull,2024-07-23 19:30:00
124251,mfi,124246,124229,bear,2024-07-24 15:15:00
124297,wt,124297,124297,bull,2024-07-25 02:45:00
124302,mfi,124302,124297,bull,2024-07-25 04:00:00
124340,mfi,124338,124297,bull,2024-07-25 13:30:00
124471,wt,124465,124469,bear,2024-07-26 22:15:00
124720,mfi,124718,124698,bear,2024-07-29 12:30:00
125026,mfi,125024,125024,bull,2024-08-01 17:00:00
125228,wt,125219,125186,bull,2024-08-03 19:30:00
125229,mfi,125229,125219,bull,2024-08-03 19:45:00
125370,mfi,125370,125350,bull,2024-08-05 07:00:00
125503,wt,125501,125499,bear,2024-08-06 16:15:00
125576,mfi,125571,125575,bear,2024-08-07 10:30:00
125694,wt,125685,125694,bear,2024-08-08 16:00:00
126044,mfi,126042,126003,bull,2024-08-12 07:30:00
126076,mfi,126068,126065,bear,2024-08-12 15:30:00
126252,mfi,126250,126252,bear,2024-08-14 11:30:00
126320,wt,126314,126317,bull,2024-08-15 04:30:00
126323,wt,126323,126317,bull,2024-08-15 05:15:00
126334,mfi,126333,126314,bull,2024-08-15 08:00:00
126526,wt,126518,126522,bear,2024-08-17 08:00:00
126806,mfi,126800,126788,bear,2024-08-20 06:00:00
127161,mfi,127158,127146,bear,2024-08-23 22:45:00
127206,wt,127205,127198,bear,2024-08-24 10:00:00
127448,mfi,127446,127421,bull,2024-08-26 22:30:00
127451,mfi,127450,127421,bull,2024-08-26 23:15:00
127455,wt,127447,127450,bull,2024-08-27 00:15:00
127496,wt,127491,127489,bull,2024-08-27 10:30:00
127507,wt,127506,127503,bull,2024-08-27 13:15:00
127615,mfi,127612,127615,bull,2024-08-28 16:15:00
127839,mfi,127835,127837,bear,2024-08-31 00:15:00
128033,wt,128030,128031,bull,2024-09-02 00:45:00
128075,mfi,128066,128075,bear,2024-09-02 11:15:00
128103,wt,128096,128103,bear,2024-09-02 18:15:00
128137,mfi,128136,128118,bear,2024-09-03 02:45:00
128346,mfi,128340,128335,bull,2024-09-05 07:00:00
128489,wt,128481,128489,bull,2024-09-06 18:45:00
128493,wt,128492,128489,bull,2024-09-06 19:45:00
128494,mfi,128494,128448,bull,2024-09-06 20:00:00
128706,mfi,128697,128705,bear,2024-09-09 01:00:00
128755,wt,128747,128755,bear,2024-09-09 13:15:00
128766,wt,128761,128766,bear,2024-09-09 16:00:00
128910,wt,128910,128910,bull,2024-09-11 04:00:00
129007,mfi,129006,129007,bear,2024-09-12 04:15:00
129379,mfi,129378,129374,bull,2024-09-16 01:15:00
129444,mfi,129444,129436,bull,2024-09-16 17:30:00
129528,wt,129525,129524,bear,2024-09-17 14:30:00
129725,wt,129722,129716,bear,2024-09-19 15:45:00
130296,mfi,130294,130269,bull,2024-09-25 14:30:00
130341,mfi,130334,130312,bull,2024-09-26 01:45:00
130372,wt,130367,130370,bear,2024-09-26 09:30:00
130403,wt,130395,130402,bear,2024-09-26 17:15:00
130453,mfi,130450,130437,bear,2024-09-27 05:45:00
130455,wt,130452,130450,bear,2024-09-27 06:15:00
130458,mfi,130456,130437,bear,2024-09-27 07:00:00
130651,mfi,130651,130651,bull,2024-09-29 07:15:00
130653,wt,130651,130651,bull,2024-09-29 07:45:00
130992,wt,130992,130987,bull,2024-10-02 20:30:00
131135,wt,131130,131135,bear,2024-10-04 08:15:00
131157,mfi,131155,131139,bear,2024-10-04 13:45:00
131173,wt,131173,131168,bear,2024-10-04 17:45:00
131270,mfi,131269,131270,bull,2024-10-05 18:00:00
131641,wt,131640,131639,bull,2024-10-09 14:45:00
131804,mfi,131802,131790,bear,2024-10-11 07:30:00
132104,wt,132098,132104,bear,2024-10-14 10:30:00
132112,mfi,132109,132106,bear,2024-10-14 12:30:00
132156,mfi,132148,132146,bear,2024-10-14 23:30:00
132156,mfi,132154,132146,bear,2024-10-14 23:30:00
132476,wt,132475,132472,bear,2024-10-18 07:30:00
132523,wt,132516,132511,bear,2024-10-18 19:15:00
132699,mfi,132698,132681,bear,2024-10-20 15:15:00
132725,mfi,132724,132681,bear,2024-10-20 21:45:00
132835,wt,132835,132822,bull,2024-10-22 01:15:00
132997,mfi,132990,132966,bull,2024-10-23 17:45:00
133001,mfi,133000,132966,bull,2024-10-23 18:45:00
133215,wt,133215,133202,bull,2024-10-26 00:15:00
133455,wt,133451,133455,bear,2024-10-28 12:15:00
133497,mfi,133495,133487,bear,2024-10-28 22:45:00
133498,wt,133498,133495,bear,2024-10-28 23:00:00
133778,wt,133771,133770,bull,2024-10-31 21:00:00
133949,wt,133948,133909,bull,2024-11-02 15:45:00
134043,mfi,134039,133995,bull,2024-11-03 15:15:00
134044,wt,134044,134039,bull,2024-11-03 15:30:00
134353,mfi,134352,134353,bear,2024-11-06 20:45:00
134425,mfi,134425,134388,bull,2024-11-07 14:45:00
134761,mfi,134758,134730,bear,2024-11-11 02:45:00
134767,wt,134762,134758,bear,2024-11-11 04:15:00
134817,mfi,134816,134795,bear,2024-11-11 16:45:00
134844,wt,134839,134839,bear,2024-11-11 23:30:00
134846,mfi,134845,134839,bear,2024-11-12 00:00:00
135643,mfi,135641,135642,bear,2024-11-20 07:15:00
135661,mfi,135659,135659,bear,2024-11-20 11:45:00
135717,mfi,135716,135672,bear,2024-11-21 01:45:00
135726,wt,135718,135716,bear,2024-11-21 04:00:00
135887,wt,135887,135885,bear,2024-11-22 20:15:00
136233,wt,136227,136225,bull,2024-11-26 10:45:00
136319,mfi,136315,136300,bear,2024-11-27 08:15:00
136465,wt,136456,136451,bull,2024-11-28 20:45:00
136620,mfi,136614,136585,bull,2024-11-30 11:30:00
136672,mfi,136671,136671,bull,2024-12-01 00:30:00
136677,mfi,136676,136671,bull,2024-12-01 01:45:00
136682,wt,136677,136676,bull,2024-12-01 03:00:00
136732,mfi,136731,136721,bear,2024-12-01 15:30:00
136774,wt,136765,136760,bear,2024-12-02 02:00:00
136817,mfi,136811,136804,bull,2024-12-02 12:45:00
137112,mfi,137108,137110,bear,2024-12-05 14:30:00
137680,mfi,137677,137679,bear,2024-12-11 12:30:00
137714,mfi,137710,137695,bear,2024-12-11 21:00:00
138085,wt,138084,138081,bear,2024-12-15 17:45:00
138088,mfi,138081,138087,bear,2024-12-15 18:30:00
138088,mfi,138086,138087,bear,2024-12-15 18:30:00
138091,wt,138087,138091,bear,2024-12-15 19:15:00
138186,wt,138186,138139,bear,2024-12-16 19:00:00
138395,mfi,138386,138388,bull,2024-12-18 23:15:00
138401,wt,138400,138396,bull,2024-12-19 00:45:00
138482,wt,138482,138437,bull,2024-12-19 21:00:00
138527,wt,138523,138517,bull,2024-12-20 08:15:00
138545,wt,138544,138536,bull,2024-12-20 12:45:00
138773,mfi,138769,138750,bull,2024-12-22 21:45:00
139126,mfi,139126,139107,bull,2024-12-26 14:00:00
139156,mfi,139156,139107,bull,2024-12-26 21:30:00
139185,mfi,139176,139178,bear,2024-12-27 04:45:00
139194,wt,139186,139186,bear,2024-12-27 07:00:00
139205,wt,139196,139195,bear,2024-12-27 09:45:00
139209,mfi,139209,139186,bear,2024-12-27 10:45:00
139427,mfi,139426,139420,bull,2024-12-29 17:15:00
139478,mfi,139476,139428,bull,2024-12-30 06:00:00
139761,wt,139757,139748,bear,2025-01-02 04:45:00
139764,mfi,139762,139731,bear,2025-01-02 05:30:00
139793,mfi,139792,139785,bear,2025-01-02 12:45:00
139811,wt,139805,139804,bear,2025-01-02 17:15:00
139812,mfi,139812,139785,bear,2025-01-02 17:30:00
139825,mfi,139821,139785,bear,2025-01-02 20:45:00
139911,mfi,139906,139907,bear,2025-01-03 18:15:00
140538,wt,140536,140534,bear,2025-01-10 07:00:00
140550,wt,140550,140550,bear,2025-01-10 10:00:00
140625,wt,140623,140625,bull,2025-01-11 04:45:00
140838,wt,140830,140837,bull,2025-01-13 10:00:00
140838,wt,140837,140837,bull,2025-01-13 10:00:00
140865,wt,140858,140865,bull,2025-01-13 16:45:00
140927,wt,140918,140925,bear,2025-01-14 08:15:00
141250,wt,141250,141249,bear,2025-01-17 17:00:00
141263,mfi,141260,141250,bear,2025-01-17 20:15:00
141264,wt,141264,141260,bear,2025-01-17 20:30:00
141399,wt,141393,141392,bear,2025-01-19 06:15:00
141721,mfi,141719,141698,bull,2025-01-22 14:45:00
141723,mfi,141723,141698,bull,2025-01-22 15:15:00
141728,wt,141722,141728,bull,2025-01-22 16:30:00
141765,mfi,141762,141764,bull,2025-01-23 01:45:00
141990,wt,141988,141989,bull,2025-01-25 10:00:00
142024,wt,142016,142016,bear,2025-01-25 18:30:00
142279,wt,142270,142275,bear,2025-01-28 10:15:00
142539,wt,142535,142539,bull,2025-01-31 03:15:00
142664,wt,142664,142660,bull,2025-02-01 10:30:00
142713,wt,142707,142713,bull,2025-02-01 22:45:00
142792,mfi,142787,142772,bull,2025-02-02 18:30:00
142793,wt,142793,142787,bull,2025-02-02 18:45:00
142808,mfi,142806,142793,bull,2025-02-02 22:30:00
142808,wt,142808,142806,bull,2025-02-02 22:30:00
142887,wt,142881,142887,bear,2025-02-03 18:15:00
143149,wt,143147,143144,bear,2025-02-06 11:45:00
143400,mfi,143391,143375,bear,2025-02-09 02:30:00
143751,mfi,143742,143716,bear,2025-02-12 18:15:00
143832,wt,143829,143832,bull,2025-02-13 14:30:00
143910,wt,143904,143910,bear,2025-02-14 10:00:00
143913,wt,143913,143910,bear,2025-02-14 10:45:00
144159,mfi,144157,144122,bull,2025-02-17 00:15:00
144234,wt,144230,144229,bull,2025-02-17 19:00:00
144287,wt,144283,144280,bull,2025-02-18 08:15:00
144404,mfi,144399,144395,bear,2025-02-19 13:30:00
144408,mfi,144406,144395,bear,2025-02-19 14:30:00
144446,wt,144446,144438,bear,2025-02-20 00:00:00
144457,wt,144454,144447,bear,2025-02-20 02:45:00
144501,mfi,144496,144500,bear,2025-02-20 13:45:00
144501,mfi,144499,144500,bear,2025-02-20 13:45:00
144525,wt,144525,144524,bear,2025-02-20 19:45:00
144590,mfi,144581,144573,bear,2025-02-21 12:00:00
144800,mfi,144795,144788,bull,2025-02-23 16:30:00
144804,wt,144801,144799,bull,2025-02-23 17:30:00
144851,wt,144851,144827,bull,2025-02-24 05:15:00
144915,wt,144912,144900,bull,2025-02-24 21:15:00
145237,wt,145228,145237,bull,2025-02-28 05:45:00
145242,wt,145239,145237,bull,2025-02-28 07:00:00
145243,mfi,145243,145228,bull,2025-02-28 07:15:00
145245,wt,145243,145243,bull,2025-02-28 07:45:00
145396,mfi,145387,145393,bear,2025-03-01 21:30:00
145656,mfi,145649,145609,bull,2025-03-04 14:30:00
145743,mfi,145734,145740,bear,2025-03-05 12:15:00
145790,wt,145781,145787,bear,2025-03-06 00:00:00
145893,mfi,145893,145850,bull,2025-03-07 01:45:00
145938,mfi,145937,145928,bear,2025-03-07 13:00:00
145943,mfi,145942,145928,bear,2025-03-07 14:15:00
146146,wt,146138,146143,bull,2025-03-09 17:00:00
146149,mfi,146147,146138,bull,2025-03-09 17:45:00
146348,mfi,146347,146310,bear,2025-03-11 19:30:00
146608,wt,146604,146608,bear,2025-03-14 12:30:00
146623,mfi,146621,146604,bear,2025-03-14 16:15:00
146914,mfi,146913,146887,bear,2025-03-17 17:00:00
146918,wt,146914,146913,bear,2025-03-17 18:00:00
146925,mfi,146922,146924,bear,2025-03-17 19:45:00
146962,wt,146959,146955,bull,2025-03-18 05:00:00
147078,wt,147077,147077,bear,2025-03-19 10:00:00
147117,mfi,147117,147104,bear,2025-03-19 19:45:00
147127,wt,147122,147120,bear,2025-03-19 22:15:00
147286,mfi,147283,147264,bull,2025-03-21 14:00:00
147484,wt,147480,147484,bear,2025-03-23 15:30:00
147491,wt,147489,147488,bear,2025-03-23 17:15:00
147539,mfi,147536,147522,bear,2025-03-24 05:15:00
147543,wt,147540,147536,bear,2025-03-24 06:15:00
147544,mfi,147544,147540,bear,2025-03-24 06:30:00
147578,mfi,147578,147565,bear,2025-03-24 15:00:00
147589,wt,147585,147589,bear,2025-03-24 17:45:00
148312,mfi,148306,148310,bear,2025-04-01 06:30:00
148315,wt,148310,148306,bear,2025-04-01 07:15:00
148325,mfi,148316,148325,bear,2025-04-01 09:45:00
148353,mfi,148348,148325,bear,2025-04-01 16:45:00
148536,mfi,148536,148533,bull,2025-04-03 14:30:00
148548,wt,148541,148548,bull,2025-04-03 17:30:00
148813,mfi,148804,148802,bull,2025-04-06 11:45:00
148824,mfi,148818,148802,bull,2025-04-06 14:30:00
148861,mfi,148859,148843,bull,2025-04-06 23:45:00
148883,mfi,148880,148862,bull,2025-04-07 05:15:00
149055,mfi,149050,149030,bull,2025-04-09 00:15:00
149142,wt,149142,149131,bear,2025-04-09 22:00:00
149313,wt,149304,149311,bear,2025-04-11 16:45:00
149320,mfi,149320,149289,bear,2025-04-11 18:30:00
149330,wt,149321,149330,bear,2025-04-11 21:00:00
149426,wt,149421,149420,bear,2025-04-12 21:00:00
149427,mfi,149427,149403,bear,2025-04-12 21:15:00
149432,wt,149428,149432,bear,2025-04-12 22:30:00
149670,wt,149667,149666,bear,2025-04-15 10:00:00
149973,wt,149965,149973,bull,2025-04-18 13:45:00
149978,mfi,149977,149942,bull,2025-04-18 15:00:00
149983,mfi,149981,149942,bull,2025-04-18 16:15:00
149989,mfi,149989,149942,bull,2025-04-18 17:45:00
150054,wt,150054,150049,bear,2025-04-19 10:00:00
150242,wt,150233,150242,bear,2025-04-21 09:00:00
150348,wt,150344,150343,bear,2025-04-22 11:30:00
150364,mfi,150364,150360,bear,2025-04-22 15:30:00
150376,mfi,150376,150360,bear,2025-04-22 18:30:00
150428,mfi,150419,150427,bear,2025-04-23 07:30:00
150428,mfi,150426,150427,bear,2025-04-23 07:30:00
150634,mfi,150632,150633,bear,2025-04-25 11:00:00
150652,mfi,150648,150642,bear,2025-04-25 15:30:00
150737,wt,150735,150732,bull,2025-04-26 12:45:00
150929,mfi,150928,150927,bear,2025-04-28 12:45:00
150980,wt,150980,150959,bear,2025-04-29 01:30:00
150981,mfi,150981,150980,bear,2025-04-29 01:45:00
151023,wt,151017,151009,bear,2025-04-29 12:15:00
151318,mfi,151315,151311,bear,2025-05-02 14:00:00
151398,wt,151389,151398,bull,2025-05-03 10:00:00
151460,wt,151457,151458,bull,2025-05-04 01:30:00
151473,mfi,151471,151457,bull,2025-05-04 04:45:00
151557,wt,151552,151548,bull,2025-05-05 01:45:00
151559,mfi,151558,151552,bull,2025-05-05 02:15:00
151857,mfi,151857,151852,bear,2025-05-08 04:45:00
152366,mfi,152366,152361,bear,2025-05-13 12:00:00
152371,mfi,152371,152361,bear,2025-05-13 13:15:00
152395,wt,152387,152395,bear,2025-05-13 19:15:00
152395,wt,152394,152395,bear,2025-05-13 19:15:00
152531,wt,152529,152529,bull,2025-05-15 05:15:00
152553,wt,152553,152543,bull,2025-05-15 10:45:00
152767,wt,152760,152767,bull,2025-05-17 16:15:00
152896,mfi,152890,152860,bear,2025-05-19 00:30:00
152897,wt,152897,152890,bear,2025-05-19 00:45:00
153114,mfi,153114,153111,bear,2025-05-21 07:00:00
153253,wt,153250,153246,bear,2025-05-22 17:45:00
153590,wt,153585,153582,bear,2025-05-26 06:00:00
153821,mfi,153818,153821,bull,2025-05-28 15:45:00
153988,mfi,153984,153985,bull,2025-05-30 09:30:00
154047,mfi,154046,154047,bull,2025-05-31 00:15:00
154326,mfi,154324,154325,bear,2025-06-02 22:00:00
154391,mfi,154386,154391,bear,2025-06-03 14:15:00
154608,wt,154601,154608,bull,2025-06-05 20:30:00
154677,wt,154673,154672,bear,2025-06-06 13:45:00
154746,wt,154744,154740,bear,2025-06-07 07:00:00
154798,mfi,154797,154775,bear,2025-06-07 20:00:00
154802,mfi,154801,154775,bear,2025-06-07 21:00:00
154883,mfi,154880,154883,bear,2025-06-08 17:15:00
155200,mfi,155193,155179,bull,2025-06-12 00:30:00
155247,mfi,155241,155218,bull,2025-06-12 12:15:00
155251,wt,155248,155248,bull,2025-06-12 13:15:00
155286,wt,155285,155263,bull,2025-06-12 22:00:00
155287,mfi,155287,155285,bull,2025-06-12 22:15:00
155293,mfi,155292,155285,bull,2025-06-12 23:45:00
155649,wt,155646,155649,bear,2025-06-16 16:45:00
155655,mfi,155653,155654,bear,2025-06-16 18:15:00
155670,mfi,155667,155662,bear,2025-06-16 22:00:00
155735,mfi,155732,155726,bull,2025-06-17 14:15:00
155846,mfi,155846,155821,bull,2025-06-18 18:00:00
156032,mfi,156031,156029,bull,2025-06-20 16:30:00
156147,mfi,156145,156143,bull,2025-06-21 21:15:00
156221,mfi,156215,156220,bull,2025-06-22 15:45:00
156332,mfi,156332,156282,bear,2025-06-23 19:30:00
156432,wt,156424,156431,bear,2025-06-24 20:30:00
156605,wt,156600,156596,bull,2025-06-26 15:45:00
156968,mfi,156963,156957,bull,2025-06-30 10:30:00
157088,mfi,157088,157068,bull,2025-07-01 16:30:00
157390,mfi,157389,157370,bull,2025-07-04 20:00:00
157546,wt,157545,157527,bull,2025-07-06 11:00:00
157844,mfi,157844,157843,bear,2025-07-09 13:30:00
157895,wt,157886,157888,bear,2025-07-10 02:15:00
158196,wt,158196,158195,bear,2025-07-13 05:30:00
158431,mfi,158429,158382,bull,2025-07-15 16:15:00
158534,mfi,158525,158502,bear,2025-07-16 18:00:00
158537,wt,158535,158534,bear,2025-07-16 18:45:00
158648,wt,158648,158635,bear,2025-07-17 22:30:00
158674,wt,158671,158674,bear,2025-07-18 05:00:00
158725,wt,158719,158723,bull,2025-07-18 17:45:00
159022,wt,159015,159022,bull,2025-07-21 20:00:00
159165,wt,159164,159164,bull,2025-07-23 07:45:00
159775,mfi,159773,159758,bull,2025-07-29 16:15:00
159989,mfi,159987,159985,bull,2025-07-31 21:45:00
160034,wt,160034,160030,bull,2025-08-01 09:00:00
160093,mfi,160091,160079,bull,2025-08-01 23:45:00
160254,wt,160245,160254,bear,2025-08-03 16:00:00
160269,mfi,160260,160238,bear,2025-08-03 19:45:00
160278,wt,160270,160278,bear,2025-08-03 22:00:00
160445,wt,160445,160442,bull,2025-08-05 15:45:00
160672,mfi,160667,160668,bear,2025-08-08 00:30:00
160923,wt,160916,160923,bear,2025-08-10 15:15:00
160970,wt,160962,160969,bear,2025-08-11 03:00:00
161196,mfi,161187,161196,bear,2025-08-13 11:30:00
161209,mfi,161205,161196,bear,2025-08-13 14:45:00
161209,mfi,161208,161196,bear,2025-08-13 14:45:00
161226,mfi,161224,161225,bear,2025-08-13 19:00:00
161226,wt,161225,161224,bear,2025-08-13 19:00:00
161244,wt,161244,161242,bear,2025-08-13 23:30:00
161295,wt,161294,161295,bull,2025-08-14 12:15:00
161406,mfi,161406,161406,bull,2025-08-15 16:00:00
161406,wt,161406,161406,bull,2025-08-15 16:00:00
161538,wt,161535,161538,bull,2025-08-17 01:00:00
161652,mfi,161651,161643,bull,2025-08-18 05:30:00
161655,mfi,161654,161643,bull,2025-08-18 06:15:00
161668,wt,161660,161659,bull,2025-08-18 09:30:00
161670,mfi,161669,161643,bull,2025-08-18 10:00:00
161793,wt,161789,161793,bull,2025-08-19 16:45:00
161800,wt,161797,161796,bull,2025-08-19 18:30:00
161807,wt,161804,161796,bull,2025-08-19 20:15:00
161808,mfi,161808,161789,bull,2025-08-19 20:30:00
161955,wt,161946,161955,bull,2025-08-21 09:15:00
161997,wt,161990,161992,bull,2025-08-21 19:45:00
162077,mfi,162074,162027,bear,2025-08-22 15:45:00
162079,wt,162078,162074,bear,2025-08-22 16:15:00
162083,mfi,162080,162078,bear,2025-08-22 17:15:00
162257,wt,162255,162255,bull,2025-08-24 12:45:00
162271,wt,162266,162271,bull,2025-08-24 16:15:00
162289,mfi,162288,162266,bull,2025-08-24 20:45:00
162309,mfi,162307,162266,bull,2025-08-25 01:45:00
162344,wt,162337,162341,bull,2025-08-25 10:30:00
162699,mfi,162695,162674,bull,2025-08-29 03:15:00
162757,mfi,162756,162720,bull,2025-08-29 17:45:00
162767,wt,162764,162763,bull,2025-08-29 20:15:00
162984,wt,162978,162977,bull,2025-09-01 02:30:00
162995,wt,162989,162977,bull,2025-09-01 05:15:00
163229,mfi,163222,163214,bear,2025-09-03 15:45:00
163235,wt,163230,163232,bear,2025-09-03 17:15:00
163413,mfi,163412,163391,bear,2025-09-05 13:45:00
163606,wt,163599,163597,bear,2025-09-07 14:00:00
163687,mfi,163687,163686,bear,2025-09-08 10:15:00
163701,mfi,163700,163686,bear,2025-09-08 13:45:00
163933,mfi,163928,163931,bear,2025-09-10 23:45:00
163938,mfi,163936,163931,bear,2025-09-11 01:00:00
163947,wt,163943,163946,bear,2025-09-11 03:15:00
163990,wt,163986,163985,bear,2025-09-11 14:00:00
164414,wt,164408,164384,bear,2025-09-16 00:00:00
164494,wt,164487,164492,bear,2025-09-16 20:00:00
164498,mfi,164495,164487,bear,2025-09-16 21:00:00
164504,wt,164499,164495,bear,2025-09-16 22:30:00
164583,wt,164579,164578,bull,2025-09-17 18:15:00
164678,wt,164675,164671,bear,2025-09-18 18:00:00
164754,wt,164751,164750,bull,2025-09-19 13:00:00
164756,mfi,164755,164732,bull,2025-09-19 13:30:00
164778,wt,164778,164777,bull,2025-09-19 19:00:00
164983,wt,164982,164981,bull,2025-09-21 22:15:00
164987,mfi,164984,164964,bull,2025-09-21 23:15:00
165238,mfi,165238,165230,bear,2025-09-24 14:00:00
165332,mfi,165332,165332,bull,2025-09-25 13:30:00
165333,wt,165332,165332,bull,2025-09-25 13:45:00
165365,wt,165363,165361,bull,2025-09-25 21:45:00
165723,wt,165715,165713,bear,2025-09-29 15:15:00
165754,wt,165747,165752,bear,2025-09-29 23:00:00
165760,mfi,165760,165747,bear,2025-09-30 00:30:00
165871,wt,165865,165864,bear,2025-10-01 04:15:00
165878,mfi,165877,165865,bear,2025-10-01 06:00:00
166008,mfi,166007,166004,bear,2025-10-02 14:30:00
166017,mfi,166017,166009,bear,2025-10-02 16:45:00
166388,wt,166379,166388,bear,2025-10-06 13:30:00
166496,mfi,166489,166465,bull,2025-10-07 16:30:00
166500,wt,166497,166496,bull,2025-10-07 17:30:00
166507,mfi,166507,166465,bull,2025-10-07 19:15:00
166690,wt,166688,166683,bull,2025-10-09 17:00:00
166693,mfi,166691,166660,bull,2025-10-09 17:45:00
166766,wt,166759,166764,bear,2025-10-10 12:00:00
166786,wt,166785,166785,bull,2025-10-10 17:00:00
167582,wt,167578,167575,bear,2025-10-19 00:00:00
167699,wt,167699,167697,bear,2025-10-20 05:15:00
167709,mfi,167709,167699,bear,2025-10-20 07:45:00
167714,mfi,167714,167699,bear,2025-10-20 09:00:00
167787,mfi,167782,167786,bull,2025-10-21 03:15:00
167916,mfi,167915,167868,bull,2025-10-22 11:30:00
167988,mfi,167986,167982,bear,2025-10-23 05:30:00
168040,mfi,168039,167996,bear,2025-10-23 18:30:00
168349,mfi,168346,168305,bear,2025-10-26 23:45:00
168623,wt,168620,168580,bull,2025-10-29 20:15:00
168625,wt,168624,168580,bull,2025-10-29 20:45:00
168711,mfi,168703,168695,bull,2025-10-30 18:15:00
168719,mfi,168719,168695,bull,2025-10-30 20:15:00
168782,wt,168775,168779,bear,2025-10-31 12:00:00
168794,wt,168786,168792,bear,2025-10-31 15:00:00
168797,mfi,168789,168757,bear,2025-10-31 15:45:00
168797,mfi,168792,168757,bear,2025-10-31 15:45:00
169028,wt,169019,169028,bull,2025-11-03 01:30:00
169049,wt,169049,169049,bull,2025-11-03 06:45:00
169066,wt,169059,169063,bull,2025-11-03 11:00:00
169067,mfi,169067,169040,bull,2025-11-03 11:15:00
169161,wt,169158,169157,bull,2025-11-04 10:45:00
169162,mfi,169162,169146,bull,2025-11-04 11:00:00
169178,mfi,169178,169146,bull,2025-11-04 15:00:00
169205,wt,169202,169199,bull,2025-11-04 21:45:00
169206,mfi,169206,169191,bull,2025-11-04 22:00:00
169293,wt,169293,169283,bear,2025-11-05 19:45:00
169449,wt,169449,169449,bull,2025-11-07 10:45:00
169564,wt,169556,169560,bull,2025-11-08 15:30:00
169597,mfi,169597,169594,bear,2025-11-08 23:45:00
169694,mfi,169692,169679,bear,2025-11-10 00:00:00
169826,wt,169824,169784,bull,2025-11-11 09:00:00
169875,mfi,169875,169857,bull,2025-11-11 21:15:00
169962,mfi,169957,169954,bull,2025-11-12 19:00:00
170101,mfi,170095,170059,bull,2025-11-14 05:45:00
170105,wt,170102,170105,bull,2025-11-14 06:45:00
170116,wt,170114,170105,bull,2025-11-14 09:30:00
170170,mfi,170163,170132,bull,2025-11-14 23:00:00
170446,wt,170442,170446,bull,2025-11-17 20:00:00
170485,wt,170483,170477,bull,2025-11-18 05:45:00
170633,wt,170630,170630,bull,2025-11-19 18:45:00
170667,mfi,170667,170663,bear,2025-11-20 03:15:00
170677,mfi,170677,170663,bear,2025-11-20 05:45:00
171025,mfi,171018,171010,bear,2025-11-23 20:45:00
171197,wt,171197,171190,bull,2025-11-25 15:45:00
171321,mfi,171318,171305,bear,2025-11-26 22:45:00
171773,wt,171764,171763,bull,2025-12-01 15:45:00
171776,mfi,171774,171764,bull,2025-12-01 16:30:00
171886,mfi,171886,171870,bear,2025-12-02 20:00:00
171908,wt,171901,171901,bear,2025-12-03 01:30:00
171915,mfi,171909,171870,bear,2025-12-03 03:15:00
171920,wt,171916,171920,bear,2025-12-03 04:30:00
172058,wt,172049,172056,bull,2025-12-04 15:00:00
172499,wt,172493,172493,bull,2025-12-09 05:15:00
172634,wt,172627,172619,bull,2025-12-10 15:00:00
172733,wt,172733,172727,bull,2025-12-11 15:45:00
173038,wt,173030,173037,bull,2025-12-14 20:00:00
173166,mfi,173166,173119,bull,2025-12-16 04:00:00
173169,wt,173167,173166,bull,2025-12-16 04:45:00
173208,mfi,173205,173198,bear,2025-12-16 14:30:00
173219,wt,173218,173205,bear,2025-12-16 17:15:00
173733,wt,173730,173722,bear,2025-12-22 01:45:00
173894,wt,173885,173893,bull,2025-12-23 18:00:00
173940,wt,173933,173940,bull,2025-12-24 05:30:00
174487,wt,174485,174482,bull,2025-12-29 22:15:00
174493,wt,174489,174482,bull,2025-12-29 23:45:00
174752,wt,174752,174747,bear,2026-01-01 16:30:00
174853,mfi,174846,174826,bear,2026-01-02 17:45:00
174987,wt,174979,174985,bear,2026-01-04 03:15:00
175228,wt,175227,175186,bear,2026-01-06 15:30:00
175408,wt,175401,175397,bull,2026-01-08 12:30:00
175785,mfi,175779,175781,bull,2026-01-12 10:45:00
175919,wt,175915,175919,bear,2026-01-13 20:15:00
176326,mfi,176319,176316,bull,2026-01-18 02:00:00
176568,mfi,176565,176539,bull,2026-01-20 14:30:00
176573,mfi,176572,176539,bull,2026-01-20 15:45:00
176582,wt,176574,176579,bull,2026-01-20 18:00:00
176585,mfi,176583,176585,bull,2026-01-20 18:45:00
176588,mfi,176587,176585,bull,2026-01-20 19:30:00
176936,wt,176936,176934,bull,2026-01-24 10:30:00
177007,mfi,177007,176962,bull,2026-01-25 04:15:00
177015,wt,177008,177007,bull,2026-01-25 06:15:00
177022,mfi,177016,177018,bull,2026-01-25 08:00:00
177059,mfi,177050,177029,bull,2026-01-25 17:15:00
177065,wt,177060,177060,bull,2026-01-25 18:45:00
177082,mfi,177081,177072,bull,2026-01-25 23:00:00
177083,wt,177082,177081,bull,2026-01-25 23:15:00
177418,wt,177418,177412,bull,2026-01-29 11:00:00
177455,wt,177452,177440,bull,2026-01-29 20:15:00
177750,mfi,177748,177727,bull,2026-02-01 22:00:00
177817,wt,177810,177811,bear,2026-02-02 14:45:00
177911,wt,177903,177911,bull,2026-02-03 14:15:00
178066,wt,178064,178064,bull,2026-02-05 05:00:00
178069,mfi,178069,178064,bull,2026-02-05 05:45:00
178099,mfi,178096,178064,bull,2026-02-05 13:15:00
178100,wt,178100,178096,bull,2026-02-05 13:30:00
178101,mfi,178101,178064,bull,2026-02-05 13:45:00
178115,mfi,178112,178112,bull,2026-02-05 17:15:00
178117,wt,178112,178112,bull,2026-02-05 17:45:00
178125,mfi,178118,178123,bull,2026-02-05 19:45:00
178258,wt,178258,178255,bear,2026-02-07 05:00:00
178384,wt,178384,178381,bear,2026-02-08 12:30:00
178390,mfi,178387,178384,bear,2026-02-08 14:00:00
178544,wt,178544,178531,bull,2026-02-10 04:30:00
178545,mfi,178545,178532,bull,2026-02-10 04:45:00
178585,wt,178577,178580,bull,2026-02-10 14:45:00
179031,wt,179031,179029,bear,2026-02-15 06:15:00
179203,mfi,179199,179193,bear,2026-02-17 01:15:00
179206,mfi,179204,179204,bear,2026-02-17 02:00:00
179448,mfi,179448,179448,bull,2026-02-19 14:30:00
180024,mfi,180024,180024,bear,2026-02-25 14:30:00
180083,mfi,180082,180035,bear,2026-02-26 05:15:00
180211,wt,180209,180206,bull,2026-02-27 13:15:00
180220,mfi,180219,180209,bull,2026-02-27 15:30:00
180847,wt,180838,180847,bull,2026-03-06 04:15:00
180914,mfi,180913,180891,bull,2026-03-06 21:00:00
182044,mfi,182044,182036,bull,2026-03-18 15:30:00
182072,wt,182066,182072,bull,2026-03-18 22:30:00
182141,wt,182133,182141,bull,2026-03-19 15:45:00
182826,wt,182819,182817,bull,2026-03-26 19:00:00
183180,wt,183171,183180,bear,2026-03-30 11:30:00
183822,wt,183820,183806,bear,2026-04-06 04:00:00
183840,wt,183832,183840,bear,2026-04-06 08:30:00
184176,wt,184167,184176,bear,2026-04-09 20:30:00
184271,wt,184265,184268,bear,2026-04-10 20:15:00
184271,wt,184269,184268,bear,2026-04-10 20:15:00
184359,mfi,184354,184359,bear,2026-04-11 18:15:00
184442,wt,184439,184437,bull,2026-04-12 15:00:00
184445,mfi,184445,184439,bull,2026-04-12 15:45:00
184553,mfi,184550,184548,bear,2026-04-13 18:45:00
184924,wt,184923,184919,bear,2026-04-17 15:30:00
185070,wt,185069,185058,bull,2026-04-19 04:00:00
185072,mfi,185071,185035,bull,2026-04-19 04:30:00
185129,mfi,185120,185087,bull,2026-04-19 18:45:00
185138,wt,185130,185133,bull,2026-04-19 21:00:00
185143,wt,185140,185139,bull,2026-04-19 22:15:00
185150,mfi,185144,185147,bull,2026-04-20 00:00:00
185211,wt,185203,185209,bear,2026-04-20 15:15:00
185211,wt,185211,185209,bear,2026-04-20 15:15:00
185231,mfi,185225,185228,bear,2026-04-20 20:15:00
185408,wt,185408,185399,bear,2026-04-22 16:30:00
186086,mfi,186079,186081,bull,2026-04-29 18:00:00
186160,wt,186157,186156,bear,2026-04-30 12:30:00
186262,mfi,186253,186262,bear,2026-05-01 14:00:00
186316,wt,186316,186308,bear,2026-05-02 03:30:00
186483,mfi,186479,186450,bear,2026-05-03 21:15:00
186487,wt,186484,186485,bear,2026-05-03 22:15:00
186508,mfi,186505,186492,bear,2026-05-04 03:30:00
186619,wt,186615,186611,bear,2026-05-05 07:15:00
186674,wt,186674,186670,bear,2026-05-05 21:00:00
186798,wt,186789,186794,bull,2026-05-07 04:00:00
186851,mfi,186851,186847,bull,2026-05-07 17:15:00
186980,wt,186971,186980,bear,2026-05-09 01:30:00
186987,wt,186987,186980,bear,2026-05-09 03:15:00
187047,mfi,187041,187047,bear,2026-05-09 18:15:00
188142,wt,188139,188139,bear,2026-05-21 04:00:00
188176,wt,188173,188176,bull,2026-05-21 12:30:00
188285,wt,188285,188283,bull,2026-05-22 15:45:00
188678,wt,188674,188667,bull,2026-05-26 18:00:00
188808,wt,188799,188798,bull,2026-05-28 02:30:00
189076,wt,189068,189076,bear,2026-05-30 21:30:00
189095,mfi,189089,189068,bear,2026-05-31 02:15:00
189374,mfi,189373,189339,bull,2026-06-03 00:00:00
189381,wt,189375,189380,bull,2026-06-03 01:45:00
189516,wt,189516,189512,bull,2026-06-04 11:30:00
189646,wt,189645,189630,bull,2026-06-05 20:00:00
189855,mfi,189850,189855,bear,2026-06-08 00:15:00
189906,wt,189903,189902,bear,2026-06-08 13:00:00
190065,wt,190060,190060,bull,2026-06-10 04:45:00
190072,wt,190070,190066,bull,2026-06-10 06:30:00
190090,mfi,190085,190070,bull,2026-06-10 11:00:00
190222,mfi,190216,190191,bear,2026-06-11 20:00:00
190222,mfi,190222,190191,bear,2026-06-11 20:00:00
190523,mfi,190522,190521,bear,2026-06-14 23:15:00
190808,mfi,190808,190765,bull,2026-06-17 22:30:00
191035,mfi,191028,191035,bear,2026-06-20 07:15:00
