sig,e_bar,x_bar,dir,variant,entry,stop_d,gross_r,cost_r,net_r,n_swaps,t_entry,t_exit
300,301,305,short,A,40847.66,543.2392591158568,2.0,0.07519276141139204,1.924807238588608,0,1610273700,1610277300
415,416,702,long,A,33322.85,3079.682893655401,2.0,0.021532240100632902,1.9784677598993672,18,1610377200,1610634600
975,976,1018,long,A,34819.76,1025.6292192737092,2.0,0.039551350173823815,1.9604486498261762,3,1610881200,1610919000
1193,1194,1235,short,A,37072.85,960.4981118892902,2.0,0.042843252881628956,1.957156747118371,2,1611077400,1611114300
1385,1386,1405,long,A,31770.79,1254.1101711071315,-1.0,0.0267266658242713,-1.0267266658242713,1,1611250200,1611267300
1918,1919,1927,long,A,31631.61,495.22651554008553,-1.0,0.06738602942858539,-1.0673860294285853,1,1611729900,1611737100
2057,2058,2066,short,A,32225.26,514.028229826723,-1.0,0.06269161522678048,-1.0626916152267805,0,1611855000,1611862200
2095,2096,2100,short,A,33991.22,376.38849822558404,2.0,0.09527585797403217,1.9047241420259677,1,1611889200,1611892800
2126,2127,2139,short,A,36342.18,2166.199351899748,-1.0,0.017699663637317176,-1.0176996636373172,1,1611917100,1611927900
2208,2209,2338,long,A,33710.0,923.5028533730074,-1.0,0.052563345985021534,-1.0525633459850214,8,1611990900,1612107000
2309,2310,2315,long,A,33791.48,359.8481182753894,-1.0,0.0939048400807243,-1.0939048400807243,0,1612081800,1612086300
2572,2573,2579,short,A,35950.72,470.55414923589706,-1.0,0.07640081393050745,-1.0764008139305075,0,1612318500,1612323900
2696,2697,2856,short,A,37355.42,1703.502822670358,-1.0,0.0339893190838606,-1.0339893190838607,10,1612430100,1612573200
2791,2792,2805,short,A,37772.47,269.95193998343166,-1.0,0.14761870521266043,-1.1476187052126605,1,1612515600,1612527300
2867,2868,2888,short,A,39440.83,444.8046355974366,-1.0,0.09354685702434662,-1.0935468570243465,1,1612584000,1612602000
2919,2920,2933,short,A,40693.2,467.54896593900776,2.0,0.09182209592481577,1.9081779040751843,1,1612630800,1612642500
3093,3094,3094,short,A,39295.87,401.4491414700242,-1.0,0.09788505178042381,-1.0978850517804237,0,1612787400,1612787400
3171,3172,3191,short,A,47614.65,1129.3071971429745,2.0,0.04448165731794256,1.9555183426820575,1,1612857600,1612874700
3955,3956,3986,short,A,51373.56,652.3466923695087,-1.0,0.08308328444670032,-1.0830832844467002,1,1613563200,1613590200
4204,4205,4226,short,A,56413.99,506.26309629226307,2.0,0.1175609280745229,1.882439071925477,1,1613787300,1613806200
4545,4546,4564,long,A,48638.8,3174.5744972868342,-1.0,0.017006710047643245,-1.0170067100476432,2,1614094200,1614110400
4567,4568,4802,long,A,47864.63,3316.5053198020614,-1.0,0.025545080417677835,-1.0255450804176778,14,1614114000,1614324600
4634,4635,4728,short,A,49498.89,2190.283554870737,-1.0,0.030057078022432245,-1.0300570780224323,6,1614174300,1614258000
4990,4991,5026,long,A,44664.37,1300.3373259742511,-1.0,0.03812660738847523,-1.0381266073884752,2,1614494700,1614526200
5060,5061,5061,short,A,45498.25,585.7465167596529,-1.0,0.07767566464022034,-1.0776756646402204,0,1614557700,1614557700
5073,5074,5093,short,A,46518.13,576.472141982631,-1.0,0.08957089257151954,-1.0895708925715195,2,1614569400,1614586500
5116,5117,5121,short,A,48083.44,510.68960133675137,-1.0,0.09415394375397422,-1.0941539437539742,0,1614608100,1614611700
5232,5233,5250,long,A,47494.92,564.899037785377,2.0,0.0887010549645108,1.9112989450354891,1,1614715200,1614730500
5524,5525,5585,short,A,49179.33,640.1914030917251,2.0,0.09372006920155958,1.9062799307984404,4,1614978000,1615032000
5703,5704,5713,short,A,50996.15,407.6606736286776,2.0,0.13197480583816432,1.8680251941618358,1,1615139100,1615147200
5794,5795,5808,short,A,50985.0,534.4690971261371,-1.0,0.09539372860685211,-1.095393728606852,0,1615221000,1615232700
5851,5852,5880,short,A,54104.04,537.6608561131725,-1.0,0.11169770630904716,-1.1116977063090472,2,1615272300,1615297500
5886,5887,5916,short,A,54425.0,499.2220957629179,-1.0,0.12101177113901171,-1.1210117711390117,2,1615303800,1615329900
5943,5944,5959,long,A,53697.5,840.0839509379584,2.0,0.06743476343852181,1.9325652365614783,1,1615355100,1615368600
5992,5993,6005,short,A,56933.32,582.8305980031146,2.0,0.10305679352764355,1.8969432064723564,1,1615399200,1615410000
6011,6012,6013,short,A,57032.59,474.901062162382,2.0,0.12009362484958805,1.879906375150412,0,1615416300,1615417200
6096,6097,6106,short,A,56906.17,1182.3705454773371,-1.0,0.0481288799164278,-1.048128879916428,0,1615492800,1615500900
6595,6596,6631,short,A,56525.03,772.967666752862,2.0,0.08117129085563746,1.9188287091443625,2,1615941900,1615973400
6784,6785,6785,long,A,57700.01,429.1615018216471,-1.0,0.13444824327224775,-1.1344482432722478,0,1616112000,1616112000
6868,6869,6934,short,A,58415.45,1353.1901687838763,-1.0,0.05266580458831454,-1.0526658045883146,4,1616187600,1616246100
7120,7121,7139,short,A,57779.31,644.1058650055929,2.0,0.09463843657047075,1.9053615634295293,1,1616414400,1616430600
7195,7196,7204,long,A,53440.26,528.7017052459414,2.0,0.1066375873967976,1.8933624126032025,1,1616481900,1616489100
7416,7417,7545,long,A,51669.79,1497.4547901544356,2.0,0.049687308150603,1.950312691849397,8,1616680800,1616796000
7559,7560,7617,short,A,54800.31,693.2582088527197,-1.0,0.09643791785839986,-1.0964379178583998,4,1616809500,1616860800
7673,7674,7685,short,A,56144.0,432.98613908585685,-1.0,0.1367986516267092,-1.1367986516267092,1,1616912100,1616922000
7982,7983,8001,long,A,57995.93,838.3075007482184,2.0,0.07679220601335746,1.9232077939866425,2,1617190200,1617206400
8767,8768,8779,short,A,57638.13,470.23504190917447,-1.0,0.12931453790239872,-1.1293145379023988,1,1617896700,1617906600
9331,9332,9337,short,A,64389.99,705.4825340426978,2.0,0.09127084923140412,1.908729150768596,0,1618404300,1618408800
9530,9531,9631,long,A,61386.88,1145.5289934971079,-1.0,0.07127235614591725,-1.0712723561459172,6,1618583400,1618673400
9635,9636,9640,long,A,60671.2,777.6441646795574,-1.0,0.07801923136014359,-1.0780192313601435,0,1618677900,1618681500
9989,9990,9996,long,A,55564.51,728.2422843652384,-1.0,0.07629948328039203,-1.076299483280392,0,1618996500,1619001900
10169,10170,10175,long,A,49476.01,1091.0952338965217,-1.0,0.04534527185432858,-1.0453452718543286,0,1619158500,1619163000
10445,10446,10449,short,A,52250.0,477.5039912303764,-1.0,0.11544144344838578,-1.1154414434483857,1,1619406900,1619409600
10463,10464,10472,short,A,52936.45,401.8742005585518,-1.0,0.1389687486093378,-1.1389687486093378,1,1619423100,1619430300
10510,10511,10553,short,A,53780.74,784.1590478924918,-1.0,0.07990032413499606,-1.079900324134996,3,1619465400,1619503200
10620,10621,10629,short,A,54944.58,584.2568337741832,-1.0,0.09921412733086528,-1.0992141273308653,1,1619564400,1619571600
10803,10804,10833,long,A,52827.01,594.2475856455203,2.0,0.09867601066700614,1.9013239893329938,2,1619729100,1619755200
10924,10925,11023,short,A,58128.66,652.8037675123487,2.0,0.11842933764707103,1.881570662352929,6,1619838000,1619926200
11049,11050,11134,long,A,56786.0,813.2725456931585,2.0,0.08902569056759575,1.9109743094324043,5,1619950500,1620026100
11396,11397,11433,short,A,57020.08,873.056031262342,-1.0,0.07249510516350983,-1.0724951051635099,2,1620262800,1620295200
11624,11625,11639,short,A,58872.42,613.3490564894018,-1.0,0.10126436560528598,-1.101264365605286,1,1620468000,1620480600
11664,11665,11698,short,A,59097.41,626.3179555050083,2.0,0.10473614004424858,1.8952638599557514,2,1620504000,1620533700
11832,11833,11833,long,A,57747.75,437.606899161241,-1.0,0.13196261327388767,-1.1319626132738876,0,1620655200,1620655200
11889,11890,11984,long,A,55388.45,1255.3481218620436,2.0,0.056255529856729894,1.94374447014327,5,1620706500,1620791100
11976,11977,11983,short,A,57075.29,611.0243631175399,-1.0,0.09340918864313875,-1.0934091886431387,0,1620784800,1620790200
12025,12026,12029,long,A,56653.42,1004.9959926946831,-1.0,0.05637178696414092,-1.056371786964141,0,1620828900,1620831600
12209,12210,12221,short,A,50426.97,774.9269110840542,-1.0,0.0650731950055227,-1.0650731950055228,0,1620994500,1621004400
12301,12302,12325,long,A,48656.65,1124.1030969308922,-1.0,0.048046199363260336,-1.0480461993632604,2,1621077300,1621098000
12336,12337,12351,long,A,48157.36,1450.6289460398038,-1.0,0.033197572771085884,-1.0331975727710858,0,1621108800,1621121400
12468,12469,12518,long,A,43635.46,1334.0939347494132,-1.0,0.03810474628201391,-1.0381047462820139,3,1621227600,1621271700
12662,12663,12670,long,A,39737.75,1051.4006051092365,-1.0,0.03779506099473036,-1.0377950609947304,0,1621402200,1621408500
12672,12673,12686,long,A,40369.92,1973.5399501478096,-1.0,0.020455587938301663,-1.0204555879383017,0,1621411200,1621422900
12833,12834,12835,short,A,40993.86,1119.7940249200838,-1.0,0.03660839322921517,-1.0366083932292152,0,1621556100,1621557000
13143,13144,13148,short,A,34899.12,999.7771422841324,-1.0,0.03490689927183974,-1.0349068992718398,0,1621835100,1621838700
13223,13224,13338,short,A,38677.37,1456.1595170836008,-1.0,0.036787286572343675,-1.0367872865723438,7,1621907100,1622009700
13467,13468,13475,short,A,40056.68,589.9592542705504,2.0,0.07163172218096947,1.9283682778190305,1,1622126700,1622133000
13553,13554,13589,long,A,36529.29,1606.7038241887785,-1.0,0.025236456955887537,-1.0252364569558876,2,1622204100,1622235600
13594,13595,13599,long,A,34885.58,493.43371675968956,2.0,0.07069962755907469,1.9293003724409252,0,1622241000,1622244600
13657,13658,13662,long,A,35065.18,1187.580986267174,-1.0,0.02952655895091206,-1.0295265589509122,0,1622297700,1622301300
13863,13864,13887,short,A,36780.27,703.0334031810271,-1.0,0.055193941958414164,-1.0551939419584142,1,1622483100,1622503800
13961,13962,14038,long,A,36178.39,729.1269794874388,2.0,0.06326394242389254,1.9367360575761075,5,1622571300,1622639700
14049,14050,14075,short,A,38089.37,318.52523680882587,2.0,0.12615730468514813,1.873842695314852,1,1622650500,1622673000
14136,14137,14199,short,A,38460.91,910.2125495549335,2.0,0.05155093744086873,1.9484490625591313,4,1622728800,1622784600
14331,14332,14358,long,A,35826.42,597.8191573076765,-1.0,0.06652066216662433,-1.0665206621666243,2,1622904300,1622927700
14562,14563,14571,long,A,33607.76,404.0969623600613,-1.0,0.08316756405126002,-1.08316756405126,0,1623112200,1623119400
14591,14592,14617,long,A,32938.32,634.7194976174615,-1.0,0.05760266596069693,-1.057602665960697,2,1623138300,1623160800
14753,14754,14793,short,A,37075.56,667.1877289182885,-1.0,0.061682596690923526,-1.0616825966909236,2,1623284100,1623319200
14838,14839,14954,long,A,36618.68,966.3008660210326,-1.0,0.05248559075481165,-1.0524855907548116,7,1623360600,1623464100
15533,15534,15562,long,A,37865.64,732.6656762995481,-1.0,0.05736703896418892,-1.057367038964189,2,1623986100,1624011300
15636,15637,15665,long,A,35155.9,452.57517773180007,2.0,0.08622445710693705,1.913775542893063,2,1624078800,1624104000
15903,15904,15919,long,A,31645.83,781.2025199684431,2.0,0.04273712615692618,1.9572628738430737,1,1624319100,1624332600
16161,16162,16165,short,A,33896.97,781.9887543774021,-1.0,0.04334713230881157,-1.0433471323088115,0,1624551300,1624554000
16288,16289,16309,long,A,31569.18,529.4428035465826,2.0,0.06290667221633062,1.9370933277836695,1,1624665600,1624683600
16326,16327,16336,long,A,30537.73,656.3278089129853,2.0,0.046528167152595286,1.9534718328474048,0,1624699800,1624707900
16650,16651,16686,short,A,36190.01,434.9995185046864,2.0,0.09234702428657339,1.9076529757134266,2,1624991400,1625022900
16739,16740,16747,long,A,34246.18,305.3683789304923,2.0,0.11214710612782565,1.8878528938721744,0,1625071500,1625077800
16770,16771,16796,short,A,34792.9,479.21797643679747,2.0,0.07659668732155983,1.9234033126784402,1,1625099400,1625121900
16893,16894,16991,long,A,33045.82,461.29240898590433,2.0,0.09527783189977229,1.9047221681002278,6,1625210100,1625297400
16932,16933,16990,short,A,33572.07,330.7304556915551,-1.0,0.11825781652983304,-1.1182578165298331,3,1625245200,1625296500
17013,17014,17031,short,A,34530.15,256.95188693310047,-1.0,0.14177482284644466,-1.1417748228464446,1,1625318100,1625333400
17146,17147,17153,short,A,35670.01,335.662466693233,2.0,0.11211220879334216,1.8878877912066578,1,1625437800,1625443200
17466,17467,17471,long,A,33295.0,633.413676503169,-1.0,0.052564384438000725,-1.0525643844380008,0,1625725800,1625729400
17487,17488,17594,long,A,32559.82,485.3531293767228,2.0,0.09291245480977986,1.90708754519022,7,1625744700,1625840100
17688,17689,17698,short,A,33695.57,269.55021591109835,-1.0,0.13188201771548397,-1.131882017715484,1,1625925600,1625933700
17717,17718,17785,long,A,33295.46,310.61364601544483,2.0,0.13077487651003009,1.86922512348997,4,1625951700,1626012000
18003,18004,18030,long,A,32424.0,279.43332278468006,-1.0,0.12241675280209427,-1.1224167528020943,1,1626209100,1626232500
18036,18037,18053,long,A,31920.98,303.8882052232402,-1.0,0.11081915428491444,-1.1108191542849144,1,1626238800,1626253200
18611,18612,18632,long,A,29739.77,397.8578047131123,-1.0,0.07886098243724098,-1.078860982437241,1,1626756300,1626774300
18636,18637,18650,long,A,29662.67,408.21821669236306,-1.0,0.07666026544225371,-1.0766602654422537,1,1626778800,1626790500
18821,18822,18846,short,A,32076.02,291.240594468145,-1.0,0.11619328398157537,-1.1161932839815754,1,1626945300,1626966900
18905,18906,18971,short,A,32514.02,314.788403394723,-1.0,0.12601196223312008,-1.1260119622331202,4,1627020900,1627079400
18999,19000,19002,short,A,33661.82,212.523726434767,-1.0,0.15839087976058197,-1.158390879760582,0,1627105500,1627107300
19362,19363,19368,short,A,39021.12,747.9304598301314,-1.0,0.05217212307259475,-1.0521721230725947,0,1627432200,1627436700
20011,20012,20062,long,A,38023.82,360.46524758414307,-1.0,0.12289048832553438,-1.1228904883255344,3,1628016300,1628061300
20225,20226,20286,short,A,40779.42,486.2540876201747,-1.0,0.09770205641357962,-1.0977020564135795,3,1628208900,1628262900
20256,20257,20286,short,A,40725.4,611.8551376201503,-1.0,0.07022135528209547,-1.0702213552820954,1,1628236800,1628262900
20420,20421,20426,short,A,44587.48,388.7923884480333,2.0,0.11468197764360206,1.885318022356398,0,1628384400,1628388900
20611,20612,20764,short,A,45917.07,745.3329953894936,-1.0,0.09210114146915929,-1.0921011414691593,9,1628556300,1628693100
20639,20640,20670,long,A,45590.91,426.0891457775724,-1.0,0.11876836244595954,-1.1187683624459595,2,1628581500,1628608500
20839,20840,20848,long,A,45383.9,668.5178795309475,-1.0,0.0678873391267302,-1.0678873391267303,0,1628761500,1628768700
20895,20896,20922,long,A,44377.23,610.3077692471488,2.0,0.08071128663618947,1.9192887133638106,2,1628811900,1628835300
20975,20976,20977,short,A,46295.05,453.79221258920006,-1.0,0.1076291668191628,-1.107629166819163,1,1628883900,1628884800
21075,21076,21185,short,A,46624.76,853.9043945247322,-1.0,0.07562356279468668,-1.0756235627946866,7,1628973900,1629072000
21210,21211,21247,short,A,47230.15,605.8751639128095,2.0,0.0865284956746378,1.9134715043253623,2,1629095400,1629127800
21351,21352,21358,long,A,45884.99,460.830292934661,-1.0,0.09957025547907247,-1.0995702554790725,0,1629222300,1629227700
21807,21808,21819,short,A,49150.0,369.4460630797912,2.0,0.14035404672535642,1.8596459532746437,1,1629632700,1629642600
22090,22091,22109,long,A,47492.03,508.0160023067292,2.0,0.0986269948633394,1.9013730051366606,1,1629887400,1629903600
22342,22343,22395,short,A,49115.48,331.72784993681125,2.0,0.17248938915107487,1.8275106108489252,3,1630114200,1630161000
22525,22526,22532,short,A,49141.85,300.9752838612185,2.0,0.17225551242907333,1.8277444875709268,1,1630278900,1630284300
22629,22630,22656,long,A,46998.49,446.7181688306446,2.0,0.11099482942409171,1.8890051705759083,1,1630372500,1630395900
22660,22661,22673,short,A,47764.01,406.2087331269504,-1.0,0.12405206102314777,-1.1240520610231477,1,1630400400,1630411200
22774,22775,22787,short,A,47521.01,467.5839403702994,-1.0,0.10722067466709026,-1.1072206746670903,1,1630503000,1630513800
22827,22828,22844,short,A,49690.95,407.78262467248715,-1.0,0.12855857282321576,-1.1285585728232157,1,1630550700,1630565100
23132,23133,23181,long,A,49874.26,418.02607618262846,2.0,0.13899494842665167,1.8610050515733483,3,1630825200,1630868400
23423,23424,23426,long,A,45328.57,560.900747547872,-1.0,0.08525865147990108,-1.0852586514799012,1,1631087100,1631088900
24024,24025,24029,short,A,46424.96,417.6942845668382,-1.0,0.11114578703930342,-1.1111457870393033,0,1631628000,1631631600
24072,24073,24107,short,A,47043.0,484.49997984667425,-1.0,0.10777653699082695,-1.107776536990827,2,1631671200,1631701800
24221,24222,24244,long,A,47645.09,418.54511165567965,-1.0,0.12635686913363653,-1.1263568691336365,2,1631805300,1631825100
24559,24560,24575,long,A,45587.99,359.03565457441437,-1.0,0.13395697290011532,-1.1339569729001153,1,1632109500,1632123000
24625,24626,24638,long,A,43808.78,1073.946950290032,-1.0,0.040792312868125305,-1.0407923128681253,0,1632168900,1632179700
24646,24647,24725,long,A,42215.69,1722.665943515749,-1.0,0.03124517841233327,-1.0312451784123333,5,1632187800,1632258000
24813,24814,24851,short,A,43286.79,962.902521860291,-1.0,0.052371978684376985,-1.052371978684377,3,1632338100,1632371400
25228,25229,25255,short,A,44157.83,366.7151373052693,2.0,0.1336601255682491,1.866339874431751,2,1632711600,1632735000
25244,25245,25311,short,A,43722.07,599.9488529615846,2.0,0.08890912139707928,1.9110908786029208,4,1632726000,1632785400
25294,25295,25297,long,A,43106.06,365.53458989991486,-1.0,0.12441201067305774,-1.1244120106730577,1,1632771000,1632772800
25412,25413,25520,long,A,41572.93,997.0820145395555,2.0,0.0554538103122173,1.9445461896877827,6,1632877200,1632973500
25460,25461,25490,short,A,42033.19,551.632693435582,2.0,0.08457954261089938,1.9154204573891007,2,1632920400,1632946500
25671,25672,25676,short,A,47514.14,380.69370569039165,-1.0,0.12480936587546845,-1.1248093658754685,0,1633110300,1633113900
25690,25691,25796,short,A,48150.0,450.93192458459816,2.0,0.14788873079109058,1.8521112692089094,7,1633127400,1633221900
25788,25789,25795,short,A,48049.28,289.8960247399882,2.0,0.17486266134717215,1.8251373386528278,1,1633215600,1633221000
26157,26158,26163,short,A,54717.31,664.4484424593829,-1.0,0.0868792194565627,-1.0868792194565626,1,1633547700,1633552200
26402,26403,26413,short,A,54767.38,421.61162119822256,-1.0,0.12990007211933768,-1.1299000721193377,0,1633768200,1633777200
26593,26594,26615,short,A,56698.71,410.6051711792388,-1.0,0.14568043280655227,-1.1456804328065522,1,1633940100,1633959000
26642,26643,26717,short,A,57334.76,634.5020622774537,2.0,0.1102414182058452,1.889758581794155,4,1633984200,1634050800
26787,26788,26789,long,A,54939.29,604.3785867967454,-1.0,0.09090211202084873,-1.0909021120208486,0,1634114700,1634115600
26911,26912,26915,long,A,57488.09,399.33115791569435,-1.0,0.1518787946990208,-1.1518787946990208,1,1634226300,1634229000
26924,26925,27010,long,A,58071.71,1326.7246656747375,2.0,0.05821507378150696,1.941784926218493,6,1634238000,1634314500
26952,26953,26954,long,A,57279.99,499.2834937821244,2.0,0.11472438146532367,1.8852756185346764,0,1634263200,1634264100
27033,27034,27383,short,A,61431.48,1707.1019234466876,-1.0,0.07952868480511667,-1.0795286848051167,22,1634336100,1634650200
27349,27350,27383,short,A,62530.19,601.019149216314,-1.0,0.11548469127897797,-1.115484691278978,2,1634620500,1634650200
27586,27587,27673,long,A,63639.66,1875.4098898136508,-1.0,0.04326551061755492,-1.043265510617555,5,1634833800,1634911200
27619,27620,27673,long,A,62923.47,1134.2882203587214,-1.0,0.06462717432330987,-1.0646271743233098,3,1634863500,1634911200
27672,27673,27873,short,A,62485.47,1461.5921520915072,2.0,0.07331907255841011,1.92668092744159,13,1634911200,1635091200
27759,27760,27858,long,A,61700.0,1767.3130536951285,-1.0,0.04835278040940753,-1.0483527804094075,7,1634989500,1635077700
27767,27768,27858,short,A,61329.45,732.3336099678563,2.0,0.1113811620684461,1.8886188379315538,6,1634996700,1635077700
28148,28149,28197,long,A,59074.92,854.4440412389085,-1.0,0.0805462715852176,-1.0805462715852177,3,1635339600,1635382800
28199,28200,28229,long,A,58887.97,916.0702928239189,2.0,0.07135440065248812,1.9286455993475118,2,1635385500,1635411600
28535,28536,28566,long,A,60415.0,386.2457268263897,2.0,0.17362172664279732,1.8263782733572027,2,1635687900,1635714900
29287,29288,29307,short,A,66201.44,468.61088902837946,2.0,0.14904160538141117,1.8509583946185888,1,1636364700,1636381800
29505,29506,29519,short,A,68460.01,485.66281055605214,2.0,0.14096201832217248,1.8590379816778275,0,1636560900,1636572600
29773,29774,29787,long,A,63813.88,502.4414290785935,2.0,0.1339930178995431,1.866006982100457,1,1636802100,1636813800
30008,30009,30010,long,A,63927.4,384.97819153678574,-1.0,0.16605460102768332,-1.1660546010276833,0,1637013600,1637014500
30044,30045,30057,long,A,60864.39,1007.2640061445854,-1.0,0.06374885934401475,-1.0637488593440148,1,1637046000,1637056800
30265,30266,30270,long,A,59016.77,464.1678917372046,-1.0,0.12714530895086815,-1.127145308950868,0,1637244900,1637248500
30498,30499,30512,short,A,59570.36,434.36392586675356,2.0,0.1371438935246062,1.8628561064753937,0,1637454600,1637466300
30606,30607,30607,long,A,57611.95,435.9276931384811,-1.0,0.13215941750619276,-1.1321594175061929,0,1637551800,1637551800
30744,30745,30748,short,A,56821.8,495.63449708907865,-1.0,0.11464456234124401,-1.114644562341244,0,1637676000,1637678700
31055,31056,31071,long,A,54322.1,675.1134361359218,-1.0,0.08488916444622754,-1.0848891644462275,1,1637955900,1637969400
31872,31873,31903,short,A,49267.19,564.9811819436436,2.0,0.09199755161966554,1.9080024483803344,1,1638691200,1638718200
31969,31970,31975,long,A,48458.3,937.9336881701092,-1.0,0.05166495308910508,-1.0516649530891051,0,1638778500,1638783000
31983,31984,32038,long,A,48318.19,1453.1689463913135,2.0,0.04056527078037784,1.9594347292196221,4,1638791100,1638839700
32063,32064,32069,short,A,50872.26,488.59388026289525,-1.0,0.1098463089040778,-1.1098463089040778,1,1638863100,1638867600
32100,32101,32171,short,A,51332.71,785.760762257727,2.0,0.07970098433021386,1.9202990156697861,4,1638896400,1638959400
32290,32291,32298,long,A,48539.67,665.3889193533396,-1.0,0.07294932119875612,-1.0729493211987562,0,1639067400,1639073700
32309,32310,32369,long,A,47752.58,695.8491529535313,2.0,0.08372238056585013,1.9162776194341498,4,1639084500,1639137600
32393,32394,32416,long,A,48014.1,1010.3061763991209,-1.0,0.05013814295438774,-1.0501381429543877,1,1639160100,1639179900
32517,32518,32568,short,A,49346.37,490.87384410852974,-1.0,0.11711465530294089,-1.117114655302941,3,1639271700,1639316700
32571,32572,32581,short,A,49737.67,370.85564421065646,-1.0,0.1414923641291373,-1.1414923641291372,1,1639320300,1639328400
32735,32736,32789,long,A,46784.68,588.8202357144764,2.0,0.09693503405286709,1.9030649659471328,4,1639467900,1639515600
33322,33323,33333,long,A,45925.01,331.89337919097306,-1.0,0.14598328435506733,-1.1459832843550672,1,1639996200,1640005200
33413,33414,33426,short,A,48536.0,596.4945612197916,-1.0,0.08584400148643133,-1.0858440014864312,1,1640078100,1640088900
33472,33473,33483,short,A,48875.88,595.8908575453097,-1.0,0.08202153025360626,-1.0820215302536063,0,1640131200,1640140200
33512,33513,33639,short,A,48924.99,675.5920114907203,-1.0,0.1042818511790051,-1.1042818511790051,8,1640167200,1640280600
33706,33707,33710,short,A,51101.07,320.1935221649619,-1.0,0.15959432800040538,-1.1595943280004053,0,1640341800,1640344500
33712,33713,33740,short,A,50976.0,421.33346118964255,-1.0,0.1276416068359539,-1.1276416068359538,1,1640347200,1640371500
34015,34016,34022,short,A,51430.87,345.8978112941186,-1.0,0.15686588951516328,-1.1568658895151633,1,1640619900,1640625300
34185,34186,34193,long,A,47913.35,571.907351601978,-1.0,0.08838596690251947,-1.0883859669025195,1,1640772900,1640779200
34343,34344,34371,long,A,47146.88,475.18132305395557,2.0,0.1101327730300076,1.8898672269699923,2,1640915100,1640939400
34502,34503,34503,short,A,47306.6,348.9863012767091,-1.0,0.13555431782547497,-1.135554317825475,0,1641058200,1641058200
35429,35430,35458,short,A,41891.08,561.9068288830022,-1.0,0.08275232905148026,-1.0827523290514802,2,1641892500,1641917700
35719,35720,35724,long,A,42572.31,283.8723390209052,-1.0,0.1499699130490655,-1.1499699130490655,0,1642153500,1642157100
35763,35764,35768,short,A,43074.1,276.9867600888756,-1.0,0.1555095990370767,-1.1555095990370767,0,1642193100,1642196700
35930,35931,35989,long,A,43216.21,761.1903414452026,-1.0,0.06926490436005556,-1.0692649043600555,4,1642343400,1642395600
35943,35944,35989,short,A,43163.0,390.3903910156441,2.0,0.12880669237062478,1.8711933076293752,3,1642355100,1642395600
36364,36365,36365,long,A,39818.47,455.3874795252923,-1.0,0.08743865782499732,-1.0874386578249973,0,1642734000,1642734000
36437,36438,36440,long,A,38223.54,931.4736703208328,-1.0,0.04103555604189483,-1.041035556041895,0,1642799700,1642801500
36603,36604,36637,short,A,35424.8,705.4881255791552,-1.0,0.05573662627945701,-1.055736626279457,2,1642949100,1642978800
36791,36792,36794,short,A,36404.16,469.0263261240325,-1.0,0.07761645343202557,-1.0776164534320256,0,1643118300,1643120100
36798,36799,36805,short,A,36633.91,432.84123640040343,-1.0,0.08929088035005896,-1.089290880350059,1,1643124600,1643130000
36874,36875,36876,short,A,37695.4,289.5033912919025,-1.0,0.1302071102925085,-1.1302071102925084,0,1643193000,1643193900
37020,37021,37445,long,A,36683.89,1066.8567252114954,2.0,0.08544677508774988,1.91455322491225,27,1643324400,1643706000
37067,37068,37074,long,A,36610.86,356.03370355046354,-1.0,0.1084853959465819,-1.108485395946582,1,1643366700,1643372100
37411,37412,37445,short,A,38292.72,357.7938646107359,-1.0,0.11879722768931071,-1.1187972276893108,2,1643676300,1643706000
37596,37597,37641,long,A,36992.97,537.4516785300584,-1.0,0.08018732059386377,-1.0801873205938637,3,1643842800,1643882400
37647,37648,37721,long,A,36687.63,505.04509245387453,2.0,0.09261891452647288,1.9073810854735271,5,1643888700,1643954400
38007,38008,38043,short,A,42710.0,333.0170667551356,-1.0,0.14235937053297856,-1.1423593705329786,2,1644212700,1644244200
38060,38061,38104,short,A,44052.88,457.2919555329354,-1.0,0.11222940744756592,-1.1122294074475658,3,1644260400,1644299100
38406,38407,38443,long,A,43427.9,676.9462359834215,-1.0,0.07120944978735438,-1.0712094497873543,2,1644571800,1644604200
38464,38465,38491,long,A,42365.99,531.4231563124995,-1.0,0.08410645813807326,-1.0841064581380733,1,1644624000,1644647400
38626,38627,38715,short,A,42286.73,556.1184748767773,-1.0,0.09694981049127423,-1.0969498104912743,5,1644769800,1644849000
38899,38900,38908,short,A,44004.9,280.36519891743956,2.0,0.1569556427470812,1.8430443572529187,0,1645015500,1645022700
39043,39044,39087,long,A,40506.1,346.439193543054,-1.0,0.12978257609993063,-1.1297825760999307,2,1645145100,1645183800
39102,39103,39256,long,A,40261.2,853.9442849745392,-1.0,0.07307837419611121,-1.0730783741961112,10,1645198200,1645335900
39724,39725,39733,short,A,38779.8,251.07082331296988,2.0,0.16295278145083664,1.8370472185491633,1,1645758000,1645765200
39850,39851,39909,long,A,38955.9,519.4281815446011,-1.0,0.09149714953600208,-1.0914971495360022,4,1645871400,1645923600
40094,40095,40146,short,A,43093.2,1014.6116390798707,-1.0,0.051816578851468675,-1.0518165788514686,4,1646091000,1646136900
40129,40130,40130,short,A,43450.3,281.6191786096024,-1.0,0.15428743246294832,-1.1542874324629484,0,1646122500,1646122500
40417,40418,40419,long,A,41671.9,561.4556701013207,-1.0,0.07422117580980143,-1.0742211758098015,0,1646381700,1646382600
40811,40812,40831,short,A,38930.7,274.5984651816543,2.0,0.1495707139980911,1.850429286001909,1,1646736300,1646753400
40830,40831,40841,short,A,38628.0,540.0215961623617,-1.0,0.07546464861702944,-1.0754646486170294,1,1646753400,1646762400
41008,41009,41015,long,A,39055.3,248.85813241816504,-1.0,0.15693800970254818,-1.1569380097025481,0,1646913600,1646919000
41070,41071,41086,long,A,38414.9,405.578359336032,2.0,0.09992574447598114,1.9000742555240189,1,1646969400,1646982900
41510,41511,41516,short,A,39077.5,305.07406582117255,-1.0,0.12809184515509206,-1.128091845155092,0,1647365400,1647369900
41550,41551,41801,short,A,39669.4,2074.4099254857138,-1.0,0.035951655978766005,-1.035951655978766,16,1647401400,1647626400
41624,41625,41801,short,A,41085.3,616.7743228229228,-1.0,0.10691415653976902,-1.106914156539769,11,1647468000,1647626400
41719,41720,41732,long,A,40836.8,290.27131616533734,-1.0,0.1484226018924316,-1.1484226018924315,1,1647553500,1647564300
42032,42033,42057,long,A,40811.7,285.6915547298486,2.0,0.15070919243907752,1.8492908075609225,1,1647835200,1647856800
42714,42715,42743,short,A,46888.5,593.9133839405986,-1.0,0.08763270269256217,-1.087632702692562,2,1648449000,1648474200
42752,42753,42764,short,A,47410.9,514.8548267492879,-1.0,0.0920859580929734,-1.0920859580929734,0,1648483200,1648493100
43031,43032,43041,short,A,47060.8,439.2539054592344,2.0,0.11303062621171792,1.886969373788282,1,1648734300,1648742400
43061,43062,43071,long,A,45705.9,351.0469533506839,-1.0,0.13019882258981286,-1.1301988225898127,0,1648761300,1648769400
43177,43178,43241,short,A,46773.8,433.770656202636,2.0,0.13155347228776704,1.868446527712233,4,1648865700,1648922400
43226,43227,43241,short,A,46697.0,306.1480935303407,2.0,0.16091994704882126,1.8390800529511788,1,1648909800,1648922400
43625,43626,43626,long,A,43671.0,397.8130230147508,-1.0,0.10977770327639749,-1.1097777032763976,0,1649268900,1649268900
43654,43655,43817,long,A,43176.1,566.472551844774,-1.0,0.11813980179985556,-1.1181398017998556,10,1649295000,1649440800
44088,44089,44090,long,A,41130.0,350.5435918202129,-1.0,0.11733205501327433,-1.1173320550132744,0,1649685600,1649686500
44105,44106,44110,long,A,40335.0,288.8243951495897,-1.0,0.13965233088814902,-1.139652330888149,0,1649700900,1649704500
44304,44305,44383,short,A,41041.4,520.0392385726591,2.0,0.09628217312491165,1.9037178268750883,4,1649880000,1649950200
44403,44404,44448,long,A,39817.8,306.4644799844318,2.0,0.14421820761167892,1.855781792388321,2,1649969100,1650008700
44782,44783,44790,short,A,40593.5,451.89038601984066,-1.0,0.09477108569891034,-1.0947710856989104,1,1650310200,1650316500
45498,45499,45506,short,A,40473.5,261.8188007176068,-1.0,0.16308814486571185,-1.1630881448657118,1,1650954600,1650960900
45673,45674,45700,short,A,39225.8,458.67505284434446,-1.0,0.09492698094216151,-1.0949269809421616,2,1651112100,1651135500
45955,45956,45959,long,A,37705.5,254.59123848818854,-1.0,0.14810211154123948,-1.1481021115412395,0,1651365900,1651368600
46054,46055,46067,short,A,38589.7,314.69911222170776,-1.0,0.12936844089765975,-1.1293684408976596,1,1651455900,1651466700
46321,46322,46391,short,A,39834.3,357.54349935685605,2.0,0.13592149231468922,1.8640785076853108,4,1651696200,1651758300
46490,46491,46613,long,A,35902.0,700.2912238969948,-1.0,0.07382482920791872,-1.0738248292079187,8,1651848300,1651958100
46748,46749,46753,long,A,33693.2,486.99160606857185,-1.0,0.07299166054824119,-1.0729916605482412,1,1652080500,1652084100
48220,48221,48252,long,A,29013.4,387.3124133336205,2.0,0.08314960453451718,1.9168503954654827,2,1653405300,1653433200
48476,48477,48517,long,A,28917.0,367.07758320157154,-1.0,0.09177434564698249,-1.0917743456469824,3,1653635700,1653671700
48763,48764,48783,short,A,30572.0,270.4179524701576,-1.0,0.12549063288889795,-1.1254906328888978,2,1653895800,1653912900
48785,48786,48812,short,A,30523.8,325.8481890368239,-1.0,0.09882703075683136,-1.0988270307568313,1,1653915600,1653939000
49090,49091,49110,short,A,30251.4,278.2346729212659,-1.0,0.11470614594835665,-1.1147061459483567,1,1654190100,1654207200
50126,50127,50136,long,A,24340.9,1101.8665688116926,-1.0,0.022090605785644656,-1.0220906057856447,0,1655122500,1655130600
50138,50139,50142,long,A,22826.4,428.04629148961976,2.0,0.05625992440255494,1.943740075597445,1,1655133300,1655136000
50291,50292,50292,long,A,20882.9,136.79455043069174,-1.0,0.15265885910111984,-1.1526588591011198,0,1655271000,1655271000
50354,50355,50357,short,A,21794.3,519.9014720044106,-1.0,0.04192005826791563,-1.0419200582679156,0,1655327700,1655329500
50462,50463,50493,long,A,20447.2,385.5492785250899,2.0,0.05595081407627689,1.9440491859237232,1,1655424900,1655451900
50797,50798,50818,short,A,20790.9,315.0329067052953,2.0,0.06962574078180041,1.9303742592181996,1,1655726400,1655744400
50864,50865,50867,short,A,20523.4,250.0914484869827,-1.0,0.08206358163849112,-1.0820635816384911,0,1655786700,1655788500
50908,50909,50939,short,A,21392.0,376.9588562029094,2.0,0.06299127771975858,1.9370087222802415,2,1655826300,1655853300
51135,51136,51144,short,A,21023.7,273.244405265581,-1.0,0.07694100810432306,-1.0769410081043231,0,1656030600,1656037800
51378,51379,51590,short,A,21376.4,505.1616054322549,2.0,0.07257187720874086,1.927428122791259,13,1656249300,1656439200
51750,51751,51764,long,A,19139.2,327.3478032074381,-1.0,0.06168318773535363,-1.0616831877353536,1,1656584100,1656595800
51795,51796,51805,long,A,18849.9,241.95686286744603,2.0,0.07790603571483218,1.9220939642851678,0,1656624600,1656632700
52536,52537,52680,long,A,21643.3,541.9865373525281,-1.0,0.05970025317982018,-1.05970025317982,9,1657291500,1657420200
52737,52738,52771,long,A,20923.0,321.26196681040165,-1.0,0.07229156389279769,-1.0722915638927977,2,1657472400,1657502100
52795,52796,52820,long,A,20431.2,156.74440314376625,2.0,0.14468543402598638,1.8553145659740136,2,1657524600,1657546200
52953,52954,52988,long,A,19368.0,137.05184714469942,2.0,0.156863847134449,1.843136152865551,2,1657666800,1657697400
53032,53033,53051,short,A,19801.0,332.4955937439954,-1.0,0.06282806567380941,-1.0628280656738094,1,1657737900,1657754100
53233,53234,53310,short,A,20923.3,345.8624578793351,-1.0,0.07713241750368632,-1.0771324175036863,5,1657918800,1657987200
53686,53687,53689,short,A,23833.6,253.89276179704757,-1.0,0.0938727037009889,-1.093872703700989,0,1658326500,1658328300
53942,53943,53954,short,A,22885.0,169.09764702157918,2.0,0.1427794852575266,1.8572205147424734,1,1658556900,1658566800
54191,54192,54200,long,A,22100.6,576.8924333383147,-1.0,0.038309741509539356,-1.0383097415095393,0,1658781000,1658788200
54272,54273,54330,long,A,20877.3,243.55564766117095,2.0,0.0998624122805655,1.9001375877194344,3,1658853900,1658905200
54425,54426,54448,short,A,23115.5,225.52729531842124,2.0,0.11376984308605868,1.8862301569139412,2,1658991600,1659011400
54485,54486,54520,short,A,23923.6,329.3057703314298,-1.0,0.08063993525917727,-1.0806399352591773,2,1659045600,1659076200
54982,54983,55008,long,A,22817.4,204.6871659014032,2.0,0.123736697845531,1.876263302154469,2,1659492900,1659515400
55160,55161,55176,long,A,22582.1,199.7323873689129,2.0,0.11928018191659623,1.8807198180834037,1,1659653100,1659666600
55503,55504,55531,short,A,24128.1,150.68738639884032,2.0,0.1689268498733209,1.831073150126679,1,1659961800,1659986100
56159,56160,56218,long,A,24009.4,211.99047845791574,-1.0,0.13194437412222165,-1.1319443741222217,3,1660552200,1660604400
56385,56386,56394,long,A,23408.4,145.62460820520937,-1.0,0.1607448101560806,-1.1607448101560807,0,1660755600,1660762800
56545,56546,56553,long,A,21771.9,180.33533682447887,-1.0,0.12073008198715199,-1.120730081987152,0,1660899600,1660905900
56606,56607,56734,long,A,20937.1,252.28870426496724,2.0,0.11950366183788967,1.8804963381621103,8,1660954500,1661068800
56674,56675,56690,short,A,21179.7,205.83845867145283,2.0,0.10855397793113629,1.8914460220688638,1,1661015700,1661029200
56693,56694,57054,long,A,21106.6,399.68282597044526,2.0,0.11961096623034553,1.8803890337696545,23,1661032800,1661356800
56715,56716,56734,short,A,21193.6,146.4920417136127,-1.0,0.16058821847804147,-1.1605882184780414,2,1661052600,1661068800
56745,56746,56749,short,A,21368.9,158.28655039937075,-1.0,0.13500136269369956,-1.1350013626936994,0,1661079600,1661082300
56794,56795,56824,short,A,21567.6,130.224036480653,2.0,0.18383730566942377,1.8161626943305762,2,1661123700,1661149800
56954,56955,57054,short,A,21487.3,241.6270297702431,-1.0,0.1231646580612191,-1.1231646580612191,7,1661267700,1661356800
57251,57252,57274,long,A,20704.6,322.9573674910898,-1.0,0.06763540701886184,-1.0676354070188618,1,1661535000,1661554800
57610,57611,57624,short,A,20365.9,181.35917490279462,2.0,0.11847222238144905,1.881527777618551,1,1661858100,1661869800
57920,57921,58077,short,A,20155.6,269.3432018876738,2.0,0.11187444787474692,1.8881255521252531,9,1662137100,1662277500
58100,58101,58114,short,A,19773.3,150.58950985420597,-1.0,0.1385277866977356,-1.1385277866977357,1,1662299100,1662310800
58421,58422,58459,short,A,19350.5,128.49220511215754,2.0,0.1671623191558701,1.83283768084413,2,1662588000,1662621300
58584,58585,58587,short,A,21049.4,141.59017320831117,-1.0,0.1486642718420266,-1.1486642718420266,0,1662734700,1662736500
58823,58824,58846,short,A,21807.8,441.0725850774579,-1.0,0.054881347920884734,-1.0548813479208847,2,1662949800,1662969600
58873,58874,58936,short,A,22304.6,216.79910547961117,-1.0,0.12551533337649823,-1.1255153333764982,4,1662994800,1663050600
59058,59059,59078,long,A,20368.3,312.81835059981313,-1.0,0.06869340132635056,-1.0686934013263505,1,1663161300,1663178400
59257,59258,59266,long,A,19653.3,219.61768298921015,-1.0,0.09441057394735686,-1.0944105739473569,1,1663340400,1663347600
59515,59516,59540,long,A,18410.3,255.96086777004166,2.0,0.07983811423220928,1.9201618857677907,2,1663572600,1663594200
59579,59580,59595,short,A,19545.9,172.7475262811531,2.0,0.1193703026834588,1.8806296973165413,1,1663630200,1663643700
59626,59627,59630,long,A,19263.9,134.61294449820343,-1.0,0.15097667297717599,-1.150976672977176,1,1663672500,1663675200
59657,59658,59749,long,A,18962.5,340.9264016478555,2.0,0.07397527700436056,1.9260247229956395,6,1663700400,1663782300
59870,59871,59913,short,A,19361.9,210.2966920542858,2.0,0.10219708541327009,1.89780291458673,2,1663892100,1663929900
59937,59938,59962,long,A,18757.7,300.4627460225274,2.0,0.06586298555134777,1.9341370144486523,1,1663952400,1663974000
60372,60373,60387,long,A,18793.2,212.74605416898703,-1.0,0.09319480014539441,-1.0931948001453944,1,1664343900,1664356500
60391,60392,60435,long,A,18951.1,402.4143763823049,2.0,0.05486392334806958,1.9451360766519303,3,1664361000,1664399700
60617,60618,60775,short,A,19660.2,294.46309231630585,2.0,0.10348770625306834,1.8965122937469316,10,1664564400,1664705700
60691,60692,60774,long,A,19340.9,155.57547469655765,-1.0,0.15850600840587142,-1.1585060084058714,5,1664631000,1664704800
60929,60930,60952,short,A,19555.0,193.3925045964461,-1.0,0.1066769627036472,-1.1066769627036472,1,1664845200,1664865000
60972,60973,60980,short,A,19936.4,139.97780507214702,-1.0,0.15025883560011014,-1.1502588356001102,1,1664883900,1664890200
61271,61272,61279,long,A,19641.8,167.03675436965204,-1.0,0.1240571219082839,-1.124057121908284,1,1665153000,1665159300
61547,61548,61561,long,A,19346.8,131.94681991915058,-1.0,0.15469015481014706,-1.1546901548101471,1,1665401400,1665413100
61573,61574,61590,long,A,19317.1,250.44452713190913,-1.0,0.08137347113704782,-1.0813734711370477,1,1665424800,1665439200
62231,62232,62296,short,A,19535.4,155.97773016620704,-1.0,0.15279865897909778,-1.1527986589790977,4,1666017000,1666074600
62424,62425,62465,long,A,19178.0,116.05678512685336,-1.0,0.19251239792295777,-1.1925123979229577,3,1666190700,1666226700
62843,62844,62903,short,A,19523.1,181.54684504357647,2.0,0.13119579133574558,1.8688042086642545,4,1666567800,1666620900
62918,62919,63000,long,A,19295.9,116.73925156959376,2.0,0.21074550478279735,1.7892544952172027,5,1666635300,1666708200
63021,63022,63072,short,A,20266.7,182.4267503689298,-1.0,0.12942567607136024,-1.1294256760713601,3,1666728000,1666773000
63481,63482,63489,long,A,20730.5,150.0390952875896,-1.0,0.14576652477195404,-1.145766524771954,1,1667142000,1667148300
64060,64061,64101,long,A,21304.5,133.52911930732807,-1.0,0.1858751306737473,-1.1858751306737474,3,1667663100,1667699100
64371,64372,64421,long,A,18296.3,664.958617065975,-1.0,0.032054911317714645,-1.0320549113177147,3,1667943000,1667987100
64548,64549,64561,short,A,17242.8,935.7962463196818,-1.0,0.019439225228293586,-1.0194392252282936,1,1668102300,1668113100
64636,64637,64850,long,A,16806.9,536.7223347474737,-1.0,0.0554257035232127,-1.0554257035232126,14,1668181500,1668373200
64857,64858,64860,long,A,16434.2,131.26298150117327,-1.0,0.12520056920886796,-1.125200569208868,0,1668380400,1668382200
65024,65025,65109,short,A,16930.1,241.05635203682323,2.0,0.08954701802134045,1.9104529819786595,5,1668530700,1668606300
65310,65311,65314,long,A,16697.4,101.99192566050988,-1.0,0.16371295954916015,-1.1637129595491602,0,1668788100,1668790800
65625,65626,65685,long,A,15729.2,203.7291753004738,2.0,0.09419183075618807,1.905808169243812,4,1669071600,1669124700
65672,65673,65682,long,A,15721.6,100.0803134153557,2.0,0.16572977675602585,1.834270223243974,1,1669113900,1669122000
66075,66076,66211,short,A,16515.4,130.72336155331868,2.0,0.1888761328244254,1.8111238671755747,9,1669476600,1669598100
66274,66275,66400,long,A,16261.0,245.77048581375675,2.0,0.09527523177760397,1.904724768222396,8,1669655700,1669768200
66292,66293,66318,short,A,16187.5,116.55406742966079,-1.0,0.1541612866564574,-1.1541612866564575,2,1669671900,1669694400
67979,67980,67991,long,A,17026.0,121.72127221884512,-1.0,0.14757017957966284,-1.147570179579663,1,1671190200,1671200100
69723,69724,69770,short,A,16639.0,126.09476038060893,-1.0,0.1537291077082769,-1.153729107708277,3,1672759800,1672801200
70580,70581,70581,short,A,18150.0,157.59527345313109,-1.0,0.11516842861025157,-1.1151684286102517,0,1673531100,1673531100
71194,71195,71276,long,A,20759.5,178.37577101915304,2.0,0.1483854132698211,1.851614586730179,5,1674083700,1674156600
71253,71254,71274,long,A,20776.2,129.99726085200018,2.0,0.16861040652967532,1.8313895934703246,1,1674136800,1674154800
71402,71403,71422,short,A,22504.0,228.0512717982856,-1.0,0.10953431569587847,-1.1095343156958786,2,1674270900,1674288000
71433,71434,71861,short,A,22776.8,650.0796367726616,-1.0,0.08706679120268096,-1.087066791202681,27,1674298800,1674683100
71472,71473,71496,short,A,23137.5,255.4898195291862,2.0,0.09554221199491467,1.9044577880050853,1,1674333900,1674354600
71538,71539,71547,long,A,22899.9,243.42425564915175,-1.0,0.09407402700660082,-1.0940740270066007,0,1674393300,1674400500
71782,71783,71860,long,A,22531.9,283.175467885907,2.0,0.10145007515825752,1.8985499248417426,5,1674612900,1674682200
71837,71838,71858,long,A,22573.4,235.34803612282485,2.0,0.10119029413770557,1.8988097058622944,1,1674662400,1674680400
72639,72640,72670,long,A,23561.8,205.27880977067616,-1.0,0.12740524961742064,-1.1274052496174207,2,1675384200,1675411200
73111,73112,73121,short,A,23166.9,170.99835726935999,-1.0,0.14293166256269896,-1.1429316625626988,1,1675809000,1675817100
73402,73403,73499,long,A,21588.0,144.29382104719116,2.0,0.198983156670373,1.801016843329627,6,1676070900,1676157300
73610,73611,73635,long,A,21749.5,162.39960682892706,-1.0,0.14865765669883244,-1.1486576566988325,2,1676258100,1676279700
73671,73672,73753,long,A,21577.9,213.02767063358624,2.0,0.1291467085856707,1.8708532914143292,5,1676313000,1676385900
73914,73915,73949,short,A,24629.7,187.98569531467365,-1.0,0.1454311029051262,-1.1454311029051263,2,1676531700,1676562300
74401,74402,74522,short,A,24684.4,461.42893656785236,2.0,0.07409135251528104,1.925908647484719,7,1676970000,1677078000
74688,74689,74708,long,A,23889.7,210.65284076700118,-1.0,0.11964535302838486,-1.119645353028385,1,1677228300,1677245400
75173,75174,75213,short,A,23749.3,205.3414176752085,2.0,0.12837996006093969,1.8716200399390603,2,1677664800,1677699900
75290,75291,75331,long,A,23330.0,162.7296848083206,-1.0,0.16702207733035734,-1.1670220773303575,3,1677770100,1677806100
75304,75305,75331,long,A,23379.4,210.77925771601804,-1.0,0.12311996104931659,-1.1231199610493166,2,1677782700,1677806100
76006,76007,76017,long,A,20114.5,287.04703281968614,-1.0,0.07392794585453957,-1.0739279458545397,1,1678414500,1678423500
76621,76622,76651,short,A,24821.4,254.2803626648638,-1.0,0.10298308813769218,-1.102983088137692,1,1678968000,1678994100
76657,76658,76675,short,A,24680.5,446.67262215144,-1.0,0.05829309030534693,-1.058293090305347,1,1679000400,1679015700
76753,76754,76756,short,A,26761.8,244.9817824317106,-1.0,0.10923995953641955,-1.1092399595364195,0,1679086800,1679088600
76827,76828,76832,short,A,27295.5,358.1333358230513,2.0,0.08040790850653477,1.9195920914934652,1,1679153400,1679157000
77087,77088,77092,long,A,27510.0,280.28354441380725,2.0,0.09815060694174957,1.9018493930582505,0,1679387400,1679391000
77297,77298,77305,short,A,27462.4,226.67157685647908,-1.0,0.1211550225257765,-1.1211550225257765,0,1679576400,1679582700
77887,77888,77927,short,A,28321.5,228.90202664929166,-1.0,0.13733764379537564,-1.1373376437953757,2,1680107400,1680142500
77932,77933,79042,short,A,28473.2,780.6529128401562,-1.0,0.17689682281154295,-1.176896822811543,70,1680147900,1681146000
78122,78123,78258,short,A,28559.4,200.5936761740668,2.0,0.21284969603403617,1.7871503039659637,9,1680318900,1680440400
78274,78275,78284,long,A,28120.1,230.20961189848822,-1.0,0.12214998221881224,-1.1221499822188123,0,1680455700,1680463800
78323,78324,78334,long,A,27700.5,175.20432137270473,2.0,0.1667996957554087,1.8332003042445912,1,1680499800,1680508800
78500,78501,78504,short,A,28582.9,183.98947716560724,-1.0,0.15535073222841322,-1.1553507322284133,0,1680659100,1680661800
78636,78637,78645,long,A,27920.9,181.0101578710346,-1.0,0.1627342346222751,-1.162734234622275,1,1680781500,1680788700
79750,79751,79783,long,A,29404.9,284.0911367670524,2.0,0.11489073320426581,1.885109266795734,2,1681784100,1681812900
80062,80063,80099,long,A,28070.0,324.9143596776048,-1.0,0.09589511534952203,-1.095895115349522,2,1682064900,1682097300
80134,80135,80195,long,A,27288.7,210.55570843080932,2.0,0.1581159411355506,1.8418840588644494,4,1682129700,1682183700
80328,80329,80353,short,A,27661.1,253.61678468582977,2.0,0.12106383667798114,1.878936163322019,2,1682304300,1682325900
80761,80762,80954,long,A,29087.8,271.79717662475014,2.0,0.17765360405735373,1.8223463959426462,12,1682694000,1682866800
81016,81017,81051,long,A,28537.3,255.25977042663362,-1.0,0.12409477195351622,-1.1240947719535161,2,1682923500,1682954100
81325,81326,81332,short,A,29145.0,202.91646671434864,2.0,0.14363053167601353,1.8563694683239864,0,1683201600,1683207000
81825,81826,81923,long,A,27691.2,408.0030961512675,-1.0,0.09026719735074143,-1.0902671973507414,6,1683651600,1683738900
81922,81923,81923,short,A,27872.8,501.99552022081843,2.0,0.05552400146467299,1.944475998535327,0,1683738900,1683738900
81930,81931,82005,long,A,27643.7,503.52823037074995,-1.0,0.06999750038651942,-1.0699975003865194,5,1683746100,1683812700
82127,82128,82359,long,A,26393.9,577.5011471123216,2.0,0.08089542892442722,1.9191045710755728,14,1683923400,1684131300
82406,82407,82433,short,A,27492.0,201.41961712578996,2.0,0.15150520309519885,1.8484947969048011,2,1684174500,1684197900
82491,82492,82557,long,A,27066.1,208.43866671828073,-1.0,0.1584189849219755,-1.1584189849219755,4,1684251000,1684309500
82584,82585,82597,long,A,26747.9,207.43897155906234,2.0,0.13603535675052955,1.8639646432494705,1,1684334700,1684345500
84348,84349,84371,short,A,27149.8,207.16466828190823,2.0,0.14547016269681065,1.8545298373031893,2,1685922300,1685942100
84429,84430,84513,long,A,25618.4,338.1323453596415,2.0,0.09659963161837941,1.9034003683816205,5,1685995200,1686069900
84501,84502,84514,long,A,25720.0,341.9679966082731,2.0,0.07934836086747289,1.920651639132527,1,1686060000,1686070800
84908,84909,85153,long,A,25658.2,293.5021000210327,2.0,0.16435117839546382,1.8356488216045361,16,1686426300,1686645900
85134,85135,85153,short,A,26009.0,182.7138802131485,-1.0,0.1501773974040172,-1.1501773974040173,1,1686629700,1686645900
85169,85170,85294,short,A,26070.6,228.70756534034808,2.0,0.1641470143068196,1.8358529856931805,8,1686661200,1686772800
85357,85358,85385,long,A,25007.0,184.48320869979943,2.0,0.14300697166933374,1.8569930283306664,1,1686830400,1686854700
85913,85914,85927,short,A,28846.9,238.73916208069204,-1.0,0.12747585789764024,-1.1274758578976403,1,1687330800,1687342500
85929,85930,85935,short,A,28821.7,308.1743805011538,-1.0,0.09866781739141407,-1.0986678173914142,1,1687345200,1687349700
86710,86711,86764,short,A,30572.1,248.8680439290256,-1.0,0.14311398095834846,-1.1431139809583484,3,1688048100,1688095800
87389,87390,87419,long,A,30390.3,467.8857284060141,-1.0,0.06852477977737755,-1.0685247797773776,1,1688659200,1688685300
88434,88435,88451,long,A,30178.7,182.7761211394427,-1.0,0.17419413598185454,-1.1741941359818546,1,1689599700,1689614100
88748,88749,89029,long,A,29689.6,200.63429575018745,2.0,0.294477590578852,1.705522409421148,18,1689882300,1690134300
89210,89211,89224,short,A,29190.1,176.48163282134192,-1.0,0.17449722675206283,-1.1744972267520628,1,1690298100,1690309800
90581,90582,90642,short,A,29848.2,246.55879282720707,-1.0,0.14769217346679728,-1.1476921734667973,4,1691532000,1691586000
91331,91332,91343,long,A,29137.0,228.45149598970966,-1.0,0.13455606787265087,-1.134556067872651,1,1692207000,1692216900
91905,91906,91908,long,A,26008.2,209.0132176638108,-1.0,0.12443327886484733,-1.1244332788648472,0,1692723600,1692725400
92159,92160,92184,long,A,26091.8,164.09842209401904,-1.0,0.16774597006318978,-1.1677459700631898,1,1692952200,1692973800
92799,92800,92856,long,A,26016.6,193.86693990158165,-1.0,0.15634093680638286,-1.1563409368063828,3,1693528200,1693578600
93742,93743,93761,long,A,25820.2,157.2977651903675,-1.0,0.1731767197520752,-1.1731767197520753,1,1694376900,1694393100
94000,94001,94008,short,A,26108.5,172.95348427638964,-1.0,0.1509567737778391,-1.150956773777839,0,1694609100,1694615400
94019,94020,94049,short,A,26176.5,287.84375948927845,-1.0,0.10094335569947373,-1.1009433556994737,2,1694626200,1694652300
94053,94054,94095,short,A,26162.3,423.21679031054373,-1.0,0.07201765194059379,-1.0720176519405937,3,1694656800,1694693700
95832,95833,95860,short,A,28289.1,350.6924857486374,2.0,0.08953970294791812,1.9104602970520819,2,1696257900,1696282200
96068,96069,96114,short,A,27695.9,169.9166331011329,-1.0,0.1898914950886281,-1.1898914950886281,3,1696470300,1696510800
96405,96406,96484,long,A,27898.1,223.24078785029633,-1.0,0.15933502942057812,-1.1593350294205782,5,1696773600,1696843800
96655,96656,96699,long,A,27113.1,181.02058287084947,-1.0,0.16625480109889987,-1.1662548010988998,2,1696998600,1697037300
97491,97492,97512,short,A,28626.7,286.2001067185374,-1.0,0.10552465841566314,-1.105524658415663,1,1697751000,1697769000
97875,97876,97878,short,A,31536.9,372.06447533291066,-1.0,0.08476192190018103,-1.084761921900181,0,1698096600,1698098400
98527,98528,98705,short,A,34506.6,326.80080836772686,-1.0,0.16947048961299127,-1.1694704896129913,11,1698683400,1698842700
98753,98754,98760,short,A,35437.9,312.83845391881187,-1.0,0.113278593331742,-1.113278593331742,0,1698886800,1698892200
98870,98871,98881,long,A,34511.8,234.12132870384812,-1.0,0.15551743705528337,-1.1555174370552834,1,1698992100,1699001100
98896,98897,98966,long,A,34346.1,263.7353296665533,2.0,0.15887989695191,1.84112010304809,4,1699015500,1699077600
99316,99317,99387,short,A,35593.0,215.90865897091862,2.0,0.20111958550883702,1.798880414491163,4,1699393500,1699456500
99423,99424,99429,short,A,35703.0,371.53750114817376,-1.0,0.0960952794527226,-1.0960952794527226,0,1699489800,1699494300
99573,99574,99582,short,A,36977.4,385.5008158165947,-1.0,0.10119604265263056,-1.1011960426526306,1,1699624800,1699632000
99816,99817,99853,short,A,37202.3,231.86699425050756,2.0,0.17809586540543001,1.82190413459457,2,1699843500,1699875900
100480,100481,100534,short,A,37290.0,320.0164483254557,2.0,0.13575192846281064,1.8642480715371894,3,1700441100,1700488800
100672,100673,100743,long,A,36014.9,494.2625464706289,2.0,0.08889643432169504,1.9111035656783049,4,1700613900,1700676900
101210,101211,101310,long,A,36971.2,313.46005677649373,2.0,0.1633545036856506,1.8366454963143495,7,1701098100,1701187200
102075,102076,102147,short,A,43937.5,520.4055626094851,2.0,0.10764741295057587,1.8923525870494242,5,1701876600,1701940500
102249,102250,102265,long,A,43395.0,332.5745648641605,2.0,0.13765852785133903,1.8623414721486609,1,1702033200,1702046700
102664,102665,102764,long,A,41276.4,751.6134368705461,2.0,0.07303968942941513,1.9269603105705848,6,1702406700,1702495800
102818,102819,102827,short,A,42783.6,303.1081665022066,-1.0,0.1411496116838823,-1.1411496116838822,0,1702545300,1702552500
103044,103045,103077,short,A,42559.5,279.6770223825297,2.0,0.16891285740086945,1.8310871425991306,2,1702748700,1702777500
103133,103134,103138,long,A,41828.5,303.0224873834595,2.0,0.13803761021560146,1.8619623897843987,0,1702828800,1702832400
103219,103220,103249,long,A,41202.3,427.7771129258981,2.0,0.1069121082406351,1.893087891759365,2,1702906200,1702932300
103762,103763,103830,short,A,43759.9,278.11384741846996,2.0,0.1919612363625677,1.8080387636374322,4,1703394900,1703455200
104132,104133,104152,short,A,43583.5,284.31722243004333,2.0,0.1617228534627852,1.8382771465372147,1,1703727900,1703745000
104284,104285,104583,short,A,42562.0,642.5302343682997,-1.0,0.1354633375121596,-1.1354633375121597,19,1703864700,1704132900
104612,104613,104617,short,A,44878.2,546.1575821969818,-1.0,0.08217079001168906,-1.082170790011689,0,1704159900,1704163500
104878,104879,104880,short,A,43980.5,616.2752188163868,-1.0,0.0713650308452587,-1.0713650308452587,0,1704399300,1704400200
104988,104989,105140,short,A,44044.0,372.04391372673126,-1.0,0.1834950055120199,-1.18349500551202,10,1704498300,1704634200
105331,105332,105363,long,A,46639.8,733.0153429350976,-1.0,0.07062632248965603,-1.070626322489656,2,1704807000,1704834900
105370,105371,105421,long,A,46103.3,1221.6675750281502,-1.0,0.04396477863363312,-1.043964778633633,3,1704842100,1704887100
105991,105992,106008,short,A,42869.8,320.93097760839737,2.0,0.14092637406659803,1.859073625933402,1,1705401000,1705415400
106015,106016,106036,short,A,43108.6,409.71475684695906,-1.0,0.11100301426777263,-1.1110030142677727,1,1705422600,1705440600
106577,106578,106584,long,A,40885.7,369.5140419860327,-1.0,0.11064721594949684,-1.110647215949497,0,1705928400,1705933800
106624,106625,106658,long,A,39752.8,450.75633613597165,-1.0,0.09789237435519801,-1.097892374355198,2,1705970700,1706000400
106683,106684,106721,long,A,39049.0,564.3943275639103,2.0,0.08060337033569603,1.919396629664304,3,1706023800,1706057100
107260,107261,107262,long,A,42082.6,329.8512215875671,2.0,0.13459747939182237,1.8654025206081777,1,1706543100,1706544000
107345,107346,107376,short,A,43383.3,338.58547765010735,-1.0,0.14222542364845203,-1.1422254236484521,2,1706619600,1706646600
107479,107480,107491,long,A,42564.6,538.8912255329124,-1.0,0.08332971641093721,-1.0833297164109372,1,1706740200,1706750100
107589,107590,107637,short,A,43106.4,285.01583502750145,2.0,0.17619707338420101,1.823802926615799,3,1706839200,1706881500
108205,108206,108213,short,A,44677.9,298.64379473664303,-1.0,0.14960263962423495,-1.149602639624235,0,1707393600,1707399900
108330,108331,108460,short,A,47483.2,858.818362516955,-1.0,0.07961614583974398,-1.079616145839744,8,1707506100,1707622200
108798,108799,108831,short,A,51521.1,687.1425171944502,-1.0,0.08322643348209031,-1.0832264334820902,2,1707927300,1707956100
108882,108883,108888,short,A,52298.7,320.3150108638074,-1.0,0.16327271038270677,-1.1632727103827067,0,1708002900,1708007400
108892,108893,109364,short,A,51981.7,878.3863695925684,-1.0,0.15682336357734555,-1.1568233635773455,30,1708011900,1708435800
108983,108984,109076,short,A,52201.7,471.76750388135406,2.0,0.1471662639516194,1.8528337360483806,6,1708093800,1708176600
109285,109286,109312,long,A,52188.4,552.4454828892049,-1.0,0.1048594400610167,-1.1048594400610168,2,1708365600,1708389000
109588,109589,109691,short,A,51650.7,558.1889410025906,2.0,0.1230684199450687,1.8769315800549313,6,1708638300,1708730100
109615,109616,109632,long,A,51263.7,369.9261388111554,-1.0,0.14620000542218803,-1.146200005422188,1,1708662600,1708677000
109803,109804,109871,short,A,51582.2,386.40350656462397,-1.0,0.17020369609146072,-1.1702036960914608,5,1708831800,1708892100
110025,110026,110031,short,A,56563.5,426.0078023901224,-1.0,0.1400784027081088,-1.1400784027081088,1,1709031600,1709036100
110136,110137,110137,short,A,60411.1,531.0925840634445,-1.0,0.11374871691445661,-1.1137487169144566,0,1709131500,1709131500
110357,110358,110551,short,A,62565.5,678.5514225536754,-1.0,0.15305948311055892,-1.153059483110559,12,1709330400,1709504100
110427,110428,110491,long,A,61991.9,401.5653456327418,-1.0,0.18833825882268426,-1.1883382588226843,4,1709393400,1709450100
110460,110461,110491,long,A,62084.9,493.1453610174358,-1.0,0.13974427105594014,-1.1397442710559402,2,1709423100,1709450100
110619,110620,110622,short,A,66252.3,565.3114594862855,-1.0,0.12364188860334908,-1.123641888603349,1,1709566200,1709568000
110631,110632,110648,short,A,66208.2,1674.7000777987414,-1.0,0.041708752466179944,-1.0417087524661799,1,1709577000,1709591400
110657,110658,110661,short,A,68114.3,699.8418276975717,-1.0,0.09732813516461435,-1.0973281351646142,0,1709600400,1709603100
110695,110696,110714,long,A,67021.2,1017.5725547506881,2.0,0.06948631394379907,1.9305136860562009,1,1709634600,1709650800
111512,111513,111534,short,A,72945.1,662.1999893407046,-1.0,0.12227282135811254,-1.1222728213581126,2,1710369900,1710388800
111654,111655,111802,long,A,67509.7,2061.4842408953555,-1.0,0.048958415251413624,-1.0489584152514135,9,1710497700,1710630000
112118,112119,112163,long,A,61841.5,1449.9279698831524,2.0,0.049688914895411,1.950311085104589,3,1710915300,1710954900
112346,112347,112372,long,A,63344.7,1009.8219800440493,-1.0,0.06962872505204622,-1.0696287250520462,2,1711120500,1711143000
112655,112656,112659,short,A,70923.7,480.3888851980446,2.0,0.14763809527100336,1.8523619047289968,0,1711398600,1711401300
113232,113233,113244,short,A,70848.3,600.3963976636878,-1.0,0.11800254011464889,-1.118002540114649,0,1711917900,1711927800
113682,113683,113688,long,A,66750.1,700.4559463447513,2.0,0.09529521499293099,1.904704785007069,0,1712322900,1712327400
114166,114167,114191,long,A,68270.8,947.5158482478728,2.0,0.07997817465547616,1.9200218253445238,2,1712758500,1712780100
114243,114244,114260,short,A,70890.6,537.0554797628574,2.0,0.13925857908204223,1.8607414209179578,1,1712827800,1712842200
114913,114914,114923,long,A,61313.7,677.9011714832086,2.0,0.09044636973535414,1.9095536302646459,0,1713430800,1713438900
115292,115293,115331,short,A,65976.1,557.4952905470273,-1.0,0.13787050366753967,-1.1378705036675396,3,1713771900,1713806100
115477,115478,115508,short,A,66706.8,442.17111593579466,2.0,0.16745677257388206,1.832543227426118,2,1713938400,1713965400
116080,116081,116085,long,A,61214.2,376.25310359838477,-1.0,0.16269420614624477,-1.1626942061462449,0,1714481100,1714484700
116102,116103,116107,long,A,60436.3,631.5769820733258,-1.0,0.09569110609699734,-1.0956911060969974,0,1714500900,1714504500
116207,116208,116283,long,A,57330.0,986.498342390958,2.0,0.07089986571136186,1.929100134288638,4,1714595400,1714662900
116941,116942,116954,long,A,61033.0,463.59666866780753,2.0,0.1316510754388822,1.8683489245611178,0,1715256000,1715266800
117023,117024,117038,short,A,62958.2,485.4548539241878,-1.0,0.1368219937715831,-1.136821993771583,1,1715329800,1715342400
117042,117043,117048,short,A,62959.6,498.34042537555797,2.0,0.126338536458391,1.873661463541609,0,1715346900,1715351400
117347,117348,117424,short,A,62657.3,771.2249009469815,2.0,0.1035859415352202,1.8964140584647797,5,1715621400,1715689800
117618,117619,117721,short,A,65856.0,814.173448298432,-1.0,0.1075796320588126,-1.1075796320588127,6,1715865300,1715957100
118134,118135,118161,long,A,69861.2,580.6837837035273,-1.0,0.1335424445735714,-1.1335424445735713,2,1716329700,1716353100
118200,118201,118215,long,A,69851.9,519.1529980535852,-1.0,0.14194997385413072,-1.1419499738541308,1,1716389100,1716401700
119074,119075,119303,long,A,67313.3,737.7747953873622,2.0,0.16149174754261456,1.8385082524573855,14,1717175700,1717380900
119458,119459,119492,short,A,70731.2,557.3475481773494,-1.0,0.14086656029393244,-1.1408665602939325,2,1717521300,1717551000
119508,119509,119547,short,A,70936.0,532.5918010246678,-1.0,0.14784110429133904,-1.147841104291339,2,1717566300,1717600500
120231,120232,120237,short,A,69200.0,854.6689851634146,2.0,0.08096701904629054,1.9190329809537094,0,1718217000,1718221500
120796,120797,120813,long,A,64785.0,723.1872636583721,-1.0,0.09450964976104326,-1.0945096497610431,1,1718725500,1718739900
121086,121087,121309,long,A,63635.9,442.9317211750604,-1.0,0.2463936613310796,-1.2463936613310795,13,1718986500,1719186300
121363,121364,121373,long,A,61234.8,502.40638861347543,-1.0,0.12188300425277988,-1.1218830042527799,0,1719235800,1719243900
121394,121395,121463,long,A,59606.4,1125.6934657713427,2.0,0.06460000898217105,1.935399991017829,4,1719263700,1719324900
121472,121473,121481,short,A,61499.0,621.709603009178,-1.0,0.0989191733605764,-1.0989191733605763,0,1719333900,1719341100
121516,121517,121570,short,A,61921.6,459.5946676361127,2.0,0.1643716894901243,1.8356283105098756,4,1719373500,1719421200
121575,121576,121623,long,A,61050.2,373.06870927640557,-1.0,0.1906444610108129,-1.190644461010813,3,1719426600,1719468900
121982,121983,121986,short,A,62621.9,476.8878733485908,-1.0,0.13131367665167126,-1.1313136766516712,0,1719792900,1719795600
122259,122260,122276,long,A,59877.0,496.8122869927902,-1.0,0.1271511125104616,-1.1271511125104616,1,1720042200,1720056600
122283,122284,122301,long,A,58927.9,606.4956368228814,-1.0,0.10250516364086486,-1.102505163640865,1,1720063800,1720079100
122370,122371,122377,long,A,57185.3,657.910961335212,-1.0,0.08691951245795332,-1.0869195124579534,0,1720142100,1720147500
122572,122573,122611,short,A,57995.0,541.8212003212029,2.0,0.12469828600273772,1.8753017139972623,3,1720323900,1720358100
122764,122765,122775,short,A,56987.4,576.1324497312089,-1.0,0.10435396761291509,-1.104353967612915,1,1720496700,1720505700
122789,122790,122807,short,A,57563.4,522.6558412141167,-1.0,0.11619383581158707,-1.116193835811587,1,1720519200,1720534500
122828,122829,122862,short,A,57693.3,690.3297358267446,-1.0,0.09736317445387967,-1.0973631744538797,3,1720554300,1720584000
123116,123117,123173,short,A,57793.5,837.7040164399441,-1.0,0.08416823677131648,-1.0841682367713166,4,1720813500,1720863900
123363,123364,123386,short,A,62674.6,588.2873697660762,-1.0,0.11239694475557468,-1.1123969447555746,1,1721035800,1721055600
123406,123407,123414,short,A,63272.8,662.1247555966183,-1.0,0.09556023916216062,-1.0955602391621606,0,1721074500,1721080800
123679,123680,123691,long,A,63629.1,411.2296046241754,-1.0,0.15472888937106297,-1.154728889371063,0,1721320200,1721330100
124003,124004,124057,short,A,67924.6,669.8551760779519,2.0,0.1181332351021369,1.881866764897863,3,1721611800,1721659500
124126,124127,124149,long,A,66583.4,517.7435173736012,-1.0,0.135676227017462,-1.135676227017462,1,1721722500,1721742300
124252,124253,124290,short,A,66235.8,863.5037912485714,2.0,0.08936232565745283,1.910637674342547,3,1721835900,1721869200
124297,124298,124341,long,A,64188.0,399.0208630234483,-1.0,0.18740629107307014,-1.18740629107307,3,1721876400,1721915100
124441,124442,124461,short,A,67290.5,782.4783142379893,-1.0,0.0907264472487452,-1.0907264472487452,1,1722006000,1722023100
124771,124772,124775,long,A,66688.1,746.6099942051951,-1.0,0.08932119917707897,-1.089321199177079,0,1722303000,1722305700
125143,125144,125153,long,A,61974.7,797.4873959985198,-1.0,0.0819866355607222,-1.0819866355607222,1,1722637800,1722645900
125149,125150,125153,long,A,61483.7,563.0997569295359,-1.0,0.1091879356071074,-1.1091879356071075,0,1722643200,1722645900
125229,125230,125305,long,A,60216.8,622.4927434973652,-1.0,0.11801663034215105,-1.118016630342151,4,1722715200,1722782700
125236,125237,125304,long,A,60677.2,793.6819690598713,-1.0,0.09326932812608198,-1.093269328126082,4,1722721500,1722781800
125371,125372,125716,long,A,52724.1,3733.0713314767636,2.0,0.0312129746939247,1.9687870253060753,22,1722843000,1723152600
125397,125398,125680,long,A,51927.7,3129.618620591187,2.0,0.033018759001529625,1.9669812409984704,18,1722866400,1723120200
125685,125686,125688,short,A,57247.9,1098.6017026991758,-1.0,0.05210978633962293,-1.052109786339623,0,1723125600,1723127400
126045,126046,126070,long,A,58640.1,847.3469310555738,-1.0,0.07301059723309782,-1.0730105972330979,1,1723449600,1723471200
126077,126078,126089,short,A,60171.3,637.410503849831,2.0,0.09439960533530194,1.905600394664698,0,1723478400,1723488300
126333,126334,126352,long,A,58031.9,482.2986683826821,2.0,0.12694137163037283,1.873058628369627,1,1723708800,1723725000
127162,127163,127355,short,A,64155.7,800.6608994788912,-1.0,0.13301319206334958,-1.1330131920633495,12,1724454900,1724627700
127618,127619,127706,long,A,59003.9,1004.6479430585605,2.0,0.07488192557381754,1.9251180744261824,5,1724865300,1724943600
128138,128139,128182,short,A,59263.3,667.215877923074,2.0,0.10347737034513455,1.8965226296548654,3,1725333300,1725372000
128347,128348,128356,long,A,57163.3,545.7505772068253,-1.0,0.1105033764850149,-1.110503376485015,1,1725521400,1725528600
128410,128411,128443,long,A,56103.2,441.6211933349987,-1.0,0.14101350419738726,-1.1410135041973872,2,1725578100,1725606900
128494,128495,128497,long,A,53751.0,818.7889783816208,-1.0,0.06564695106942164,-1.0656469510694215,0,1725653700,1725655500
129259,129260,129363,long,A,59841.8,370.9290539275462,-1.0,0.22344136195971637,-1.2234413619597164,7,1726342200,1726434900
129380,129381,129383,long,A,58655.2,392.3123046294422,-1.0,0.14951149711045297,-1.149511497110453,0,1726451100,1726452900
129445,129446,129527,long,A,58146.7,832.3650925763504,2.0,0.08906793804931173,1.9109320619506882,5,1726509600,1726582500
130237,130238,130244,short,A,64243.2,554.2490303510931,-1.0,0.11591035163255889,-1.1159103516325588,0,1727222400,1727227800
130295,130296,130307,long,A,63677.1,420.77172652012086,-1.0,0.15965744907717214,-1.159657449077172,1,1727274600,1727284500
130336,130337,130340,long,A,63146.5,393.23420884605,-1.0,0.16058241775379634,-1.1605824177537962,0,1727311500,1727314200
130817,130818,130868,long,A,63513.2,774.4496716562353,-1.0,0.09554252614215601,-1.095542526142156,3,1727744400,1727789400
130966,130967,130987,long,A,61259.2,830.4555002289853,-1.0,0.07782290078418373,-1.0778229007841837,1,1727878500,1727896500
131158,131159,131168,short,A,61269.2,827.4675311573155,-1.0,0.07811666750185879,-1.0781166675018587,1,1728051300,1728059400
131452,131453,131482,short,A,63658.3,767.4647995427003,2.0,0.09207029826267436,1.9079297017373256,2,1728315900,1728342000
131476,131477,131481,long,A,63274.5,521.0940120133309,-1.0,0.12142626578173245,-1.1214262657817324,0,1728337500,1728341100
131565,131566,131641,long,A,62228.5,586.7977093877489,-1.0,0.12937809535625466,-1.1293780953562547,4,1728417600,1728485100
132524,132525,132727,short,A,68629.0,535.0036470864725,-1.0,0.2199961358038675,-1.2199961358038676,13,1729280700,1729462500
132836,132837,132868,long,A,67408.0,667.7042362336651,-1.0,0.11205991506367427,-1.1120599150636743,2,1729561500,1729589400
132871,132872,132885,long,A,67111.4,492.9586578301969,-1.0,0.1436277178123696,-1.1436277178123695,1,1729593000,1729604700
133202,133203,133210,long,A,67014.5,646.3336686216935,-1.0,0.10368406173688648,-1.1036840617368864,0,1729890900,1729897200
133216,133217,133482,long,A,66758.7,1335.0489982272265,2.0,0.09400880129991956,1.9059911987000804,16,1729903500,1730142000
133822,133823,133844,long,A,69470.0,569.2895651960862,2.0,0.12874089827161275,1.8712591017283873,1,1730448900,1730467800
134142,134143,134144,long,A,68624.1,625.658355012958,-1.0,0.10968302341072186,-1.1096830234107218,0,1730736900,1730737800
134298,134299,134347,short,A,74515.5,1023.4788946057379,-1.0,0.08481909881829167,-1.0848190988182917,3,1730877300,1730920500
134496,134497,134523,short,A,75820.0,542.5735114624695,-1.0,0.14742721181576338,-1.1474272118157633,1,1731055500,1731078900
134529,134530,134536,short,A,75916.5,799.9715040963201,-1.0,0.09489900529114262,-1.0948990052911427,0,1731085200,1731090600
134762,134763,134765,short,A,81380.4,547.9245819650823,-1.0,0.14852482016436733,-1.1485248201643674,0,1731294900,1731296700
134769,134770,134790,short,A,81479.0,617.7712201854447,-1.0,0.13914592035251516,-1.1391459203525152,1,1731301200,1731319200
134845,134846,134900,short,A,88729.0,1633.0501054107008,2.0,0.06329829357807937,1.9367017064219207,3,1731369600,1731418200
135490,135491,135588,short,A,91493.0,1554.6705451935995,-1.0,0.07827104615585727,-1.0782710461558573,6,1731950100,1732037400
135718,135719,135723,short,A,94644.7,610.6872446577036,-1.0,0.15498063997234676,-1.1549806399723468,0,1732155300,1732158900
135790,135791,135819,short,A,98333.9,1071.4369232817116,-1.0,0.09682535877356838,-1.0968253587735683,1,1732220100,1732245300
136227,136228,136234,long,A,93626.3,1497.828071073076,-1.0,0.06250804201641388,-1.062508042016414,0,1732613400,1732618800
136456,136457,136523,long,A,95385.8,827.4109728274925,2.0,0.14064434703147477,1.8593556529685253,4,1732819500,1732878900
136775,136776,136781,short,A,97776.8,668.3806522945815,2.0,0.14628909389331926,1.8537109061066808,0,1733106600,1733111100
137116,137117,137143,short,A,101420.0,2631.6321893535205,2.0,0.04277809051562603,1.957221909484374,2,1733413500,1733436900
137400,137401,137435,short,A,100087.5,671.4727069075307,-1.0,0.16545292735971073,-1.1654529273597107,2,1733669100,1733699700
137553,137554,137597,long,A,97069.8,1324.1345381241263,-1.0,0.08137200178513855,-1.0813720017851385,2,1733806800,1733845500
137715,137716,137790,short,A,100944.0,1043.9848453950108,-1.0,0.12328109988158177,-1.1232810998815819,5,1733952600,1734019200
137907,137908,137922,short,A,101204.5,924.2001533382136,-1.0,0.11552773186018608,-1.1155277318601862,1,1734125400,1734138000
138187,138188,138265,short,A,106089.1,2105.9757092580403,-1.0,0.06422847229688844,-1.0642284722968884,5,1734377400,1734446700
138388,138389,138406,long,A,101402.2,1802.5188265463657,-1.0,0.05934990493551341,-1.0593499049355135,1,1734558300,1734573600
138483,138484,138530,long,A,97507.8,2423.4002407573134,-1.0,0.04687487650182828,-1.0468748765018283,3,1734643800,1734685200
138523,138524,138528,long,A,98049.4,2081.977943325197,-1.0,0.04968454028614208,-1.049684540286142,1,1734679800,1734683400
138544,138545,138557,long,A,93760.5,1886.785920899929,2.0,0.04969323703416211,1.950306762965838,0,1734698700,1734709500
138710,138711,138744,long,A,96303.5,704.844590960929,-1.0,0.1516602189629707,-1.1516602189629708,2,1734848100,1734877800
138770,138771,138787,long,A,95475.4,1363.443847995397,-1.0,0.07387656422235002,-1.07387656422235,1,1734902100,1734916500
138860,138861,138874,long,A,93219.8,1044.552894605964,2.0,0.09415213868810286,1.9058478613118972,1,1734983100,1734994800
139186,139187,139196,short,A,96057.6,713.9644556287385,2.0,0.1345411515135005,1.8654588484864996,0,1735276500,1735284600
139196,139197,139202,short,A,94872.3,1963.766432863733,-1.0,0.05096852396750654,-1.0509685239675066,1,1735285500,1735290000
139506,139507,139526,short,A,93350.0,970.866466379026,-1.0,0.10143954231657618,-1.1014395423165761,1,1735564500,1735581600
139518,139519,139524,long,A,91986.0,723.1876924139942,2.0,0.12719519561090917,1.8728048043890908,0,1735575300,1735579800
139762,139763,139777,short,A,95466.6,635.4137792412221,-1.0,0.15850657680145258,-1.1585065768014526,1,1735794900,1735807500
139805,139806,139808,short,A,96428.5,1141.6910407210235,-1.0,0.08446111650232584,-1.084461116502326,0,1735833600,1735835400
139826,139827,139903,short,A,97184.5,992.9748279625201,-1.0,0.12478688684812966,-1.1247868868481297,5,1735852500,1735920900
140350,140351,140364,long,A,95673.2,752.6884006626788,-1.0,0.12710864139233155,-1.1271086413923315,0,1736324100,1736335800
140458,140459,140467,long,A,93533.6,707.5212625751446,-1.0,0.139469939943352,-1.139469939943352,1,1736421300,1736428500
140593,140594,140800,short,A,94631.3,1260.8956078945193,-1.0,0.12871222524995632,-1.1287122252499564,13,1736542800,1736728200
140858,140859,140931,long,A,92367.0,2026.478252449073,2.0,0.05811457628902416,1.941885423710976,5,1736781300,1736846100
141000,141001,141006,short,A,96850.1,817.1321830511733,-1.0,0.12504323978339882,-1.1250432397833987,1,1736909100,1736913600
141171,141172,141188,short,A,99843.4,1175.3661964697385,-1.0,0.08961869697833529,-1.0896186969783352,1,1737063000,1737077400
141722,141723,141726,long,A,104924.1,1256.6950577304087,-1.0,0.08808415758387324,-1.0880841575838733,1,1737558900,1737561600
142270,142271,142300,short,A,102787.5,786.034370516325,-1.0,0.13795937756356394,-1.137959377563564,1,1738052100,1738078200
142716,142717,142730,long,A,100776.2,759.3191197671113,-1.0,0.14001871970853147,-1.1400187197085314,1,1738453500,1738465200
142793,142794,142796,long,A,97050.5,604.3223970453546,2.0,0.16059391555649447,1.8394060844435056,0,1738522800,1738524600
142808,142809,142815,long,A,97140.0,968.0814516599348,-1.0,0.10586165019924362,-1.1058616501992435,1,1738536300,1738541700
142905,142906,142930,short,A,101648.4,956.5170715297427,2.0,0.1179589234299323,1.8820410765700677,2,1738623600,1738645200
143001,143002,143181,long,A,97639.7,1951.399162853122,-1.0,0.08030736175517945,-1.0803073617551795,11,1738710000,1738871100
143150,143151,143164,short,A,98554.6,708.4987717034965,2.0,0.13910341688107353,1.8608965831189264,0,1738844100,1738855800
143752,143753,143941,short,A,96721.3,1371.9198355117842,-1.0,0.11703115141571323,-1.1170311514157132,12,1739385900,1739555100
144230,144231,144289,long,A,95611.0,596.4328140275902,-1.0,0.19557176811302024,-1.1955717681130202,4,1739816100,1739868300
144423,144424,144442,short,A,95982.1,710.9840800810198,-1.0,0.142423885902566,-1.142423885902566,1,1739989800,1740006000
144852,144853,144889,long,A,95643.7,691.0857484666194,-1.0,0.15361987602198096,-1.153619876021981,2,1740375900,1740408300
144916,144917,144918,long,A,94219.9,820.0649316203198,-1.0,0.11489321926476753,-1.1148932192647676,0,1740433500,1740434400
145174,145175,145194,short,A,86040.4,910.8288072758878,2.0,0.09965936658446638,1.9003406334155337,1,1740665700,1740682800
145243,145244,145247,long,A,79465.0,963.4896350643976,-1.0,0.0870124305949556,-1.0870124305949556,1,1740727800,1740730500
145666,145667,145683,long,A,83819.3,2494.886775164414,2.0,0.03544423834391141,1.9645557616560887,1,1741108500,1741122900
145791,145792,145797,short,A,90330.0,942.097700124199,-1.0,0.09588177530641628,-1.0958817753064163,0,1741221000,1741225500
145944,145945,145945,short,A,89938.2,643.9255478826817,-1.0,0.13967173735493105,-1.139671737354931,0,1741358700,1741358700
146349,146350,146416,short,A,83060.1,939.7158373888524,-1.0,0.10783400467270032,-1.1078340046727004,4,1741723200,1741782600
146624,146625,146838,short,A,84443.4,1078.00114569602,2.0,0.134341629949285,1.865658370050715,13,1741970700,1742162400
147087,147088,147091,short,A,83616.8,573.6245160201215,-1.0,0.14576922301045253,-1.1457692230104526,0,1742387400,1742390100
147122,147123,147128,short,A,85512.2,614.592812227027,-1.0,0.13913634897573823,-1.1391363489757382,0,1742418900,1742423400
147286,147287,147466,long,A,83716.1,546.2498692365771,2.0,0.24597596826482307,1.754024031735177,11,1742566500,1742727600
147579,147580,147627,short,A,87951.8,647.6012177329976,2.0,0.15822059037919425,1.8417794096208058,3,1742830200,1742872500
147790,147791,147931,long,A,86877.9,1324.3817150082177,-1.0,0.09446232500969234,-1.0944623250096923,8,1743020100,1743146100
148354,148355,148406,short,A,85098.4,577.7440605574666,2.0,0.17159784542716014,1.82840215457284,3,1743527700,1743573600
148541,148542,148605,long,A,82001.7,925.3319118682848,2.0,0.10324077152717757,1.8967592284728225,3,1743696000,1743752700
148664,148665,148725,short,A,84050.0,770.7934584926552,2.0,0.13303304389807183,1.8669669561019282,4,1743806700,1743860700
148862,148863,148866,long,A,77424.2,628.92786658775,2.0,0.1231050556243679,1.8768949443756322,0,1743984900,1743987600
148884,148885,148887,long,A,76961.4,822.8506812326959,-1.0,0.09353021362843825,-1.0935302136284382,0,1744004700,1744006500
148970,148971,149024,short,A,79933.4,1221.026739706882,2.0,0.07986618542310565,1.9201338145768942,4,1744082100,1744129800
149143,149144,149162,short,A,83315.7,785.0348734012514,2.0,0.11196708130833959,1.8880329186916605,1,1744237800,1744254000
149321,149322,149396,short,A,83562.1,897.0081183394941,-1.0,0.11877448522676222,-1.1187744852267623,5,1744398000,1744464600
149427,149428,149444,short,A,85358.7,685.7772189544339,-1.0,0.13131586470209583,-1.1313158647020958,1,1744493400,1744507800
149596,149597,149662,short,A,84205.7,1661.1241737701348,-1.0,0.06463229492129269,-1.0646322949212927,5,1744645500,1744704000
150597,150598,150637,short,A,93609.7,787.4070392391732,-1.0,0.13196067830483105,-1.131960678304831,2,1745546400,1745581500
150653,150654,150882,short,A,94999.8,928.389108964664,2.0,0.1811197959738238,1.8188802040261762,14,1745596800,1745802000
150661,150662,151207,short,A,94465.7,1332.9825955097767,-1.0,0.20339092191696323,-1.2033909219169632,34,1745604000,1746094500
150981,150982,151125,short,A,94804.7,677.1015822589688,2.0,0.20932313586854362,1.7906768641314563,9,1745892000,1746020700
151615,151616,151701,long,A,94132.9,737.4568809350749,-1.0,0.16274774919425616,-1.1627477491942562,5,1746462600,1746539100
151823,151824,151841,long,A,96252.1,655.8822971063491,2.0,0.15482345833696842,1.8451765416630317,1,1746649800,1746665100
152897,152898,153069,short,A,105225.2,1773.617277188343,-1.0,0.09195842986969295,-1.091958429869693,10,1747616400,1747770300
153088,153089,153104,short,A,106635.8,723.8399169600598,-1.0,0.15542216775288395,-1.155422167752884,1,1747788300,1747801800
153254,153255,153325,short,A,111407.7,725.9365900638513,2.0,0.18723039430764207,1.812769605692358,4,1747937700,1748000700
153633,153634,153714,short,A,109347.1,974.9086445562134,-1.0,0.14300576087666558,-1.1430057608766655,5,1748278800,1748350800
154601,154602,154603,long,A,102949.9,650.1776135587861,-1.0,0.15834119454912873,-1.1583411945491286,0,1749150000,1749150900
155070,155071,155191,long,A,109070.1,790.6179438952095,-1.0,0.19106837843288588,-1.191068378432886,7,1749572100,1749680100
155196,155197,155211,long,A,108621.1,710.2200765134039,-1.0,0.16135176164347312,-1.1613517616434732,1,1749685500,1749698100
155248,155249,155252,long,A,107348.5,691.9377345897519,-1.0,0.15514184966895417,-1.1551418496689543,0,1749732300,1749735000
155941,155942,155998,long,A,104483.1,734.8553348575224,2.0,0.17346187195431387,1.826538128045686,4,1750356000,1750406400
156039,156040,156140,long,A,103079.0,666.5251448104391,-1.0,0.2056862686538106,-1.2056862686538106,6,1750444200,1750534200
156220,156221,156238,long,A,99237.7,633.9373149717721,-1.0,0.1737614183586983,-1.1737614183586982,2,1750607100,1750622400
156314,156315,156319,short,A,101961.3,715.9551201948052,2.0,0.15024569063872517,1.8497543093612747,1,1750691700,1750695300
156341,156342,156342,short,A,103640.2,698.0781671787117,-1.0,0.14846503568341446,-1.1484650356834145,0,1750716000,1750716000
156600,156601,156604,long,A,107593.0,919.4999876895599,-1.0,0.117012508363758,-1.117012508363758,0,1750949100,1750951800
156645,156646,156693,long,A,107069.6,681.0776702410076,-1.0,0.18314516750469978,-1.1831451675046998,3,1750989600,1751031900
157391,157392,157587,long,A,107694.3,694.7739052448014,2.0,0.25731038061512984,1.7426896193848702,12,1751661000,1751836500
158024,158025,158231,short,A,118067.3,859.5249583796976,-1.0,0.23557828952600524,-1.2355782895260052,13,1752230700,1752416100
158535,158536,158546,short,A,119136.2,922.3749020048272,-1.0,0.1362663822777587,-1.1362663822777588,1,1752690600,1752699600
158649,158650,158730,short,A,119767.8,1328.1246382478857,2.0,0.114977119317245,1.885022880682755,5,1752793200,1752865200
158812,158813,158835,long,A,118191.7,718.706665237798,-1.0,0.1825401006356221,-1.182540100635622,2,1752939900,1752959700
159060,159061,159081,long,A,117050.0,939.3973645254446,2.0,0.1314542223166469,1.8685457776833532,1,1753163100,1753181100
159246,159247,159336,short,A,118537.6,944.0793039743439,2.0,0.1600876529797408,1.8399123470202592,5,1753330500,1753410600
161249,161250,161269,short,A,123871.0,863.5352116127906,2.0,0.15133593076757904,1.848664069232421,1,1755133200,1755150300
161745,161746,161783,long,A,115256.3,888.1286745638063,-1.0,0.14404950168153674,-1.1440495016815366,2,1755579600,1755612900
161808,161809,161828,long,A,113359.9,768.8199949498667,-1.0,0.15555617086649592,-1.1555561708664959,1,1755636300,1755653400
162078,162079,162164,short,A,116538.0,909.7346480033593,2.0,0.16332888972197454,1.8366711102780255,5,1755879300,1755955800
162089,162090,162169,short,A,116758.1,1081.5724731940136,2.0,0.1376390220623673,1.8623609779376327,5,1755889200,1755960300
162288,162289,162332,long,A,112960.1,1447.9325457269588,-1.0,0.08659637589474033,-1.0865963758947403,2,1756068300,1756107000
162467,162468,162472,short,A,109808.1,709.4352290492388,-1.0,0.15478241776513005,-1.15478241776513,0,1756229400,1756233000
162996,162997,163006,long,A,107897.0,907.0648444209655,2.0,0.12549415369820163,1.8745058463017983,1,1756705500,1756713600
163240,163241,163318,short,A,111835.9,901.6968385948567,2.0,0.15813604572708032,1.8418639542729196,5,1756925100,1756994400
163414,163415,163888,short,A,112194.4,1301.3772487809474,-1.0,0.2284619316024674,-1.2284619316024674,30,1757081700,1757507400
164376,164377,164482,long,A,114871.8,727.2796366798138,2.0,0.21875690583929128,1.7812430941607087,7,1757947500,1758042000
165201,165202,165327,long,A,112122.5,978.9490118080575,-1.0,0.16492830377529075,-1.1649283037752907,8,1758690000,1758802500
165366,165367,165372,long,A,109476.4,735.911722992736,-1.0,0.14876295155999383,-1.1487629515599938,0,1758838500,1758843000
166497,166498,166503,long,A,121621.6,1076.2631865723233,-1.0,0.11300358640653665,-1.1130035864065366,0,1759856400,1759860900
166507,166508,166582,long,A,121206.5,1042.109146709714,2.0,0.14829376365031333,1.8517062363496866,5,1759865400,1759932000
166691,166692,166772,long,A,120205.7,994.1522302650701,2.0,0.15416378179741727,1.8458362182025827,5,1760031000,1760103000
166849,166850,166898,long,A,111273.7,1756.975972200802,-1.0,0.07378237525788107,-1.073782375257881,3,1760173200,1760216400
168041,168042,168112,short,A,110518.2,1137.5427130890457,-1.0,0.12387289143398492,-1.1238728914339848,5,1761246000,1761309000
168626,168627,168636,long,A,111326.9,1430.1125515982567,-1.0,0.07784485205418548,-1.0778448520541855,0,1761772500,1761780600
168703,168704,168707,long,A,108101.2,938.8789887531311,-1.0,0.11513858686257611,-1.115138586862576,0,1761841800,1761844500
168720,168721,168738,long,A,107236.0,1248.6229871491232,2.0,0.0906069976000597,1.9093930023999404,1,1761857100,1761872400
168798,168799,169038,short,A,110069.9,1192.470774884132,2.0,0.16845491875431373,1.8315450812456864,15,1761927300,1762142400
168978,168979,169032,short,A,110560.2,802.8130628804356,2.0,0.1604391345325964,1.8395608654674036,3,1762089300,1762137000
169019,169020,169028,long,A,110133.1,720.637677822102,-1.0,0.16123278601134008,-1.16123278601134,1,1762126200,1762133400
169067,169068,169083,long,A,107595.4,1047.4517029799317,-1.0,0.10837076943697022,-1.1083707694369702,1,1762169400,1762182900
169162,169163,169176,long,A,104156.2,958.2083631791611,-1.0,0.11467734495180384,-1.114677344951804,1,1762254900,1762266600
169206,169207,169695,long,A,100872.0,2324.2757670651918,2.0,0.11739517481806057,1.8826048251819394,31,1762294500,1762733700
169364,169365,169369,long,A,103251.2,1162.9576367976842,-1.0,0.08878328559268256,-1.0887832855926827,0,1762436700,1762440300
169827,169828,169841,long,A,105287.1,652.7212020711304,-1.0,0.17017662387485197,-1.1701766238748519,1,1762853400,1762865100
169966,169967,170005,long,A,101389.1,794.4508934845799,2.0,0.1416599841764599,1.8583400158235401,2,1762978500,1763012700
170280,170281,170333,long,A,95691.9,1003.7485376159311,-1.0,0.11106473316990924,-1.1110647331699093,3,1763261100,1763307900
170364,170365,170431,long,A,94314.9,1236.121672966532,-1.0,0.0972812791247418,-1.0972812791247417,5,1763336700,1763396100
170434,170435,170439,long,A,93869.0,1347.5034175298788,-1.0,0.06966141887199971,-1.0696614188719997,0,1763399700,1763403300
170450,170451,170471,long,A,92092.3,1277.1783941897738,-1.0,0.07607189171222666,-1.0760718917122267,1,1763414100,1763432100
170486,170487,170489,long,A,90116.5,706.0210835908365,-1.0,0.1276399559368196,-1.1276399559368195,0,1763446500,1763448300
170667,170668,170674,short,A,92351.1,719.3664635201858,-1.0,0.1354391891209786,-1.1354391891209785,1,1763609400,1763614800
170678,170679,170710,short,A,92658.2,656.1091423285106,2.0,0.15675837351539787,1.843241626484602,2,1763619300,1763647200
171026,171027,171029,short,A,87244.6,669.2271831633552,-1.0,0.13036619281901465,-1.1303661928190147,0,1763932500,1763934300
171197,171198,171212,long,A,86946.6,794.2058794410841,-1.0,0.10947614749614792,-1.1094761474961479,0,1764086400,1764099000
171683,171684,171710,short,A,91346.6,638.4862110760441,2.0,0.15880487979390967,1.8411951202060903,2,1764523800,1764547200
171774,171775,171782,long,A,84113.6,662.6136770902231,2.0,0.12694214277220073,1.8730578572277992,0,1764605700,1764612000
172347,172348,172356,long,A,88703.0,1096.4662561882433,2.0,0.08534842223537951,1.9146515777646205,1,1765121400,1765128600
172493,172494,172496,long,A,90364.1,683.3297284044675,-1.0,0.13224084397878397,-1.1322408439787839,0,1765252800,1765254600
174649,174650,174818,short,A,88443.4,807.1755012036447,-1.0,0.17586219699225808,-1.175862196992258,11,1767193200,1767344400
174854,174855,174974,short,A,90302.0,740.5543900092744,-1.0,0.175591262106179,-1.175591262106179,8,1767377700,1767484800
175229,175230,175236,short,A,93608.2,736.1266546726256,2.0,0.1271631714540074,1.8728368285459926,0,1767715200,1767720600
176095,176096,176107,long,A,96377.6,919.8624253364978,-1.0,0.10477392851952161,-1.1047739285195215,0,1768494600,1768504500
176574,176575,176580,long,A,90717.9,778.302340132781,-1.0,0.11655868847127356,-1.1165586884712735,0,1768925700,1768930200
177458,177459,177476,long,A,84383.7,986.5352703758399,-1.0,0.09023985880006526,-1.0902398588000652,1,1769721300,1769736600
177694,177695,177720,long,A,78410.9,635.2828575045569,-1.0,0.13021522385311116,-1.1302152238531111,1,1769933700,1769956200
177751,177752,177754,long,A,77158.8,1168.0588790770125,-1.0,0.06605728647940251,-1.0660572864794025,0,1769985000,1769986800
177903,177904,177912,long,A,78280.1,583.934757620038,-1.0,0.13405624340474057,-1.1340562434047405,0,1770121800,1770129000
178069,178070,178095,long,A,70694.8,925.1919104165427,-1.0,0.08481616312951813,-1.0848161631295181,2,1770271200,1770293700
178100,178101,178104,long,A,69400.1,688.3953699896228,2.0,0.10081430385135533,1.8991856961486446,0,1770299100,1770301800
178112,178113,178119,long,A,67833.8,1828.8465545991348,-1.0,0.03709102867564989,-1.0370910286756498,0,1770309900,1770315300
178258,178259,178265,short,A,70876.6,727.3377236408123,2.0,0.09744661619531457,1.9025533838046855,0,1770441300,1770446700
178545,178546,178551,long,A,69800.5,781.9329938999435,-1.0,0.08926660026438493,-1.089266600264385,0,1770699600,1770704100
178580,178581,178584,long,A,68984.0,732.6513229738775,-1.0,0.09415665793107371,-1.0941566579310738,0,1770731100,1770733800
179118,179119,179154,long,A,68601.5,695.7909887736896,2.0,0.10944042999781865,1.8905595700021813,2,1771215300,1771246800
179157,179158,179779,short,A,68355.5,1656.518157000799,2.0,0.12977705471651907,1.8702229452834809,39,1771250400,1771809300
179169,179170,179256,long,A,67854.1,838.9720373679156,-1.0,0.10311902381325841,-1.1031190238132584,5,1771261200,1771338600
179211,179212,179256,short,A,68621.9,745.3921677805774,2.0,0.10725161459374688,1.8927483854062532,3,1771299000,1771338600
179895,179896,179946,long,A,63172.2,771.9149469447439,2.0,0.095341608931519,1.9046583910684811,3,1771914600,1771959600
180219,180220,180225,long,A,66088.2,542.2708333172632,-1.0,0.12857606700600022,-1.128576067006,1,1772206200,1772210700
180364,180365,180417,short,A,67613.7,910.3324046827183,2.0,0.09061383905008863,1.9093861609499114,4,1772336700,1772383500
180904,180905,180998,long,A,68402.2,999.9982330748608,-1.0,0.09097508674616782,-1.0909750867461678,6,1772822700,1772906400
180958,180959,180998,long,A,67843.5,426.2537294454087,-1.0,0.17667009060068448,-1.1766700906006844,2,1772871300,1772906400
181229,181230,181246,short,A,69391.0,1245.4268103367358,-1.0,0.058781057539789364,-1.0587810575397893,1,1773115200,1773129600
181848,181849,181876,short,A,73106.7,1473.5050712921366,-1.0,0.05507170526996547,-1.0550717052699654,2,1773672300,1773696600
182045,182046,182062,long,A,71436.3,754.5465764766705,-1.0,0.09988156973942641,-1.0998815697394264,1,1773849600,1773864000
182066,182067,182106,long,A,71245.0,888.3384282313345,-1.0,0.08902232244692004,-1.08902232244692,2,1773868500,1773903600
182246,182247,182365,long,A,69937.2,704.7184793833003,-1.0,0.13744924368205144,-1.1374492436820514,7,1774030500,1774136700
182258,182259,182365,long,A,70097.9,496.5745787645574,-1.0,0.1877466366320044,-1.1877466366320044,6,1774041300,1774136700
182468,182469,182506,long,A,68015.7,681.0312165925279,2.0,0.11085751307809924,1.8891424869219007,2,1774230300,1774263600
182827,182828,182830,long,A,68400.4,511.42538359979517,2.0,0.1411005873272593,1.8588994126727407,1,1774553400,1774555200
183312,183313,183347,short,A,68017.1,458.0414030716929,-1.0,0.16483003609213656,-1.1648300360921366,2,1774989900,1775020500
183445,183446,183471,long,A,66558.2,596.5599419025966,-1.0,0.12384271354924918,-1.1238427135492493,2,1775109600,1775132100
183823,183824,183842,short,A,68971.7,415.3147972795705,-1.0,0.17520479399393493,-1.175204793993935,1,1775449800,1775466000
183832,183833,183842,short,A,68904.3,554.7691062146769,-1.0,0.13103475966066117,-1.1310347596606611,1,1775457900,1775466000
183965,183966,183982,long,A,68138.5,576.5788773735112,2.0,0.12467698752244048,1.8753230124775595,1,1775577600,1775592000
184275,184276,184360,short,A,73054.0,511.96007590249064,-1.0,0.18193576879174547,-1.1819357687917456,5,1775856600,1775932200
184613,184614,184628,short,A,74471.9,482.75246995539055,-1.0,0.16274977217052908,-1.162749772170529,1,1776160800,1776173400
185130,185131,185137,long,A,74906.4,509.71766132877383,-1.0,0.15503926584373762,-1.1550392658437376,1,1776626100,1776631500
185144,185145,185179,long,A,74102.1,473.13768955969135,2.0,0.17384649926440257,1.8261535007355973,2,1776638700,1776669300
185292,185293,185306,short,A,76437.8,491.27873711826396,2.0,0.16414689443517955,1.8358531055648204,1,1776771900,1776783600
185338,185339,185351,long,A,75731.3,699.7178970649111,2.0,0.11418390444940728,1.8858160955505927,1,1776813300,1776824100
185409,185410,185478,short,A,78705.1,817.9873938857636,2.0,0.11738594349708249,1.8826140565029175,4,1776877200,1776938400
187831,187832,187836,short,A,77954.5,557.5517432062334,2.0,0.13981572284523436,1.8601842771547656,0,1779057000,1779060600
187867,187868,187895,long,A,77001.7,524.6923679674801,-1.0,0.1628990475525603,-1.1628990475525602,2,1779089400,1779113700
187903,187904,187927,long,A,76249.0,462.7290412336588,2.0,0.17384405955056495,1.826155940449435,1,1779121800,1779142500
188182,188183,188283,long,A,77055.8,514.3795496393286,-1.0,0.19923850796918274,-1.1992385079691827,6,1779372900,1779462900
188674,188675,188676,long,A,76451.4,491.7761137950147,-1.0,0.15545976686429094,-1.155459766864291,0,1779815700,1779816600
189375,189376,189388,long,A,66747.8,761.6886726004741,-1.0,0.08763134125668033,-1.0876313412566803,0,1780446600,1780457400
189392,189393,189453,long,A,66412.7,1070.010209631495,-1.0,0.07230846472637494,-1.072308464726375,3,1780461900,1780515900
189647,189648,190516,long,A,60922.6,2145.120080923487,2.0,0.11275020179563869,1.8872497982043612,54,1780691400,1781472600
189907,189908,190003,short,A,63563.0,635.0313574317261,2.0,0.13312537878743885,1.866874621212561,6,1780925400,1781010900
190096,190097,190213,long,A,61660.0,981.5613615844195,2.0,0.08700332281025226,1.9129966771897478,7,1781095500,1781199900
190223,190224,190297,short,A,63342.0,588.3788424675222,-1.0,0.13133925699285423,-1.1313392569928542,4,1781209800,1781275500
190808,190809,190834,long,A,64238.4,513.3189157855959,-1.0,0.13890901310518367,-1.1389090131051836,2,1781736300,1781758800
190962,190963,191005,long,A,62752.8,431.00785148105933,2.0,0.161610995624893,1.838389004375107,2,1781874900,1781912700
191039,191040,191065,short,A,63450.1,435.16802680942783,-1.0,0.15382530741238215,-1.153825307412382,1,1781944200,1781966700
