dir,entry,stop_d,gross_r,net_r,t_entry,t_exit,n_swaps
short,35469.47,2968.6900485287656,-1.0,-1.023776225926644,1610337600,1610607600,18
short,35255.38,2742.56475420019,-1.0,-1.0149759518483923,1610740800,1610791200,3
short,32247.14,2180.912164749968,-1.0,-1.0343037037480036,1611230400,1611579600,24
short,30318.63,1831.424421435564,-1.0,-1.021107206389494,1611763200,1611842400,5
long,37069.44,2434.571194518513,-1.0,-1.0160637155684964,1611921600,1611945900,1
long,39440.83,1585.7506619108362,-1.0,-1.0358157159030046,1612584000,1612710900,8
long,43785.81,2197.6588865137046,2.0,1.9767887232349688,1612800000,1612853100,3
long,49036.02,2217.11423934887,2.0,1.9572035139119102,1613491200,1613747700,17
long,48632.45,3769.526476659864,-1.0,-1.0235451911001416,1614096000,1614324600,15
short,52307.89,2243.897442628393,-1.0,-1.0374144387595807,1616630400,1616795100,11
long,57892.33,1922.9166399996934,-1.0,-1.1178670293008834,1617019200,1617795000,53
long,60614.66,1608.488061205127,-1.0,-1.043902146744622,1618041600,1618087500,3
long,63069.52,1642.0640093343027,-1.0,-1.0531960293286085,1618315200,1618428600,7
short,54849.47,2766.5859310356764,2.0,1.9485523391652915,1618718400,1619144100,29
short,50319.32,2940.8898124005714,-1.0,-1.0349904334960456,1619150400,1619430300,19
long,57139.14,2024.100406030399,-1.0,-1.0592817399979306,1619798400,1620089100,20
short,55519.14,1893.5095579104081,-1.0,-1.0422218949283923,1620100800,1620227700,8
short,55828.13,2207.074571039968,-1.0,-1.0364249166090111,1620676800,1620792000,8
short,54468.97,2201.7424215081746,2.0,1.975260970825693,1620849600,1620863100,0
short,49596.75,2716.079748543306,2.0,1.958640154505681,1620864000,1621197000,23
short,40369.92,3128.611233777421,2.0,1.9863868462977494,1621411200,1621428300,1
short,37304.85,4303.5955025937965,-1.0,-1.0110520804572207,1621440000,1621512900,5
short,33307.0,3644.309367178882,-1.0,-1.0111501346087575,1621785600,1621854000,4
short,33550.97,1620.7215287162778,-1.0,-1.0309483765479004,1623110400,1623240000,9
long,40676.17,1763.5461002396066,-1.0,-1.0357507317168708,1623686400,1623843000,10
short,33856.01,1535.698021731558,-1.0,-1.0232585378404842,1624190400,1624217400,1
short,32985.72,1745.292249504996,2.0,1.973823740858898,1624262400,1624364100,7
short,32779.05,892.5608028471387,2.0,1.8925801794744281,1626192000,1626697800,35
short,30672.99,870.8029435459132,-1.0,-1.054596892273244,1626710400,1626861600,10
short,31618.46,1021.7385631650221,-1.0,-1.0428598554255872,1626897600,1627003800,7
long,38276.53,2267.165285417766,2.0,1.9190460605009747,1627272000,1628265600,69
long,48200.43,1279.8232365970264,2.0,1.9416242303127336,1630526400,1630672200,10
long,50589.99,1356.1992664522465,-1.0,-1.0844907752013113,1630684800,1631025900,23
short,46640.55,2135.2748399486104,-1.0,-1.0975284548170914,1631030400,1631943900,63
short,45552.92,1269.1678200143847,2.0,1.9601599249503294,1632110400,1632140100,2
short,42668.98,1817.2942162957725,-1.0,-1.04284990718714,1632196800,1632417300,15
short,41510.06,2037.661735072104,-1.0,-1.032696126718816,1632484800,1632649500,11
short,41443.37,1561.5883383497323,-1.0,-1.0382165077276817,1632844800,1632964500,8
long,47482.28,1752.2410385350286,2.0,1.9356421790610028,1633089600,1633463100,25
long,55014.04,1885.8851898568878,2.0,1.8906069939413144,1633536000,1634264100,50
long,61571.45,1901.0106625873975,2.0,1.9408904439825392,1634515200,1634736600,15
long,66918.39,2019.3350744285206,-1.0,-1.0367840948442009,1634745600,1634780700,2
long,61347.51,2137.3496789764413,2.0,1.87500014214897,1635451200,1636333200,61
long,65274.99,1535.4748195031584,2.0,1.9457981262910389,1636344000,1636428600,5
long,68398.96,1845.0017379906926,-1.0,-1.0391115635904968,1636560000,1636574400,1
short,60943.68,1796.74807150698,2.0,1.9380980462627044,1637035200,1637252100,15
short,57952.31,2173.322329097282,2.0,1.9058714616046062,1637265600,1637928000,46
short,57260.01,1850.2755769176276,2.0,1.9367139025608977,1638288000,1638561600,19
short,53611.86,2135.690562493615,2.0,1.973516522808454,1638576000,1638593100,1
short,47241.92,3285.947729905209,-1.0,-1.0262379414058687,1638604800,1638827100,15
short,47973.4,2076.020319020683,-1.0,-1.038359857690394,1639152000,1639328400,12
short,47239.07,1793.3582147268867,-1.0,-1.0437262648120427,1639411200,1639594800,12
short,46490.5,1666.4824258547346,-1.0,-1.0447753011627043,1639756800,1639922400,11
short,49826.47,1193.445339585952,2.0,1.9513611259564356,1640664000,1640718000,3
short,47676.66,1362.8248866075169,2.0,1.8745834275704536,1640721600,1641411900,47
short,44671.93,1388.7468174554242,2.0,1.9554485941768964,1641412800,1641526200,7
short,41297.14,1657.0809732209748,-1.0,-1.0578181551464978,1641571200,1641920400,24
short,41574.09,935.2891389242839,-1.0,-1.0468953002067853,1642521600,1642545000,1
short,41971.31,1051.3081134756487,-1.0,-1.0509017476076385,1642608000,1642689900,5
short,40662.06,1221.264849098889,2.0,1.9667049616387449,1642723200,1642735800,0
short,38447.92,1444.291645591826,2.0,1.9675228597055416,1642737600,1642805100,4
short,36426.46,1691.8284360529196,2.0,1.9618904418284744,1642809600,1643022000,14
short,33690.0,1826.9339599396264,-1.0,-1.0194549725274002,1643025600,1643047200,1
short,37548.79,1718.802603294097,-1.0,-1.0843251744686824,1643227200,1643987700,52
long,40703.33,1341.3890326660369,2.0,1.9429529699911812,1644004800,1644245100,16
long,43805.26,1220.4082025103683,-1.0,-1.0753772760710518,1644249600,1644540300,20
short,41907.8,1222.5823492949414,2.0,1.9544101270297713,1645113600,1645200000,6
short,37550.0,1251.3410826865043,-1.0,-1.0300078056411157,1645444800,1645452900,0
short,38114.5,1463.0420559898944,2.0,1.9553216073096593,1645473600,1645671600,13
short,34907.8,1622.092719827524,-1.0,-1.0250710619084242,1645675200,1645728300,3
long,40792.8,1800.960309404294,2.0,1.9711205073602074,1646064000,1646136900,5
long,43626.0,1888.417124611056,-1.0,-1.0408903409070198,1646150400,1646354700,14
short,37290.0,1468.7467553389265,-1.0,-1.0267853868320014,1646683200,1646706600,1
short,39137.9,1471.5856024813097,-1.0,-1.0280584999135478,1647403200,1647421200,1
long,40868.4,1547.3696778027047,2.0,1.9067673006201984,1647460800,1648135800,46
long,43970.7,1133.63187867356,2.0,1.9206796463723181,1648137600,1648413000,19
long,46820.9,965.0574923458722,-1.0,-1.1072207509093306,1648425600,1648743300,22
long,46523.6,1195.3606304115128,-1.0,-1.0774510734623475,1648828800,1649093400,18
long,43636.3,1107.3574292566884,-1.0,-1.0394057951363462,1649433600,1649440800,0
short,42140.3,945.4165019977435,2.0,1.9456206170599266,1649635200,1649697300,4
short,39961.0,1060.0159305018908,-1.0,-1.0584326595645344,1649707200,1649862900,10
short,38902.2,863.7681885441725,-1.0,-1.0499919336839432,1650268800,1650301200,2
short,41247.0,977.8202182058853,-1.0,-1.0514627730773762,1650470400,1650536100,4
short,39414.5,1139.371329986639,-1.0,-1.0707430934750177,1650643200,1650926700,19
short,38547.0,1131.9744860146798,-1.0,-1.0490361582224568,1650988800,1651107600,8
short,39428.1,1142.4834664263265,2.0,1.8876671135544385,1651161600,1651762800,41
short,36886.5,1215.9263011575815,2.0,1.9463050474869705,1651766400,1651975200,14
short,33108.0,1121.06376278267,2.0,1.9688430389424947,1652097600,1652120100,1
short,30930.2,1351.405234236078,-1.0,-1.025405053295807,1652126400,1652163300,2
short,30971.4,1993.398084208071,2.0,1.9818994102152283,1652284800,1652331600,3
short,29663.1,1542.5319365621044,-1.0,-1.1091310257570297,1652716800,1653941700,85
short,30733.6,849.7451532915965,-1.0,-1.0918667716992696,1654099200,1654513200,28
short,29547.5,875.3579674404318,-1.0,-1.0393242979219728,1654574400,1654628400,3
short,29438.2,876.9248074564355,2.0,1.9516594722380392,1654876800,1655001000,8
short,25499.9,1174.1212427643607,2.0,1.9758927034372031,1655092800,1655130600,2
short,23255.3,1435.0310569800658,2.0,1.9748815784685134,1655136000,1655280000,10
short,20744.0,710.628328982459,2.0,1.94672630057655,1656345600,1656571500,15
short,19720.6,853.942881271704,-1.0,-1.058657698422879,1656648000,1657051200,28
short,19445.1,701.4367874449495,-1.0,-1.0292465135379145,1657728000,1657754100,1
long,22243.3,754.58506345214,-1.0,-1.0327200526432976,1658131200,1658173500,2
short,21614.9,886.1932705555218,-1.0,-1.024390729108618,1658174400,1658187900,0
long,23117.1,1046.1004324916166,-1.0,-1.0500527768402577,1658246400,1658587500,23
short,21300.0,765.5696646187196,-1.0,-1.0431247494850029,1658793600,1658944800,10
long,22763.8,782.46719677273,2.0,1.9581070335789157,1658952000,1659076200,8
long,22962.8,702.6864239050904,2.0,1.8774552957470676,1659456000,1660180500,50
long,24856.2,627.4541369942236,-1.0,-1.0396143694566617,1660536000,1660545000,0
short,21892.9,654.4024159522249,2.0,1.8874246080023973,1660896000,1661526900,43
short,20769.6,569.9184182056789,2.0,1.937500065163458,1661529600,1661729400,13
short,19743.7,513.4014691751544,-1.0,-1.0426868801821119,1661875200,1661911200,2
short,20130.6,569.5409030420803,2.0,1.8946709750264106,1661961600,1662484500,36
short,18813.1,494.0337910662346,-1.0,-1.0506471894280718,1662494400,1662582600,6
short,20823.9,804.9428381322706,2.0,1.9285987013272168,1663084800,1663553700,32
short,18766.2,542.3039523196129,-1.0,-1.0384110827717576,1663560000,1663597800,2
short,18990.3,754.1971115880449,-1.0,-1.0681105253662897,1663790400,1664242200,31
short,19885.3,585.7052400936716,2.0,1.9623143494559312,1664294400,1664331300,2
short,19280.7,658.6042641912895,-1.0,-1.0373257414757036,1664467200,1664549100,5
long,20092.2,461.90754265078,-1.0,-1.0841692404001153,1664899200,1665146700,17
short,19574.1,444.11063606502336,2.0,1.8735052429778447,1665158400,1665657000,34
short,18745.0,304.2173209676631,2.0,1.9383828641302363,1665662400,1665664200,0
short,19352.9,475.7358766888527,-1.0,-1.1883480548569265,1665763200,1666713600,66
long,20266.7,337.16579543087045,2.0,1.9266670156490726,1666728000,1666793700,4
long,20835.6,430.39974375058443,-1.0,-1.0670476839705618,1666800000,1666901700,7
long,20829.2,414.1923657485579,-1.0,-1.1028404131085758,1667577600,1667859300,19
short,20140.6,401.62512216930907,2.0,1.9498522405889003,1667880000,1667884500,0
short,19785.6,469.3661848715012,-1.0,-1.046790793005279,1667894400,1667923200,2
short,18238.0,863.3480168231374,2.0,1.973065960022048,1667937600,1668018600,5
short,16764.5,1000.8344489267429,-1.0,-1.0204356375042174,1668024000,1668087900,4
short,16582.6,766.6199412072307,-1.0,-1.1679631354191358,1668441600,1670215500,123
short,17073.8,257.3405960707822,-1.0,-1.150276161594664,1670256000,1670589000,23
short,17170.3,229.54580827422285,-1.0,-1.165310633573705,1670601600,1670924700,22
long,17436.9,195.97268564655192,2.0,1.9110238248637952,1670932800,1670938200,0
long,17749.5,258.013922386084,2.0,1.9085055768243566,1670947200,1671041700,6
short,17018.7,333.49393312198464,2.0,1.8928338225963248,1671192000,1671489000,20
short,16826.0,225.9988627876237,2.0,1.7576597097682418,1671811200,1672411500,41
short,16670.9,135.78856069103094,-1.0,-1.13627583137953,1672761600,1672801200,2
short,16835.9,153.85569002455944,-1.0,-1.1816481015134301,1672862400,1673035200,12
long,17124.6,133.2711233588904,2.0,1.8008335989746174,1673222400,1673374500,10
long,17935.6,214.42252085755752,2.0,1.9163539355461885,1673481600,1673491500,0
long,18217.1,252.42091222487466,-1.0,-1.080108184467639,1673496000,1673530200,2
long,18877.3,371.95890186522934,2.0,1.9325011207579679,1673553600,1673645400,6
long,19924.3,442.6194462385167,2.0,1.954985484326725,1673654400,1673656200,0
long,20996.2,589.010914364337,-1.0,-1.0376070976951344,1673668800,1673687700,1
long,22661.0,575.666797401783,2.0,1.897848381623863,1674259200,1674684000,29
long,23060.6,605.5126583228732,2.0,1.8739405610257305,1674691200,1675298700,42
long,23601.1,504.5551971495208,-1.0,-1.0750755630186772,1675440000,1675601100,11
long,23086.1,405.4038975320508,-1.0,-1.0726060545524798,1675800000,1675872900,5
short,21595.9,362.3482114169425,-1.0,-1.079267803993518,1676289600,1676385900,6
long,22033.4,405.46061778778966,2.0,1.9307143930444481,1676390400,1676463300,5
long,22798.0,414.252866416159,2.0,1.9419391102635426,1676476800,1676491200,1
long,24332.7,539.9440531853617,-1.0,-1.0574581612983327,1676505600,1676590200,5
long,23940.0,703.5204762407012,-1.0,-1.0452583841910896,1677168000,1677254400,6
long,23546.5,471.7091378960489,-1.0,-1.069135617438869,1677513600,1677619800,7
short,22306.4,596.1143895288715,2.0,1.8823151575732895,1677816000,1678386600,39
short,20845.6,449.6231051011084,2.0,1.951087682660226,1678392000,1678410000,1
short,20042.1,537.0033406228946,-1.0,-1.047585695594294,1678420800,1678498200,5
long,24009.0,953.1195751096284,2.0,1.9678828598222011,1678723200,1678797900,5
long,25911.3,1097.3714010883714,-1.0,-1.0236121517057044,1678809600,1678820400,0
long,28574.6,1044.021156120666,-1.0,-1.0333910972930234,1679587200,1679658300,4
long,28470.4,782.159578634945,-1.0,-1.0424056892046072,1680148800,1680199200,3
long,28488.6,779.833750034343,-1.0,-1.0646609895991028,1680278400,1680485400,14
long,28243.3,584.1362476422216,-1.0,-1.0536690936858306,1680523200,1680552000,2
long,28309.4,395.61260880736063,2.0,1.9126987683630234,1681084800,1681145100,4
long,29164.9,453.892315630971,2.0,1.9322108605050363,1681156800,1681173000,1
long,30105.7,567.4280680695615,-1.0,-1.1610262245412908,1681185600,1681731000,37
long,30369.7,508.6228429297445,-1.0,-1.0761298239712536,1681819200,1681891200,5
short,28091.2,675.3940818396592,-1.0,-1.1170823525498008,1682020800,1682496900,33
long,28940.7,619.6679397814139,-1.0,-1.0492722578333975,1682510400,1682537400,1
short,27871.9,886.086131750301,-1.0,-1.0331850973019023,1682539200,1682554500,1
long,29644.4,603.5664580633432,-1.0,-1.0545180792610358,1682870400,1682904600,2
short,28158.5,673.0047463984862,-1.0,-1.0556471632635789,1682956800,1683054000,6
long,29347.5,652.489538195039,-1.0,-1.0573466091173023,1683302400,1683381600,5
short,28188.1,609.201439725186,2.0,1.9155562033418596,1683518400,1683738900,15
short,27683.6,699.2527832069761,2.0,1.942990024555683,1683748800,1683870300,8
short,27075.2,483.3637902474244,2.0,1.8361586829674152,1684425600,1684940400,35
short,26306.9,429.4791574220375,-1.0,-1.0983111142190052,1684944000,1685110500,11
long,27518.5,402.13303362192306,2.0,1.9278049424626595,1685304000,1685319300,1
short,27150.4,496.12888253823195,2.0,1.8519702549380592,1685520000,1685979900,31
short,25991.9,420.5885831176981,-1.0,-1.0821924997196752,1685980800,1686070800,6
short,26333.9,650.0695596933855,2.0,1.8636860130140598,1686153600,1686774600,43
short,25115.9,498.4868222845316,-1.0,-1.0642399579456119,1686787200,1686862800,5
long,26672.8,440.97427172356004,2.0,1.9228802626804518,1687204800,1687283100,5
long,27973.7,547.6923181021677,2.0,1.9461152685101295,1687291200,1687309200,1
long,28704.6,617.2811314248281,2.0,1.9483831525411204,1687320000,1687360500,2
long,29836.9,692.9865509257824,2.0,1.9308958818377866,1687363200,1687535100,11
long,31232.9,800.2644468735699,-1.0,-1.043321328512645,1687536000,1687568400,2
long,30399.8,585.1367659336929,-1.0,-1.0519533240258652,1687968000,1687980600,0
long,30759.2,619.9137071771968,-1.0,-1.0523475374464082,1688112000,1688131800,1
long,31068.0,483.06976458131487,-1.0,-1.0996862224273902,1688400000,1688552100,10
long,30833.0,513.7695470144089,-1.0,-1.0600132884075655,1688644800,1688651100,0
long,30297.5,369.6256578545344,2.0,1.913523691278544,1689004800,1689019200,1
long,30585.5,482.0572075242334,2.0,1.8946765462531796,1689091200,1689275700,12
long,31600.5,566.1677547683923,-1.0,-1.0558147293515985,1689278400,1689282000,0
long,29895.1,438.80278986126234,-1.0,-1.068128782885478,1689696000,1689698700,0
long,30083.1,319.52391981019946,-1.0,-1.0993279955968633,1690142400,1690164900,1
short,29705.7,345.2961349383863,2.0,1.9092387364672003,1690171200,1690191900,1
short,29259.7,418.13238165605765,-1.0,-1.2624142013718884,1690200000,1690933500,50
long,29701.2,383.89677498140776,-1.0,-1.0901333385821639,1690934400,1690984800,3
short,29141.8,427.453114816691,-1.0,-1.195663484721282,1691006400,1691498700,34
long,29517.5,304.8498990581909,2.0,1.8978482112140844,1691510400,1691529300,1
long,29592.8,225.98184374958709,-1.0,-1.1309521132715072,1692028800,1692036000,0
short,29353.7,258.45099776747384,2.0,1.8114646783300894,1692043200,1692217800,12
short,28714.4,275.6078782039836,2.0,1.8786236583003582,1692230400,1692286200,3
short,27920.9,348.69174456955386,2.0,1.9155226644772938,1692288000,1692307800,1
short,26609.7,695.5648205727275,-1.0,-1.1834387072579946,1692316800,1693319400,69
long,27820.0,482.8310764168249,-1.0,-1.0607875123072281,1693339200,1693361700,1
short,27191.9,487.4801435154105,2.0,1.925811897200164,1693411200,1693500300,6
short,26148.7,549.3641843675856,2.0,1.784856517109757,1693512000,1694443500,64
short,25102.4,355.4759888561621,-1.0,-1.078384095898175,1694448000,1694488500,2
short,26052.1,523.4672399641764,-1.0,-1.0771409400954364,1694548800,1694693700,10
long,26680.0,501.050152693313,-1.0,-1.2318957481111066,1694707200,1695597300,61
short,26232.4,274.52072785359513,-1.0,-1.169136037060059,1695600000,1695813300,14
long,26755.7,314.6888645269643,-1.0,-1.0850227097810365,1695816000,1695824100,0
short,26293.4,377.9146599178956,-1.0,-1.0887080829499531,1695830400,1695910500,5
long,27012.3,396.3520123648579,2.0,1.8606285529612772,1695916800,1696198500,19
long,27981.4,414.42421469596337,-1.0,-1.0860863910333363,1696204800,1696282200,5
long,27926.6,490.1530650799443,-1.0,-1.1071134952332429,1696608000,1696844700,16
long,27607.7,386.2114306888177,-1.0,-1.0990044868216458,1696881600,1696991400,7
short,26769.2,407.6700590930358,-1.0,-1.1559517275844162,1697040000,1697401800,25
long,27139.8,276.9772353780603,2.0,1.896625118086264,1697414400,1697433300,1
long,27837.2,362.9671060147557,2.0,1.9190884090780225,1697443200,1697462100,1
long,28054.1,663.219596512723,2.0,1.9111702815933458,1697472000,1697771700,20
long,29222.9,583.1331798689423,2.0,1.9030301936982754,1697774400,1698023700,17
long,30723.9,589.7104842169581,2.0,1.9364380335720643,1698033600,1698098400,4
long,33074.0,1153.3612031377686,2.0,1.887732733121479,1698105600,1698871500,53
long,35437.5,719.1485948670879,-1.0,-1.0574077287985666,1698883200,1698931800,3
long,35473.5,646.0142899030858,2.0,1.9239478162203338,1699387200,1699496100,7
long,36455.5,762.3082271214494,2.0,1.9469170034373076,1699502400,1699538400,2
long,37141.5,885.0999544408982,-1.0,-1.0419630571820124,1699545600,1699545600,0
long,36871.7,633.4096963494279,-1.0,-1.064614714987599,1699891200,1699920900,2
long,37527.4,915.3336112911157,-1.0,-1.0500182965371725,1700078400,1700143200,4
long,37475.0,697.2981516695959,-1.0,-1.0685225177861077,1700496000,1700577000,5
long,36989.9,788.3716869743573,-1.0,-1.0469193663485827,1700596800,1700608500,0
long,37749.8,757.5509537627213,-1.0,-1.0964236961714384,1700827200,1701081900,17
long,38104.7,623.9881168705234,-1.0,-1.0946529002767136,1701201600,1701352800,10
long,38578.0,630.3297189173478,2.0,1.9152339983401512,1701432000,1701543600,7
long,39416.4,623.3266733021675,2.0,1.9124187743951464,1701547200,1701652500,7
long,40720.6,685.1102808989854,2.0,1.9372944266087664,1701662400,1701686700,1
long,41605.9,790.3330993465743,2.0,1.9270887534032903,1701691200,1701795600,7
long,43834.0,1014.6994322839695,-1.0,-1.064582503857813,1701806400,1701940500,9
long,41288.0,920.4466177253371,2.0,1.950209301530971,1702915200,1702950300,2
long,44078.9,1004.5953868734832,-1.0,-1.1042085090852445,1703088000,1703455200,25
long,43661.0,706.400832505009,-1.0,-1.0720059527954184,1703520000,1703568600,3
long,44230.3,796.7452619493495,2.0,1.9414330166384266,1704153600,1704179700,1
long,44969.7,1114.5389952948676,2.0,1.9596517482207048,1704729600,1704740400,0
long,47007.1,1305.807638488091,-1.0,-1.043918154795296,1704744000,1704804300,4
long,46868.9,1292.274443716085,-1.0,-1.03826330369717,1704816000,1704834900,1
long,45569.4,1509.901634934582,2.0,1.9615200198107492,1704902400,1704983400,5
long,43251.0,1143.6240434263566,-1.0,-1.0627799497681891,1705420800,1705595400,12
short,41014.2,992.7147286581543,-1.0,-1.0549492058748169,1705608000,1705694400,6
short,40809.5,709.9650536335297,2.0,1.9267117272410734,1705924800,1705999500,5
short,38850.2,956.7133272905255,-1.0,-1.0450748628349615,1706011200,1706051700,2
long,42986.8,802.4290609383073,-1.0,-1.0918739930901729,1706558400,1706750100,13
long,43596.2,680.301871049837,2.0,1.9218179954173555,1707336000,1707399900,4
long,45406.4,726.1284419395698,2.0,1.9237107310491355,1707408000,1707476400,4
long,47155.9,875.1396605452135,2.0,1.8927711253064026,1707480000,1707750000,18
long,49925.5,1072.993148051874,-1.0,-1.0593247148088243,1707753600,1707833700,5
long,51601.1,1266.5681184583036,2.0,1.7956844857148366,1707912000,1708974900,73
long,54531.2,990.2494620722333,2.0,1.9419031080515714,1708977600,1708999200,1
long,55773.1,1272.5395871949363,2.0,1.9417085144176054,1709006400,1709106300,6
long,58997.4,1406.9385413242073,2.0,1.9557605004256848,1709121600,1709137800,1
long,61032.8,2029.368946345873,2.0,1.9252642018233825,1709150400,1709540100,27
long,65313.9,1636.8528508699815,2.0,1.955708646038972,1709553600,1709593200,2
long,68296.5,1850.1123044319788,-1.0,-1.0389450993474267,1709596800,1709614800,1
long,66839.8,2274.3663701812206,-1.0,-1.029388317061105,1709654400,1709654400,0
long,63747.5,3097.394217146052,2.0,1.962439657549566,1709683200,1709910900,15
long,71223.9,2007.3301902920514,-1.0,-1.051093943834461,1710144000,1710263700,8
long,65821.6,3023.34040237101,-1.0,-1.0337452838324093,1710964800,1711116900,10
long,69844.5,2180.909821522612,-1.0,-1.109526853262201,1711382400,1712025000,44
short,64928.2,1859.1778336822758,-1.0,-1.0445269158765946,1712073600,1712152800,5
long,68200.0,2038.1178202190895,2.0,1.9370909774066853,1712332800,1712565900,16
long,72472.6,1659.1754480050718,-1.0,-1.0532894650208986,1712577600,1712644200,4
long,70858.2,1655.423629013781,-1.0,-1.0428036659366846,1712664000,1712673000,0
short,66867.6,2059.9867053434455,2.0,1.956827921379632,1712952000,1713038400,6
short,63939.7,2663.4716055830663,-1.0,-1.034568856603164,1713052800,1713172500,8
short,60274.0,2606.343552057312,-1.0,-1.0282135791123759,1713369600,1713438900,4
short,61757.1,2752.4174280313873,-1.0,-1.0224374033426211,1713499200,1713509100,0
short,64593.5,1486.6369939659699,2.0,1.8753001938250948,1713974400,1714469400,34
short,61182.3,1486.5553402444953,2.0,1.9497883435757437,1714478400,1714546800,4
short,57482.0,1905.853041878755,-1.0,-1.0334784574665328,1714550400,1714589100,2
short,63599.9,1642.1243769214798,2.0,1.9101458025508287,1715011200,1715356800,24
short,60682.4,1589.3610293415718,-1.0,-1.0675792636267771,1715371200,1715586300,14
short,62002.0,1276.233008927249,-1.0,-1.067286122047714,1715673600,1715776200,7
long,64685.4,1403.8053669246578,2.0,1.8981662719290113,1715788800,1716114600,22
long,69996.5,1335.3537352061298,-1.0,-1.0985457385040278,1716235200,1716471000,16
long,70421.4,1286.194380032349,-1.0,-1.0547517553281711,1716825600,1716839100,0
long,69650.0,1155.1738950124384,2.0,1.8634341974995017,1717430400,1717761600,23
short,67582.1,995.0165273391556,-1.0,-1.0940700037921034,1718092800,1718195400,7
long,69738.0,1256.533692256516,-1.0,-1.0555003024827474,1718208000,1718220600,0
short,67523.1,1450.6027142381934,2.0,1.8740868304552143,1718222400,1718674200,31
short,65475.0,1249.8734680595846,2.0,1.846772989511231,1718683200,1719187200,35
short,62840.0,791.3631548410701,2.0,1.9162253137583662,1719201600,1719221400,1
short,61257.3,1025.635322286433,2.0,1.9369888593969937,1719230400,1719258300,1
short,59292.8,1202.6962727877917,-1.0,-1.0520113892554128,1719259200,1719276300,1
short,61039.9,1179.234377822233,-1.0,-1.088772368299952,1719590400,1719778500,13
short,61945.0,1048.051670790252,2.0,1.9278920094244814,1719936000,1720002600,4
short,60384.9,1144.9022907172707,2.0,1.938555098482747,1720008000,1720058400,3
short,59092.4,1440.4346619943763,2.0,1.9476943925414272,1720065600,1720147500,5
short,55214.7,1850.6132995680496,-1.0,-1.042963685616308,1720152000,1720273500,8
short,55736.8,1938.606659234917,-1.0,-1.0334948668883797,1720454400,1720506600,3
short,57382.8,1713.109595819647,-1.0,-1.0574461215091813,1720713600,1720910700,13
long,62617.3,1447.6071675883827,2.0,1.9305745586577694,1721016000,1721177100,11
long,65791.5,1585.390503760881,-1.0,-1.114536159746916,1721404800,1721871900,32
long,64773.3,1470.671059014463,2.0,1.9438447115731352,1721923200,1722000600,5
short,62892.6,1609.1121945596892,-1.0,-1.041234969956931,1722528000,1722545100,1
short,63393.5,1985.5345175466941,2.0,1.9487560822534997,1722614400,1722782700,11
short,53864.0,2515.423831633627,-1.0,-1.030835423845701,1722830400,1722953700,8
short,59396.9,1950.6152519587508,-1.0,-1.0857177105183098,1723651200,1724130900,33
short,58783.7,1477.0175974172607,-1.0,-1.0529325589192107,1724169600,1724264100,6
long,61498.6,1441.9150789644789,2.0,1.9550035754903161,1724428800,1724447700,1
short,59384.4,1512.1703129176224,-1.0,-1.0587101050996737,1724803200,1724942700,9
short,58073.7,1660.482908442436,-1.0,-1.073445363020566,1725033600,1725328800,20
short,57695.1,1305.972258800572,2.0,1.9145157810606697,1725379200,1725631200,17
short,54022.1,1692.0188916352922,-1.0,-1.0617799032958621,1725638400,1725889500,17
short,56553.9,1332.1308304069285,-1.0,-1.0424537130356215,1725984000,1725993000,0
short,56676.0,1397.1413748185328,-1.0,-1.0450279128038644,1726070400,1726105500,2
short,57472.2,1371.9237283740288,-1.0,-1.0534119014668886,1726156800,1726240500,5
long,59623.6,1354.189275312492,-1.0,-1.0779313305192488,1726243200,1726452900,14
short,58546.4,1066.6837234805214,-1.0,-1.0790363761480415,1726459200,1726581600,8
long,61111.0,1307.2974400266523,-1.0,-1.0467460565047493,1726588800,1726602300,0
long,60024.6,1474.6465336515978,2.0,1.9503406339560816,1726689600,1726747200,4
long,63558.5,1111.7366520140213,2.0,1.8736532750399701,1727049600,1727370000,22
short,60776.7,1304.9257788927987,-1.0,-1.0568212960455978,1727827200,1727884800,4
long,63494.5,992.4707632623893,-1.0,-1.0780509541110987,1728273600,1728341100,4
short,59696.9,1261.4471465671754,-1.0,-1.0551326218377526,1728590400,1728639900,3
long,62218.0,1226.5225197097307,2.0,1.907422939101948,1728662400,1728891900,15
long,64599.5,1163.732769103233,2.0,1.92311782406115,1728892800,1728999900,7
long,65994.7,1465.4649014671618,2.0,1.9103837609017327,1729008000,1729276200,18
long,66465.3,1174.6179311581975,2.0,1.9247424659073296,1729713600,1729804500,6
long,69605.8,1119.214692527533,2.0,1.9241261961918794,1730145600,1730210400,4
long,72374.9,1290.4710262699791,-1.0,-1.0900149729326025,1730217600,1730383200,11
long,69615.2,1437.576449694841,2.0,1.946247817278585,1730822400,1730859300,2
long,74367.1,2117.6188265231667,2.0,1.918525624234616,1730865600,1731213900,24
long,78858.2,1638.1958687079868,2.0,1.9359774932879559,1731225600,1731319200,6
long,84114.1,2156.6216661918634,2.0,1.9588521357773907,1731340800,1731359700,1
long,88729.0,2559.3013346246166,-1.0,-1.0384828424334198,1731369600,1731408300,2
long,92608.0,3413.24473467697,-1.0,-1.0286242117382909,1731513600,1731531600,1
long,92407.8,2618.987765621305,-1.0,-1.0352837845266063,1731945600,1731957300,0
long,92455.5,2502.3192624672747,2.0,1.944762854775088,1732032000,1732164300,9
long,92877.4,2479.633869229633,2.0,1.927522457557077,1732636800,1732891500,17
long,97106.6,1828.0722531682395,-1.0,-1.05311967283115,1733155200,1733160600,0
long,95744.7,2060.655418440489,2.0,1.9330929534524786,1733241600,1733365800,8
long,103084.7,2685.576751136025,-1.0,-1.04471802023502,1733371200,1733424300,3
long,97349.1,2737.5536858810797,-1.0,-1.0433839535686678,1733788800,1733848200,4
long,95862.9,2840.6769462535035,2.0,1.9551171571381416,1733860800,1733949000,6
long,104460.5,2008.1921757810114,-1.0,-1.100653249194833,1734307200,1734552000,17
short,92715.1,3403.796591858959,-1.0,-1.0272387310751034,1734696000,1734705000,0
long,96961.4,3726.6396924404607,-1.0,-1.0503457067181972,1734710400,1734966900,17
long,98243.5,2981.9478700234804,-1.0,-1.051066427596134,1735056000,1735207200,10
short,95662.6,2585.407403277802,-1.0,-1.1367186102089224,1735214400,1735920900,49
long,102104.5,1687.2800230100743,-1.0,-1.0771556799847342,1736179200,1736260200,5
short,96433.3,2023.6344569298094,2.0,1.9261370478802908,1736280000,1736429400,10
short,93704.0,2502.0590835945386,-1.0,-1.0827661670173248,1736524800,1736846100,22
long,96508.3,2374.514536894613,2.0,1.925825828916449,1736856000,1737077400,15
long,101873.8,2998.1559538622423,2.0,1.9660211804963763,1737345600,1737355500,0
long,107178.8,3692.626957157796,-1.0,-1.0322178409517895,1737360000,1737392400,2
long,105235.2,3381.8946331494685,-1.0,-1.0653461872625507,1737648000,1737938700,20
short,98996.3,2467.0429027911778,-1.0,-1.0423345278599885,1737964800,1737982800,1
long,101070.8,2641.941584549536,2.0,1.9259741399492956,1737993600,1738249200,17
short,98232.0,2192.945855560918,2.0,1.9527417607064028,1738526400,1738546200,1
short,94001.6,2855.1168346418103,-1.0,-1.0365455363276195,1738555200,1738594800,2
short,96963.2,1668.2421400479202,-1.0,-1.1156647247829727,1739289600,1739555100,18
short,95605.5,1279.6442288701387,-1.0,-1.1322412364172614,1739808000,1740013200,14
short,98057.6,1537.6907025196565,2.0,1.9327232922521507,1740153600,1740170700,1
short,94295.9,1416.920347906176,2.0,1.9297898610553461,1740412800,1740440700,1
short,91514.5,1726.203769368082,2.0,1.9411534739973448,1740441600,1740477600,2
short,89186.9,2285.662128754255,2.0,1.9459570795936827,1740484800,1740594600,7
short,83832.0,2848.084547456323,-1.0,-1.0326723165866363,1740600000,1740637800,2
short,80429.2,3295.533064977959,-1.0,-1.0270901278305327,1740715200,1740755700,2
short,90009.5,3453.7350709863827,2.0,1.9710717403198312,1741017600,1741052700,2
short,83928.9,3932.5303392700744,-1.0,-1.0248636781065874,1741060800,1741114800,3
short,86958.4,4083.7400487621007,-1.0,-1.0236361332620227,1741320000,1741358700,2
short,88425.0,3940.084889624757,2.0,1.9615112670797195,1741363200,1741560300,13
short,80009.7,3250.6642826057587,-1.0,-1.0327357400668575,1741622400,1741718700,6
short,81688.0,3196.493598627582,-1.0,-1.0410165814367005,1741795200,1741965300,11
short,81567.5,1871.6590749310637,-1.0,-1.053167989476751,1742313600,1742373000,4
long,88283.7,1370.2458360380865,-1.0,-1.0715162961438667,1742832000,1742866200,2
long,87723.0,1483.8230344673525,-1.0,-1.0786290462473387,1742918400,1743014700,6
short,84011.0,1561.1175365705499,-1.0,-1.1278098031223949,1743177600,1743550200,25
long,86709.5,1798.844758521311,-1.0,-1.0508540395532504,1743609600,1743627600,1
short,82485.1,2326.0625723984776,2.0,1.9196802555026047,1743638400,1743979500,23
short,78390.1,2104.2738727744986,-1.0,-1.0433995154725693,1743984000,1744035300,3
long,87166.6,1198.9980064918898,2.0,1.8953126666429958,1745208000,1745326800,8
long,90881.1,1612.4653787634857,2.0,1.9405385307723475,1745337600,1745358300,1
long,93404.9,1839.0275459746388,2.0,1.8067426204257078,1745366400,1746111600,51
long,96793.9,1619.2488557130619,-1.0,-1.115668568076598,1746115200,1746366300,17
long,94513.2,1343.3409665542877,2.0,1.921903928628711,1746547200,1746576900,2
long,99098.0,1652.969394367401,2.0,1.9268591660487042,1746676800,1746737100,4
long,104426.3,1910.6758325357016,-1.0,-1.0576600931586553,1747036800,1747060200,1
long,105484.2,1397.3077728257113,-1.0,-1.0754910278547183,1747584000,1747591200,0
long,106407.5,1789.3049163650269,-1.0,-1.0594686232775612,1747612800,1747620000,0
long,104740.5,2162.925655099478,2.0,1.9222772626957128,1747670400,1747839600,11
long,108936.6,2181.886392124699,-1.0,-1.0499277141070202,1747843200,1747848600,0
long,110091.3,2013.5836548519242,-1.0,-1.0697097471772645,1748361600,1748439900,5
long,104396.9,1653.895069423348,-1.0,-1.1256124616614491,1748880000,1749146400,18
short,101873.0,1706.8754336876602,-1.0,-1.0695317553101051,1749153600,1749201300,3
long,105035.4,1833.1032216862618,2.0,1.8859745356795985,1749225600,1749496500,18
long,110228.0,1576.4932952273011,-1.0,-1.081456496128951,1749513600,1749564900,3
long,109694.9,1525.7697626916952,-1.0,-1.0758490057476546,1749657600,1749680100,1
short,104233.9,1874.2057340632105,-1.0,-1.0678502662161373,1749787200,1749858300,4
long,107553.3,1774.8303055577683,-1.0,-1.0639321579897976,1750132800,1750156200,1
short,104199.2,1854.8310063084623,-1.0,-1.1056131234240443,1750176000,1750406400,16
short,104168.5,1699.0127902976046,2.0,1.901595536269792,1750435200,1750599000,11
short,98849.7,1941.5558968358564,-1.0,-1.0537128154126054,1750608000,1750631400,1
long,105291.0,2537.005979059323,2.0,1.8283889401153754,1750723200,1751550300,57
long,109019.9,1171.8675259406737,2.0,1.906969091994858,1752076800,1752089400,0
long,111718.8,1416.1162740877694,2.0,1.8950749972167957,1752091200,1752182100,6
long,115979.2,1876.5193650153517,2.0,1.877007073679673,1752192000,1752459300,18
long,120733.2,1763.8592565196236,-1.0,-1.0872716059578007,1752465600,1752542100,5
long,118304.2,1875.5068581923867,-1.0,-1.07001715905564,1753113600,1753146900,2
long,115305.3,1883.252921827604,-1.0,-1.0612266672540733,1754064000,1754075700,0
short,112871.7,1615.5544511649287,-1.0,-1.0890786549448888,1754409600,1754491500,5
long,115366.2,1627.4860258152596,2.0,1.8472403713110463,1754496000,1754798400,21
long,121700.1,1696.3783365690228,-1.0,-1.079632655102881,1754884800,1754914500,2
long,119888.0,1772.6618851528228,2.0,1.906330202397461,1755014400,1755124200,7
short,115264.8,1544.1070088050637,-1.0,-1.0910707970355136,1755489600,1755554400,4
short,113730.1,1746.3109164480773,-1.0,-1.1260186496157332,1755619200,1755872100,17
long,116319.4,2060.2063544199855,-1.0,-1.093723720240811,1755878400,1756053900,12
short,112556.4,1816.157810811805,2.0,1.914164609995913,1756065600,1756169100,7
short,108334.4,2120.9065659857033,-1.0,-1.1072665074683603,1756483200,1756782900,20
short,110674.1,2009.6559066846528,-1.0,-1.10656271194868,1757088000,1757341800,17
long,112950.2,1357.8468879254508,-1.0,-1.0877583931293306,1757404800,1757428200,1
short,110830.1,1482.9442554051093,-1.0,-1.0870680512968627,1757433600,1757490300,3
long,113801.3,1514.0532174077757,2.0,1.7760132404192344,1757520000,1758043800,36
long,116757.1,1281.3845276741295,-1.0,-1.111163869177157,1758052800,1758119400,4
short,112454.5,1229.5511184556235,-1.0,-1.1568535578595878,1758528000,1758725100,13
short,109320.5,1695.841578156209,-1.0,-1.1282830883510517,1758830400,1759096800,18
long,113752.0,1300.5868031692253,2.0,1.8644338082084486,1759161600,1759308300,10
long,116736.8,1474.1323375929683,2.0,1.8946770652535065,1759320000,1759412700,6
long,122609.3,1873.9299668564563,-1.0,-1.1481966078838381,1759521600,1759853700,23
short,116605.2,2565.486039367944,2.0,1.9545484956025223,1760126400,1760130000,0
short,112715.0,4056.7513222702346,2.0,1.914145748079749,1760140800,1760688900,38
short,108019.9,2139.062780129897,-1.0,-1.053276133621978,1761033600,1761056100,1
short,111720.7,2701.33160639409,-1.0,-1.1095977459039912,1761076800,1761516000,30
long,115522.4,1779.9752934983617,-1.0,-1.0791793731715242,1761552000,1761612300,4
long,114571.7,1704.347279776317,-1.0,-1.0709204895823015,1761667200,1761681600,1
short,110605.9,2057.023357613632,2.0,1.9314434024397267,1761768000,1761852600,5
short,105718.8,2030.3277589679196,-1.0,-1.0520698195318672,1762185600,1762190100,0
short,104442.9,2329.260220321811,2.0,1.9477619643187873,1762243200,1762287300,3
short,103417.2,2169.3297065211914,2.0,1.9208637804184687,1762876800,1763057700,12
short,98643.1,2548.9938946046104,2.0,1.922989313777682,1763064000,1763328600,18
short,93915.8,2293.115871086313,2.0,1.952286795281667,1763395200,1763441100,3
short,86880.2,2807.550216565118,2.0,1.9656508291709256,1763668800,1763710200,2
short,84006.7,3199.4873271842434,-1.0,-1.0450295549777322,1763712000,1763912700,13
short,86319.1,1816.5515854023386,-1.0,-1.0684260799411702,1764561600,1764684000,8
short,89590.5,2180.3389562928064,-1.0,-1.0727296022218595,1764964800,1765179000,14
short,89912.7,2048.7377056211044,-1.0,-1.0559557683667689,1765209600,1765294200,5
short,86996.5,1748.3691174779856,-1.0,-1.0798626451955493,1765814400,1765982700,11
short,85982.7,2142.821088286243,-1.0,-1.0489536408678406,1766001600,1766064600,4
short,84447.0,2303.641426301679,-1.0,-1.0386742415650294,1766088000,1766114100,1
short,89688.6,1576.2960499749806,2.0,1.9274546396269818,1766419200,1766501100,5
short,87405.2,1679.2989058201815,-1.0,-1.0921260672914213,1766505600,1766715300,14
short,87100.0,1667.2338135902485,-1.0,-1.0924687339851957,1766764800,1766973600,14
long,90091.5,1142.1993717483774,-1.0,-1.0832136095071663,1766980800,1767000600,1
short,87529.1,1320.2777746197726,-1.0,-1.0881736443935262,1767009600,1767105900,6
short,88189.8,1350.7031869204786,-1.0,-1.1191574777926956,1767124800,1767348000,15
short,89373.0,1202.24313164661,-1.0,-1.0743385407222859,1767369600,1767371400,0
long,89865.0,1309.2150508147104,2.0,1.8822817726514114,1767384000,1767574800,13
long,92835.3,1199.2851111880686,-1.0,-1.1157262540869113,1767585600,1767721500,9
long,91766.2,1174.9432804708492,-1.0,-1.0823983102922234,1768190400,1768206600,1
long,91618.6,1318.6274552457946,2.0,1.9037698172480815,1768233600,1768334400,7
long,95375.2,1657.135878902158,-1.0,-1.1493532589276665,1768348800,1768779900,29
short,91136.1,1284.8678440703143,2.0,1.917366165718916,1768896000,1768948200,3
short,86459.4,1309.91616589806,-1.0,-1.0696339730546531,1769371200,1769390100,1
short,87609.4,1432.5218187265523,-1.0,-1.0847030861337001,1769443200,1769544900,7
short,84897.9,1846.5057564423473,2.0,1.948964865843925,1769702400,1769736600,2
short,82640.9,2174.0911614081033,2.0,1.94317250918771,1769745600,1769878800,9
short,77707.9,2683.4805568725337,2.0,1.934410408508743,1769889600,1770226200,23
short,73895.2,2720.780937209257,2.0,1.9668653426789773,1770235200,1770303600,4
short,67452.0,3046.20784321495,2.0,1.9754213356889723,1770307200,1770336000,2
short,66489.4,2485.776952072655,-1.0,-1.0429304354564153,1770825600,1770996600,11
short,67505.5,1796.9918467641824,2.0,1.8735909637492032,1771257600,1771876800,43
short,63787.4,1880.3617850660266,-1.0,-1.0376544633922742,1772265600,1772303400,2
long,73339.7,2585.530694748594,-1.0,-1.03772602707758,1772640000,1772726400,6
long,71296.9,1976.608648890695,-1.0,-1.0440057864002648,1773158400,1773229500,4
short,69372.8,1742.1052812491018,-1.0,-1.0485819180453413,1773936000,1773993600,4
short,69837.6,1771.6493353280157,-1.0,-1.0480918375329762,1774368000,1774437300,4
short,66663.3,1730.6187510410532,-1.0,-1.0914848157081156,1774612800,1774976400,25
long,69092.3,1100.1182769124118,-1.0,-1.0904383774799529,1775448000,1775570400,8
short,68138.5,1290.9909438417258,-1.0,-1.0556828983525488,1775577600,1775592000,1
long,71890.2,1618.1613240267955,2.0,1.8602767995731333,1775606400,1776173400,39
long,75268.1,1477.4381494997683,-1.0,-1.0509450091196604,1776182400,1776192300,0
long,74659.5,1481.580215435183,2.0,1.9357504497506808,1776355200,1776435300,5
long,77736.2,1636.5783237751266,-1.0,-1.0579490529858877,1776441600,1776509100,4
long,79234.3,1588.17358067586,-1.0,-1.0553781236951267,1776873600,1776903300,2
long,79065.1,1121.8987503049698,-1.0,-1.0704743631976659,1777262400,1777266900,0
long,78395.4,1215.2755500918302,2.0,1.8645325004789572,1777651200,1777949100,20
long,81488.7,1336.7101689399656,-1.0,-1.0978442197411562,1777996800,1778164200,11
long,82177.7,1084.0264280578917,-1.0,-1.0758078381421263,1778457600,1778466600,0
long,81403.4,1177.9083913411464,-1.0,-1.0881132486727827,1778515200,1778598900,5
long,81245.6,1366.620731059807,-1.0,-1.0757987477035182,1778774400,1778851800,5
short,76393.6,1230.7475642719514,-1.0,-1.0962098836815861,1779120000,1779272100,10
short,76756.5,1057.6474076255959,2.0,1.9154526150631337,1779465600,1779522300,3
short,76478.2,1219.3702014916764,2.0,1.9096840255196676,1779811200,1779938100,8
short,73224.4,1303.5363040122686,2.0,1.854229362530887,1779940800,1780364700,29
short,70920.8,1239.0986820226515,2.0,1.936468265891868,1780372800,1780408800,2
short,67274.0,1469.3691889226548,2.0,1.9365887819736334,1780416000,1780528500,7
short,60267.4,2397.241498958505,-1.0,-1.0375847669244607,1780689600,1780821900,9
short,61100.6,1829.8679150510277,-1.0,-1.0499191205270424,1781020800,1781158500,9
short,65841.8,1228.7787836875568,2.0,1.9139990937320168,1781625600,1781795700,11
short,62337.8,1458.0791064208206,-1.0,-1.0639162927372081,1781798400,1781931600,9
