rule,rr,n,wr,be,expR,ci_lo,ci_hi,R_per_month,tpm,n_tr,e_tr,wr_tr,n_te,e_te,wr_te,hold_h,nights,costR,stop_frac,slip_headroom_bps,lose_streak,years,atr_mult
S_bb_break_dn,0.25,672,0.8586309523809523,0.8432351633473395,0.008523346629993909,-0.02442225441482102,0.04189676984906616,0.09438826194653098,11.074084634124334,482,0.0017513953551675965,0.8506224066390041,190,0.025702717758763816,0.8789473684210526,3.397569444444445,0.09672619047619048,0.06476534384619656,0.017547996062727098,0.8,2,2021:-0.031(62)  2022:+0.006(164)  2023:+0.006(125)  2024:+0.008(131)  2025:+0.024(124)  2026:+0.029(66),1.0
S_bb_break_dn,0.33,653,0.8223583460949464,0.7930649220059801,0.027953784029578863,-0.011000102108618097,0.06572184749138725,0.30081005704240465,10.760978074528557,469,0.023738863858285233,0.8166311300639659,184,0.03869724903140881,0.8369565217391305,4.187850944359368,0.12863705972434916,0.06578281627669987,0.01760465229179296,2.2,3,2021:+0.032(62)  2022:+0.054(161)  2023:-0.001(120)  2024:+0.005(126)  2025:+0.030(119)  2026:+0.055(65),1.0
S_bb_break_dn,0.5,611,0.7283142389525368,0.7044177261007443,0.024528283804940217,-0.021961209445609267,0.07246160069193008,0.24697155605666749,10.068847784895786,439,0.01885702808307487,0.7220956719817767,172,0.03900317486249187,0.7441860465116279,6.030823786142935,0.19967266775777415,0.06794307462386502,0.017656658274272447,2.0,4,2021:-0.112(58)  2022:+0.090(148)  2023:+0.045(111)  2024:-0.030(122)  2025:+0.025(110)  2026:+0.064(62),1.0
S_bb_break_dn,0.75,539,0.6456400742115028,0.6048812078850867,0.059593467575633,-0.014080477161106041,0.1320312584014609,0.5293293643245814,8.882338716953893,388,0.07059944760053377,0.6494845360824743,151,0.03131320102158327,0.6357615894039735,8.5139146567718,0.2764378478664193,0.07027666229449687,0.017734565026121214,4.6000000000000005,6,2021:-0.204(52)  2022:+0.176(132)  2023:+0.172(97)  2024:-0.018(107)  2025:-0.020(97)  2026:+0.124(54),1.0
S_bb_break_dn,1.0,478,0.5836820083682008,0.5301566380002641,0.09511160549196328,0.008653857135258297,0.1822100252043439,0.7492038052631,7.877101867725345,344,0.10041533792359962,0.5843023255813954,134,0.08149605357791184,0.582089552238806,10.748256624825661,0.3619246861924686,0.0722524112444384,0.017922461102705897,7.2,6,2021:-0.106(51)  2022:+0.297(115)  2023:+0.101(82)  2024:-0.026(96)  2025:+0.030(86)  2026:+0.174(48),1.0
S_bb_break_dn,1.5,405,0.47160493827160493,0.42672202621140665,0.10028025755043558,-0.00994213502256551,0.2223626852299273,0.6692818214201641,6.674113507173148,288,0.10655974397020246,0.4722222222222222,117,0.08482306020947093,0.4700854700854701,15.028806584362139,0.5333333333333333,0.07873208812857677,0.017463745562358007,7.6000000000000005,6,2021:-0.138(41)  2022:+0.408(95)  2023:+0.058(69)  2024:-0.078(83)  2025:+0.011(77)  2026:+0.227(40),1.0
S_bb_break_dn,2.0,355,0.39436619718309857,0.35750524374519593,0.09747114877610905,-0.04248830214996271,0.2418507234268471,0.5702207315191137,5.850148876657944,252,0.09818877766523731,0.39285714285714285,103,0.09571539654251379,0.39805825242718446,20.32981220657277,0.7464788732394366,0.08562744277318671,0.01755811345931605,7.2,10,2021:+0.097(39)  2022:+0.467(78)  2023:-0.128(61)  2024:-0.104(74)  2025:-0.086(68)  2026:+0.449(35),1.0
S_dntrend_rsi60,0.25,302,0.8543046357615894,0.8466658269608281,0.000290969202595175,-0.044528703737514726,0.04084029080558745,0.001454510583552546,4.998847199564981,220,-0.00905586421120028,0.8454545454545455,82,0.02536783933716834,0.8780487804878049,2.9638520971302427,0.06291390728476821,0.06758982549939159,0.015968120816532566,0.2,3,2021:+0.006(44)  2022:-0.001(85)  2023:+0.003(44)  2024:-0.049(47)  2025:+0.000(57)  2026:+0.082(25),1.0
S_dntrend_rsi60,0.33,274,0.7883211678832117,0.7961155737300524,-0.019766907036205258,-0.07324334302768719,0.03172452007135173,-0.08965039377373145,4.5353779227841216,196,-0.03476496339869699,0.7755102040816326,78,0.017920516643902207,0.8205128205128205,3.9078467153284673,0.09124087591240876,0.0682340603208768,0.01607276489546479,0.0,3,2021:+0.052(40)  2022:-0.010(76)  2023:-0.092(38)  2024:-0.110(42)  2025:+0.009(54)  2026:+0.038(24),1.0
S_dntrend_rsi60,0.5,226,0.7035398230088495,0.7075566773298995,-0.01514818461401079,-0.09300856160068062,0.059528199303205964,-0.05666208998333143,3.7405201631173535,162,-0.0036399174306036234,0.7098765432098766,64,-0.0442784859220102,0.6875,6.211651917404129,0.18141592920353983,0.07045791912728513,0.016152404112602985,0.0,3,2021:+0.113(31)  2022:+0.022(65)  2023:-0.074(32)  2024:-0.092(34)  2025:-0.078(42)  2026:+0.020(22),1.0
S_dntrend_rsi60,0.75,188,0.5851063829787234,0.6088030149722972,-0.051310254971902294,-0.15834382691278517,0.06042607246489078,-0.159656124512626,3.1115831445400994,131,-0.05828437604231818,0.5801526717557252,57,-0.03528201181006926,0.5964912280701754,9.584663120567376,0.3351063829787234,0.07524642518466824,0.016322126493283625,0.0,3,2021:+0.034(29)  2022:+0.010(52)  2023:-0.169(24)  2024:-0.195(26)  2025:-0.116(38)  2026:+0.125(19),1.0
S_dntrend_rsi60,1.0,168,0.5059523809523809,0.5338561727708218,-0.06530042284160922,-0.19329289649196196,0.06805306873007212,-0.18157198280643166,2.7805636610783866,114,-0.092938660349521,0.49122807017543857,54,-0.006953032547128841,0.5370370370370371,11.818948412698413,0.40476190476190477,0.07720518474637113,0.016280353952633064,0.0,5,2021:+0.027(24)  2022:+0.012(48)  2023:-0.379(19)  2024:-0.201(23)  2025:-0.056(35)  2026:+0.084(19),1.0
S_dntrend_rsi60,1.5,148,0.42567567567567566,0.4292389987620592,-0.019058909298340265,-0.19278779760259032,0.14741917937531748,-0.04669833581842206,2.450210297316896,102,-0.05171625519540749,0.4117647058823529,46,0.05335520551689571,0.45652173913043476,16.88006756756757,0.6013513513513513,0.08324809848752945,0.01642567429133292,0.0,9,2021:+0.139(23)  2022:+0.052(42)  2023:-0.432(18)  2024:-0.151(19)  2025:+0.003(32)  2026:+0.168(14),1.0
S_dntrend_rsi60,2.0,144,0.3888888888888889,0.35934139596023273,0.07895686216676825,-0.13385323334774843,0.281564487574552,0.18818107005744916,2.3833402809243314,99,0.03664338632058611,0.37373737373737376,45,0.17204650902836896,0.4222222222222222,20.223379629629633,0.7430555555555556,0.08770980449989842,0.01629658458889684,5.8,9,2021:+0.167(22)  2022:+0.192(40)  2023:-0.459(18)  2024:+0.029(19)  2025:+0.162(31)  2026:+0.194(14),1.0
S_dntrend_at_200,0.25,514,0.8463035019455253,0.8485787254305894,-0.01366800593618267,-0.05541771460445235,0.026350137179160626,-0.11887260019925729,8.697142857142858,349,0.009661611970782257,0.8624641833810889,165,-0.06301368260000544,0.8121212121212121,4.401750972762646,0.11673151750972763,0.07154738336808929,0.015782476798395253,0.0,4,2021:+0.099(58)  2022:+0.022(68)  2023:-0.031(98)  2024:-0.006(125)  2025:-0.070(119)  2026:-0.045(46),1.0
S_dntrend_at_200,0.33,453,0.7969094922737306,0.7981006075259294,-0.012711970051829155,-0.06204830803623674,0.03544247460318586,-0.09743714445530227,7.664991662034463,303,0.015320754846460337,0.8151815181518152,150,-0.06933807434637394,0.76,5.775386313465783,0.16556291390728478,0.07260159477589098,0.015986994929645268,0.0,4,2021:+0.115(54)  2022:+0.042(65)  2023:-0.034(82)  2024:-0.014(102)  2025:-0.074(107)  2026:-0.058(43),1.0
S_dntrend_at_200,0.5,365,0.7150684931506849,0.7104866508978764,-0.003632049667915988,-0.07269352818425384,0.06527903683526849,-0.02243149029480121,6.175986659255142,236,0.04021852228345656,0.7415254237288136,129,-0.08385480145492313,0.6666666666666666,8.471689497716895,0.2876712328767123,0.07623478939394338,0.015880663198944565,0.0,5,2021:+0.202(36)  2022:+0.093(57)  2023:-0.058(66)  2024:+0.010(77)  2025:-0.071(95)  2026:-0.119(34),1.0
S_dntrend_at_200,0.75,311,0.6366559485530546,0.6110459065059979,0.033818682154336026,-0.07112282810791579,0.13751885785549633,0.17796334239352665,5.262279043913285,200,0.08743648628859187,0.665,111,-0.06278997394342227,0.5855855855855856,11.252679528403,0.39228295819935693,0.08032922781350964,0.015810416280181053,2.4000000000000004,9,2021:+0.379(33)  2022:+0.227(50)  2023:-0.034(57)  2024:-0.075(60)  2025:-0.039(82)  2026:-0.130(29),1.0
S_dntrend_at_200,1.0,267,0.5692883895131086,0.5364109183158868,0.054472115932261374,-0.08873188644519203,0.18602940805964366,0.24609284758039782,4.517776542523625,167,0.09381428329242712,0.5868263473053892,100,-0.011229303559215418,0.54,14.563670411985019,0.50187265917603,0.08410466309395587,0.01580482425083246,3.8000000000000003,9,2021:+0.442(24)  2022:+0.292(47)  2023:-0.112(48)  2024:-0.069(48)  2025:+0.045(76)  2026:-0.188(24),1.0
S_dntrend_at_200,1.5,230,0.4956521739130435,0.4315996454136831,0.14851925842502137,-0.035801771497371765,0.3180059343486587,0.5779950150557308,3.8917176209005,143,0.19068629831632464,0.5104895104895105,87,0.07921021584506323,0.47126436781609193,19.5,0.7043478260869566,0.09061117635758732,0.01585048055635799,10.200000000000001,10,2021:+0.606(21)  2022:+0.411(37)  2023:-0.124(40)  2024:+0.095(45)  2025:+0.155(66)  2026:-0.160(21),1.0
S_dntrend_at_200,2.0,199,0.4271356783919598,0.3638315117227792,0.17825703743043755,-0.034119336298845955,0.3819542677058762,0.60022384639084,3.367181767648694,125,0.19657441227175204,0.432,74,0.14731552587416305,0.4189189189189189,29.373534338358457,1.1055276381909547,0.10314999774544184,0.01587814853010168,12.4,10,2021:+0.615(16)  2022:+0.504(34)  2023:-0.114(35)  2024:+0.040(40)  2025:+0.227(54)  2026:-0.066(20),1.0
S_volspike25_dn,0.25,178,0.8820224719101124,0.8454025578799648,0.031746120446675984,-0.027297307795771646,0.08803266214879472,0.09439032705613687,2.9732869946954454,113,0.030101117811358068,0.8761061946902655,65,0.03460589425884407,0.8923076923076924,4.448970037453184,0.15168539325842698,0.07078196944096446,0.017194497265271145,2.4000000000000004,2,2021:-0.100(12)  2022:+0.027(37)  2023:+0.070(30)  2024:+0.044(34)  2025:+0.040(47)  2026:+0.021(18),1.0
S_volspike25_dn,0.33,178,0.8370786516853933,0.7951654324631192,0.04157419298938425,-0.02187234193415661,0.10591927671154457,0.12361200733029475,2.9732869946954454,113,0.06461572677276994,0.8495575221238938,65,0.0015173727198060291,0.8153846153846154,5.172752808988764,0.1797752808988764,0.07174041375218879,0.017194497265271145,3.0000000000000004,3,2021:-0.040(12)  2022:+0.096(37)  2023:+0.144(30)  2024:-0.003(34)  2025:+0.023(47)  2026:-0.055(18),1.0
S_volspike25_dn,0.5,178,0.7640449438202247,0.7070070702330143,0.07082569512963258,-0.008651939309247896,0.15360299384046527,0.21058511821920106,2.9732869946954454,113,0.1253986342407263,0.7964601769911505,65,-0.024047260555807363,0.7076923076923077,7.444288389513109,0.2808988764044944,0.07524172060070453,0.017194497265271145,5.200000000000001,4,2021:-0.040(12)  2022:+0.159(37)  2023:+0.244(30)  2024:+0.042(34)  2025:-0.030(47)  2026:-0.010(18),1.0
S_volspike25_dn,0.75,178,0.6741573033707865,0.6079664469821084,0.09979478920023788,-0.03491724498505212,0.23624519565812657,0.29671854886744076,2.9732869946954454,113,0.21258361038974635,0.7345132743362832,65,-0.09628423840613842,0.5692307692307692,10.196629213483146,0.398876404494382,0.0799804916986385,0.017194497265271145,7.2,5,2021:-0.165(12)  2022:+0.265(37)  2023:+0.465(30)  2024:+0.066(34)  2025:-0.122(47)  2026:-0.029(18),1.0
S_volspike25_dn,1.0,178,0.5955056179775281,0.5331142000657343,0.10765234115385706,-0.03460983725256015,0.2555101765809265,0.3200813059012805,2.9732869946954454,113,0.23357579813021134,0.6548672566371682,65,-0.11126074558965113,0.49230769230769234,11.933052434456929,0.47752808988764045,0.08335889480119911,0.017194497265271145,7.800000000000001,5,2021:-0.040(12)  2022:+0.399(37)  2023:+0.214(30)  2024:+0.167(34)  2025:-0.201(47)  2026:+0.124(18),1.0
S_volspike25_dn,1.5,172,0.4883720930232558,0.42811220180568704,0.13339071036838906,-0.052385644140474655,0.3175556302064825,0.3832400262273096,2.8730638375708795,108,0.26211535323181506,0.5370370370370371,64,-0.0838321244636423,0.40625,15.48982558139535,0.6162790697674418,0.08753952218975049,0.017190251311290965,9.600000000000001,7,2021:+0.205(12)  2022:+0.478(34)  2023:+0.170(29)  2024:+0.142(33)  2025:-0.194(47)  2026:+0.219(17),1.0
S_volspike25_dn,2.0,165,0.4,0.35818574591606306,0.10728037631729352,-0.1076909678075357,0.3169067420494978,0.29567939533084237,2.756136820925553,105,0.22883129757388662,0.4380952380952381,60,-0.10543373588174447,0.3333333333333333,19.48989898989899,0.7757575757575758,0.09271962368270648,0.01727369235738709,7.800000000000001,8,2021:+0.446(12)  2022:+0.568(33)  2023:-0.059(28)  2024:+0.050(32)  2025:-0.287(44)  2026:+0.394(16),1.0
S_volspike18_dn,0.25,439,0.8815489749430524,0.8428201375938921,0.036665123411840486,-0.0074144020313953425,0.0747673182822477,0.26676692045671707,7.275767695099818,300,0.04068637828745416,0.8833333333333333,139,0.027986156054400944,0.8776978417266187,2.9197038724373576,0.0979498861047836,0.06527109526697498,0.01772950758920974,2.8000000000000003,3,2021:+0.038(36)  2022:+0.050(121)  2023:+0.095(64)  2024:-0.016(79)  2025:+0.040(97)  2026:-0.000(42),1.0
S_volspike18_dn,0.33,439,0.8337129840546698,0.793090211796792,0.041949525771596836,-0.008729023440140744,0.09132485516092802,0.3052150044337415,7.275767695099818,300,0.05687567229223698,0.8433333333333334,139,0.009734821050790772,0.8129496402877698,3.8614274867122242,0.14350797266514806,0.06688874302111389,0.01772950758920974,3.2,4,2021:+0.107(36)  2022:+0.055(121)  2023:+0.168(64)  2024:-0.053(79)  2025:+0.040(97)  2026:-0.059(42),1.0
S_volspike18_dn,0.5,436,0.7431192660550459,0.7052893420646079,0.044041682861698656,-0.018822125117023674,0.10562095565085675,0.3182472785505662,7.226047186932849,298,0.08406998654737534,0.7684563758389261,138,-0.042396248285632154,0.6884057971014492,6.482798165137614,0.2591743119266055,0.07063721622087014,0.017771721669634928,3.4000000000000004,4,2021:+0.210(36)  2022:+0.040(120)  2023:+0.202(63)  2024:-0.001(79)  2025:-0.007(97)  2026:-0.127(41),1.0
S_volspike18_dn,0.75,430,0.6395348837209303,0.606138343688233,0.04489302725478563,-0.03614226789337003,0.13074128271457733,0.31993492505082033,7.126606170598911,292,0.08477229978648455,0.660958904109589,138,-0.03948920158040343,0.5942028985507246,9.06220930232558,0.36046511627906974,0.07429301925684227,0.01778391811074137,3.4000000000000004,7,2021:+0.058(35)  2022:+0.035(118)  2023:+0.305(63)  2024:-0.008(76)  2025:-0.015(97)  2026:-0.098(41),1.0
S_volspike18_dn,1.0,415,0.563855421686747,0.5317035459211887,0.04979023400110024,-0.04473889657581159,0.14689265083935346,0.3424574101863696,6.878003629764065,278,0.09710306129391634,0.5863309352517986,137,-0.04621681700184047,0.5182481751824818,11.452008032128512,0.472289156626506,0.07792060937239374,0.01791825717441153,3.8000000000000003,7,2021:+0.072(34)  2022:+0.128(114)  2023:+0.222(58)  2024:-0.041(72)  2025:-0.063(96)  2026:-0.008(41),1.0
S_volspike18_dn,1.5,374,0.46524064171123,0.4278417426742556,0.07895411586164948,-0.04016954203543799,0.1961238608278297,0.4893962990601997,6.19849001814882,249,0.1330087061249133,0.4859437751004016,125,-0.028722627942772014,0.424,16.19674688057041,0.6711229946524064,0.08414748841642539,0.017751209208160482,6.000000000000001,6,2021:+0.200(30)  2022:+0.166(101)  2023:+0.215(54)  2024:-0.020(64)  2025:-0.049(89)  2026:+0.022(36),1.0
S_volspike18_dn,2.0,340,0.37941176470588234,0.35805515293184437,0.048896521800960074,-0.09600158133173209,0.19778348125563122,0.2755314566413156,5.634990925589836,226,0.12175931850556926,0.4026548672566372,114,-0.09555077692922999,0.3333333333333333,21.17107843137255,0.8588235294117647,0.08933877231668698,0.01792494493118341,3.8000000000000003,13,2021:+0.344(30)  2022:+0.131(87)  2023:+0.188(50)  2024:-0.061(59)  2025:-0.108(82)  2026:-0.065(32),1.0
L_uptrend_run3,0.25,681,0.8179148311306902,0.8518932910719826,-0.050021748235294344,-0.09019261377080919,-0.009549205567165686,-0.5916877792229883,11.828610556348073,506,-0.03418847701866212,0.8260869565217391,175,-0.09580252101024235,0.7942857142857143,3.698604992657856,0.1130690161527166,0.07241528714865705,0.014746176059630104,0.0,4,2021:+0.014(66)  2022:-0.129(70)  2023:-0.052(167)  2024:-0.003(203)  2025:-0.089(121)  2026:-0.112(54),1.0
L_uptrend_run3,0.33,667,0.7511244377811095,0.8013466141457801,-0.0743898977465336,-0.1205595756208106,-0.02999846464880169,-0.8618395441362567,11.585437945791725,494,-0.05766876801130191,0.7591093117408907,173,-0.12213693872459401,0.7283236994219653,4.896426786606697,0.1454272863568216,0.07338539999540916,0.014784905082530733,0.0,5,2021:-0.046(65)  2022:-0.164(70)  2023:-0.068(162)  2024:-0.015(197)  2025:-0.132(119)  2026:-0.101(54),1.0
L_uptrend_run3,0.5,616,0.6785714285714286,0.7120088235076403,-0.05790343643847258,-0.11548751970288332,-0.0032530712022197767,-0.6195433111527856,10.699594864479314,456,-0.056455510857282884,0.6754385964912281,160,-0.062030024344863245,0.6875,6.977949134199133,0.2012987012987013,0.07576057929561544,0.014712568028893166,0.0,5,2021:-0.082(59)  2022:-0.139(62)  2023:-0.035(155)  2024:-0.038(180)  2025:-0.078(112)  2026:-0.025(48),1.0
L_uptrend_run3,0.75,558,0.5931899641577061,0.6121605518947385,-0.04088378994140763,-0.10819526379834198,0.02582282682875175,-0.3962524574753655,9.69216547788873,414,-0.045472513521609484,0.5869565217391305,144,-0.027691209648327282,0.6111111111111112,9.643966547192354,0.30286738351254483,0.07896622721739328,0.014750553387189466,0.0,7,2021:-0.158(53)  2022:-0.126(54)  2023:-0.006(143)  2024:-0.017(164)  2025:-0.025(101)  2026:-0.034(43),1.0
L_uptrend_run3,1.0,514,0.5252918287937743,0.5366483632316739,-0.030573605928594528,-0.11647636935883789,0.052755153092728116,-0.2729843238362594,8.928757846680616,387,-0.020026284905734035,0.5271317829457365,127,-0.06271386762817731,0.5196850393700787,12.123865110246433,0.37937743190661477,0.08115726351614315,0.014866812865076741,0.0,8,2021:-0.091(50)  2022:-0.186(50)  2023:+0.058(133)  2024:-0.011(154)  2025:-0.060(90)  2026:-0.069(37),1.0
L_uptrend_run3,1.5,437,0.4302059496567506,0.43279329618240225,-0.015352377358972871,-0.13825667135947195,0.10739504849677375,-0.11654267964317158,7.591181282100058,326,-0.008331892155024535,0.4294478527607362,111,-0.03597109966966795,0.43243243243243246,18.205949656750573,0.6430205949656751,0.09086725150084929,0.014899512274564583,0.0,14,2021:-0.043(42)  2022:-0.360(42)  2023:+0.050(116)  2024:+0.067(126)  2025:-0.098(78)  2026:+0.110(33),1.0
L_uptrend_run3,2.0,393,0.361323155216285,0.36307473997411305,-0.013840155035295003,-0.16824352708593607,0.14545493544394958,-0.09448468754508159,6.826851816625452,292,-0.019919468575796902,0.3561643835616438,101,0.0037356821313045017,0.37623762376237624,23.213316369804918,0.8549618320610687,0.09780962068414996,0.014878033309632435,0.0,14,2021:+0.022(36)  2022:-0.466(39)  2023:+0.012(108)  2024:+0.094(109)  2025:-0.076(71)  2026:+0.194(30),1.0
L_bb_break_up,0.25,727,0.8376891334250344,0.8512667812319966,-0.026307444671954575,-0.06308857629315083,0.009971072832286324,-0.31657454795921375,12.033648722131593,519,0.004870171185303218,0.8574181117533719,208,-0.10410159193116988,0.7884615384615384,3.252521779000458,0.08940852819807428,0.07341886145324755,0.014741776119300104,0.0,3,2021:+0.035(74)  2022:-0.027(122)  2023:+0.013(163)  2024:+0.007(160)  2025:-0.115(142)  2026:-0.080(66),1.0
L_bb_break_up,0.33,700,0.79,0.8008528674385308,-0.02394914416799666,-0.06487261308917332,0.016805017682296215,-0.2774923131765486,11.58673191952148,502,0.0102379285719617,0.8107569721115537,198,-0.11062545990263856,0.7373737373737373,4.211904761904761,0.12428571428571429,0.07464914416799666,0.014771674138981897,0.0,3,2021:-0.013(72)  2022:-0.008(116)  2023:+0.022(161)  2024:+0.022(153)  2025:-0.125(133)  2026:-0.082(65),1.0
L_bb_break_up,0.5,646,0.7260061919504643,0.7116236051583805,0.011939266070929903,-0.04134371779563334,0.06110641552255518,0.12766535804384047,10.692898314301251,465,0.05543282761534263,0.7505376344086021,181,-0.09979833679178787,0.6629834254143646,6.046826625386997,0.18421052631578946,0.07707002185476669,0.014711933929705531,0.8,4,2021:-0.003(66)  2022:+0.041(103)  2023:+0.071(153)  2024:+0.076(143)  2025:-0.106(124)  2026:-0.086(57),1.0
L_bb_break_up,0.75,561,0.6417112299465241,0.6120117532310234,0.042788618574894334,-0.02831840871201945,0.11284631383823654,0.3973324596109291,9.285938009787928,400,0.09066542818294415,0.665,161,-0.07615997672460838,0.5838509316770186,8.414141414141413,0.2620320855614973,0.08020603383152278,0.014517147209254701,2.8000000000000003,5,2021:-0.043(52)  2022:+0.050(86)  2023:+0.153(137)  2024:+0.106(125)  2025:-0.123(109)  2026:+0.021(52),1.0
L_bb_break_up,1.0,496,0.5685483870967742,0.5367408756032033,0.053768130708834946,-0.03469916606472401,0.14428490465382982,0.44143781500454604,8.210027188689505,356,0.12668795328273474,0.601123595505618,140,-0.13165656097908165,0.4857142857142857,10.96051747311828,0.3487903225806452,0.08332864348471343,0.014621251448844774,3.6,5,2021:-0.034(49)  2022:+0.093(79)  2023:+0.207(122)  2024:+0.134(106)  2025:-0.126(98)  2026:-0.145(42),1.0
L_bb_break_up,1.5,419,0.4630071599045346,0.4322436373827485,0.06693580450063516,-0.0556747223138068,0.1867510443317439,0.46423238036472053,6.935486677542142,295,0.15570960337722542,0.49491525423728816,124,-0.14425992669770457,0.3870967741935484,15.539578361177405,0.5513126491646778,0.09058209526070136,0.014584661285284862,4.4,8,2021:-0.059(40)  2022:+0.033(63)  2023:+0.317(101)  2024:+0.156(91)  2025:-0.194(84)  2026:-0.039(40),1.0
L_bb_break_up,2.0,375,0.4,0.36318014455059666,0.10019770436452231,-0.050177551789161313,0.2487109846717159,0.6219449675481361,6.207177814029364,265,0.21159171692629017,0.4339622641509434,110,-0.16816059862519106,0.3181818181818182,20.880666666666666,0.784,0.09980229563547766,0.014429235456066742,6.4,11,2021:+0.018(36)  2022:-0.000(58)  2023:+0.429(90)  2024:+0.208(81)  2025:-0.189(77)  2026:-0.119(33),1.0
L_volspike18_up,0.25,374,0.8235294117647058,0.853112524254367,-0.046783923008112765,-0.10585362306154397,0.007280574845034899,-0.29669355409223297,6.341784421130814,273,-0.024496897796212353,0.8351648351648352,101,-0.10702509016503167,0.7920792079207921,2.80548128342246,0.0962566844919786,0.07619568771399511,0.014281051116383857,0.0,3,2021:-0.077(22)  2022:+0.040(33)  2023:-0.067(117)  2024:+0.015(101)  2025:-0.172(67)  2026:+0.021(34),1.0
L_volspike18_up,0.33,374,0.7754010695187166,0.8028532759365266,-0.04633886066859571,-0.10814583131215469,0.01748583216647284,-0.2938710646810517,6.341784421130814,273,-0.017208142565471544,0.7912087912087912,101,-0.1250783264324857,0.7326732673267327,3.7261586452762927,0.13636363636363635,0.07762228312848876,0.014281051116383857,0.0,4,2021:-0.076(22)  2022:-0.012(33)  2023:-0.048(117)  2024:+0.030(101)  2025:-0.194(67)  2026:+0.011(34),1.0
L_volspike18_up,0.5,373,0.710455764075067,0.7125935716586919,-0.013038095111779311,-0.08827294865043554,0.061657716271191286,-0.08246370613901534,6.3248277782935665,273,0.01768276224181916,0.7252747252747253,100,-0.09690603568710308,0.67,5.004244861483468,0.16890080428954424,0.07872174122437983,0.014290104421590713,0.0,4,2021:-0.089(22)  2022:+0.120(33)  2023:-0.032(117)  2024:+0.064(101)  2025:-0.147(67)  2026:+0.006(33),1.0
L_volspike18_up,0.75,373,0.6327077747989276,0.6124025749018488,0.02579500162885542,-0.07360919022567255,0.12553664586886254,0.16314894284331255,6.3248277782935665,273,0.07444488500903117,0.6556776556776557,100,-0.10701917999902441,0.57,7.051831992850759,0.24932975871313673,0.08144360426926793,0.014290104421590713,1.8,5,2021:-0.013(22)  2022:+0.260(33)  2023:+0.022(117)  2024:+0.093(101)  2025:-0.172(67)  2026:+0.024(33),1.0
L_volspike18_up,1.0,361,0.5706371191135734,0.5371654774871344,0.05693287581215489,-0.05184423844380453,0.16808512037966036,0.3485383081000781,6.12191643454039,267,0.13804787500314994,0.6067415730337079,94,-0.17346823891120336,0.46808510638297873,9.295013850415513,0.3296398891966759,0.08434136241499192,0.014325390343322633,3.8000000000000003,6,2021:+0.040(22)  2022:+0.308(32)  2023:+0.085(116)  2024:+0.167(97)  2025:-0.222(65)  2026:-0.066(29),1.0
L_volspike18_up,1.5,342,0.4678362573099415,0.4326620969890701,0.07882250176634595,-0.06424992313702065,0.22143458347837017,0.4571476758710358,5.799710306406685,250,0.13796666259308332,0.488,92,-0.08189532656717956,0.41304347826086957,14.851120857699806,0.5526315789473685,0.09076814150850789,0.014405882021198078,5.200000000000001,8,2021:+0.082(22)  2022:+0.303(29)  2023:+0.054(107)  2024:+0.197(92)  2025:-0.183(64)  2026:+0.148(28),1.0
L_volspike18_up,2.0,317,0.41324921135646686,0.36296960635177156,0.14173541082795008,-0.033613062477069605,0.31720714571097836,0.7619348256691295,5.37575487465181,233,0.22394718378510034,0.43776824034334766,84,-0.08630438796985967,0.34523809523809523,19.217139852786538,0.7539432176656151,0.09801222324145056,0.014362710273300787,9.200000000000001,8,2021:+0.042(19)  2022:+0.249(27)  2023:+0.209(101)  2024:+0.274(86)  2025:-0.143(61)  2026:+0.063(23),1.0
L_uptrend_at_200,0.25,484,0.7975206611570248,0.8502784003436753,-0.07542321192284192,-0.12198970125277722,-0.028750168090228262,-0.6168232941053307,8.178162642242576,320,-0.06119496462148187,0.803125,164,-0.10318564568159323,0.7865853658536586,4.032369146005509,0.09504132231404959,0.0723240383691229,0.015076385162301056,0.0,4,2021:-0.012(23)  2022:-0.012(88)  2023:-0.082(98)  2024:-0.091(111)  2025:-0.113(113)  2026:-0.082(51),1.0
L_uptrend_at_200,0.33,441,0.7505668934240363,0.8006031843700657,-0.07604548673818082,-0.13701543910497455,-0.01610229340143668,-0.566659814483935,7.451590341382182,294,-0.0397478933171558,0.7721088435374149,147,-0.1486406735802309,0.7074829931972789,5.061413454270596,0.1383219954648526,0.0742994549921491,0.014955672355421362,0.0,4,2021:+0.003(19)  2022:+0.010(79)  2023:-0.054(91)  2024:-0.073(105)  2025:-0.150(99)  2026:-0.145(48),1.0
L_uptrend_at_200,0.5,345,0.6550724637681159,0.7121072661373858,-0.09636948031668624,-0.18074438352221336,-0.011929232203251759,-0.5617835183956567,5.82947543713572,227,-0.05236160948045498,0.6784140969162996,118,-0.1810286894677413,0.6101694915254238,8.015700483091788,0.25507246376811593,0.07897817596886016,0.015075156634559498,0.0,4,2021:-0.017(16)  2022:+0.048(64)  2023:-0.100(66)  2024:-0.101(81)  2025:-0.164(82)  2026:-0.221(36),1.0
L_uptrend_at_200,0.75,273,0.5421245421245421,0.6130111272252164,-0.13453304898992816,-0.22479169772102472,-0.04097829440774323,-0.6205860566595514,4.612889258950874,178,-0.09993495862340251,0.5561797752808989,95,-0.19935894462404988,0.5157894736842106,11.335164835164836,0.38095238095238093,0.08325099770787686,0.014985352385457628,0.0,5,2021:+0.025(13)  2022:-0.023(49)  2023:-0.160(54)  2024:-0.135(62)  2025:-0.175(68)  2026:-0.259(27),1.0
L_uptrend_at_200,1.0,246,0.483739837398374,0.5377519157347304,-0.11921625835950521,-0.24283835972230375,-0.0025560927966016512,-0.49554257812821606,4.156669442131557,163,-0.06967074078832555,0.5030674846625767,83,-0.2165164916619423,0.4457831325301205,13.890243902439025,0.4715447154471545,0.08669593315625314,0.015042579106504894,0.0,7,2021:-0.146(11)  2022:+0.007(43)  2023:-0.062(50)  2024:-0.118(59)  2025:-0.189(61)  2026:-0.294(22),1.0
L_uptrend_at_200,1.5,203,0.3694581280788177,0.43335793850368914,-0.17190478261144235,-0.3158562611089541,-0.020753623081352018,-0.5896501034063492,3.4300971412711627,134,-0.11425562221831033,0.3880597014925373,69,-0.283861123085061,0.3333333333333333,19.752052545155994,0.7192118226600985,0.09555010280848669,0.015104121751297597,0.0,10,2021:-0.055(10)  2022:-0.117(34)  2023:-0.075(41)  2024:-0.157(49)  2025:-0.301(49)  2026:-0.242(20),1.0
L_uptrend_at_200,2.0,180,0.31666666666666665,0.36359989281592037,-0.15332407174252682,-0.3286257853177948,0.020822590514825285,-0.46632986616244965,3.041465445462115,118,-0.07312796180025283,0.3389830508474576,62,-0.30595537776169346,0.27419354838709675,25.5037037037037,0.9722222222222222,0.10332407174252684,0.015265594931688768,0.0,10,2021:-0.315(8)  2022:-0.117(28)  2023:+0.068(38)  2024:-0.123(44)  2025:-0.263(45)  2026:-0.420(17),1.0
S_bb_break_dn,0.25,641,0.859594383775351,0.8301231831746578,0.029352544631278954,-0.0019273823624431695,0.060384788962565134,0.31005757914678345,10.563226563204909,461,0.03080574286359037,0.8590021691973969,180,0.02563074249185916,0.8611111111111112,6.09009360374415,0.19500780031201248,0.04514043508790981,0.026491327808813702,3.4000000000000004,3,2021:+0.099(61)  2022:+0.052(155)  2023:+0.022(119)  2024:-0.021(126)  2025:+0.006(117)  2026:+0.063(63),1.5
S_bb_break_dn,0.33,609,0.80623973727422,0.7812871289130214,0.025603108647064585,-0.011247359855251975,0.06368244024392057,0.2569499615491856,10.035889199675177,438,0.024437900894855032,0.8036529680365296,171,0.02858767587202239,0.8128654970760234,8.08839627805145,0.2742200328407225,0.04669574192764807,0.02651649518910707,3.0000000000000004,3,2021:-0.021(58)  2022:+0.074(146)  2023:+0.028(111)  2024:-0.016(123)  2025:+0.010(110)  2026:+0.061(61),1.5
S_bb_break_dn,0.5,533,0.724202626641651,0.694056158894108,0.03726202961008664,-0.023297843003465178,0.09679646301880734,0.32728965694276435,8.783462961292068,385,0.033167762913350766,0.7194805194805195,148,0.04791265581443336,0.7364864864864865,11.65603502188868,0.3902439024390244,0.0490419103523899,0.026655525219322736,4.2,6,2021:-0.197(52)  2022:+0.136(129)  2023:+0.112(97)  2024:-0.050(107)  2025:+0.004(96)  2026:+0.129(52),1.5
S_bb_break_dn,0.75,441,0.6145124716553289,0.5967849828324027,0.022407900182283728,-0.05348669395807278,0.10210560423288509,0.1628464576538757,7.267368041144094,316,0.02959332007696576,0.6170886075949367,125,0.004243158688527567,0.608,16.54232804232804,0.5827664399092971,0.052988925214541654,0.026848847045437652,2.6000000000000005,6,2021:-0.106(49)  2022:+0.206(108)  2023:+0.030(73)  2024:-0.114(86)  2025:-0.111(81)  2026:+0.216(44),1.5
S_bb_break_dn,1.0,396,0.5404040404040404,0.524491926118811,0.023502148495658307,-0.07217729950789481,0.11857288021497246,0.15337031768418524,6.525799873680411,282,0.016562046697286944,0.5354609929078015,114,0.040669768733734867,0.5526315789473685,21.32260101010101,0.7702020202020202,0.057305932312422495,0.026235196935246115,2.8000000000000003,6,2021:-0.209(41)  2022:+0.259(92)  2023:+0.011(68)  2024:-0.140(81)  2025:-0.039(76)  2026:+0.201(38),1.5
S_bb_break_dn,1.5,318,0.4339622641509434,0.4232078689044079,0.017474416133652134,-0.1069691567670232,0.1369854040241323,0.09157319329809363,5.2404150500766935,228,0.011121739092862175,0.4298245614035088,90,0.03356786463698665,0.4444444444444444,33.24423480083857,1.2735849056603774,0.06743124424370633,0.026487437673147148,2.0,6,2021:-0.003(36)  2022:+0.269(70)  2023:-0.107(56)  2024:-0.155(66)  2025:-0.104(59)  2026:+0.296(31),1.5
S_bb_break_dn,2.0,281,0.3807829181494662,0.35506708779778035,0.0673545225538972,-0.09927690590186487,0.2339273104449574,0.3118973229078321,4.6306812234954435,197,0.02410274952148605,0.36548223350253806,84,0.16879022835609955,0.4166666666666667,41.12811387900356,1.612099644128114,0.07499423189450138,0.02616590129200314,7.6000000000000005,8,2021:-0.111(32)  2022:+0.409(59)  2023:-0.076(47)  2024:-0.208(59)  2025:+0.042(56)  2026:+0.423(28),1.5
S_dntrend_rsi60,0.25,225,0.84,0.8331563988216596,0.0018605161886252632,-0.053093173053987044,0.05648274782261992,0.006929132885206323,3.7243066884176184,156,0.010767132462211114,0.8461538461538461,69,-0.01827618147339493,0.8260869565217391,6.137407407407408,0.18222222222222223,0.04813948381137474,0.02391360090562457,0.2,3,2021:+0.051(30)  2022:+0.035(65)  2023:-0.036(35)  2024:-0.034(26)  2025:+0.007(46)  2026:-0.069(23),1.5
S_dntrend_rsi60,0.33,191,0.8010471204188482,0.7842248765726699,0.015494212796669229,-0.05333621237642992,0.084105848415278,0.04898974329829426,3.1618091181002446,136,0.037401796805121415,0.8161764705882353,55,-0.038677267660594365,0.7636363636363637,8.55017452006981,0.28272251308900526,0.04989845736039884,0.024206959217535386,1.6,3,2021:+0.092(26)  2022:+0.049(56)  2023:-0.009(30)  2024:+0.008(24)  2025:-0.060(36)  2026:+0.002(19),1.5
S_dntrend_rsi60,0.5,152,0.7039473684210527,0.6984569124731675,0.0014286217849248048,-0.09992503371122514,0.10063766798821873,0.003594704013903497,2.5162041149279433,104,0.014803736788016737,0.7115384615384616,48,-0.027550794055107686,0.6875,14.705043859649122,0.5263157894736842,0.05449243084665414,0.02439234352609673,0.2,3,2021:+0.011(20)  2022:+0.054(45)  2023:-0.059(19)  2024:-0.000(20)  2025:-0.065(30)  2026:+0.035(18),1.5
S_dntrend_rsi60,0.75,126,0.626984126984127,0.6015350240059274,0.03758911218221236,-0.07312132850925475,0.1509966333048579,0.07840339948961002,2.0858007794797424,83,0.0391635541480407,0.6265060240963856,43,0.034550073038869186,0.627906976744186,20.84854497354498,0.753968253968254,0.059633110040009894,0.024237502360817308,4.0,4,2021:+0.092(17)  2022:+0.078(34)  2023:-0.040(15)  2024:-0.022(17)  2025:+0.006(26)  2026:+0.079(17),1.5
S_dntrend_rsi60,1.0,116,0.5603448275862069,0.5281598154292602,0.05725615098037126,-0.07704691754298154,0.1981355677020883,0.10995672191319623,1.9204350978970268,76,0.07063739856667291,0.5657894736842105,40,0.031831780566398175,0.55,26.28735632183908,0.9741379310344828,0.06343350419204252,0.02462851663573003,6.2,4,2021:+0.135(17)  2022:+0.192(32)  2023:-0.271(12)  2024:+0.013(15)  2025:+0.081(26)  2026:-0.059(14),1.5
S_dntrend_rsi60,1.5,102,0.43137254901960786,0.4277821897183493,0.0035805086391442384,-0.21716110036746636,0.22955554749903206,0.006047352491481139,1.688964641885766,66,-0.01370515564882152,0.42424242424242425,36,0.03527089316708145,0.4444444444444444,41.13316993464051,1.6176470588235294,0.07485086390987539,0.024603151108469126,0.4,8,2021:+0.096(13)  2022:+0.179(28)  2023:-0.271(12)  2024:-0.301(13)  2025:+0.065(24)  2026:-0.025(12),1.5
S_dntrend_rsi60,2.0,98,0.37755102040816324,0.3593043640194777,0.04893848693148935,-0.25937440807434475,0.36499432607665244,0.07941398683684378,1.622730734360834,64,-0.005693756834397101,0.359375,34,0.1517756516672756,0.4117647058823529,53.0,2.0714285714285716,0.08371457429300046,0.02484453170286893,5.4,9,2021:+0.321(13)  2022:+0.141(27)  2023:-0.298(11)  2024:-0.391(13)  2025:+0.137(22)  2026:+0.180(12),1.5
S_dntrend_at_200,0.25,394,0.8375634517766497,0.8341292123079638,-0.003150688303480047,-0.048384788548933765,0.04358149267837067,-0.021004635392676742,6.66668148971651,260,0.015302625483202093,0.85,134,-0.03895562550152001,0.8134328358208955,8.07339255499154,0.2563451776649746,0.05010500302429222,0.02410070480513426,0.0,3,2021:+0.114(47)  2022:+0.016(59)  2023:+0.001(70)  2024:-0.028(84)  2025:-0.027(96)  2026:-0.070(38),1.5
S_dntrend_at_200,0.33,334,0.7934131736526946,0.7859412283783141,0.0024330994981229975,-0.054801939983228326,0.056543999087400355,0.013750542119753524,5.651450806003335,217,0.029378266890500885,0.8110599078341014,117,-0.04754212549457786,0.7606837606837606,10.363522954091817,0.3592814371257485,0.05280642145996084,0.023832163719552206,0.4,4,2021:+0.136(33)  2022:+0.040(54)  2023:+0.010(59)  2024:-0.012(71)  2025:-0.037(86)  2026:-0.077(31),1.5
S_dntrend_at_200,0.5,266,0.7330827067669173,0.6992052468964293,0.043041693273759805,-0.0425513600072129,0.12383293623661291,0.19372446476118071,4.5008560311284045,173,0.07434468613559032,0.7514450867052023,93,-0.01518860527566683,0.6989247311827957,14.983709273182958,0.5300751879699248,0.05658236687661613,0.023869871513720137,4.6000000000000005,6,2021:+0.256(29)  2022:+0.135(47)  2023:-0.000(46)  2024:-0.017(51)  2025:+0.011(70)  2026:-0.094(23),1.5
S_dntrend_at_200,0.75,217,0.6682027649769585,0.602356922988599,0.10741534824200571,0.0011010809958913593,0.20710526867029577,0.3944024093972229,3.671750972762646,137,0.15543063473009774,0.6934306569343066,80,0.02518917013114815,0.625,21.695084485407065,0.7880184331797235,0.061939490467671686,0.023907961490162617,11.200000000000001,6,2021:+0.357(20)  2022:+0.207(39)  2023:+0.081(36)  2024:+0.075(42)  2025:+0.091(59)  2026:-0.161(21),1.5
S_dntrend_at_200,1.0,191,0.6178010471204188,0.5291840271330979,0.1696284806503173,0.03276332330815374,0.3012274386595827,0.5482083222013178,3.231817676486937,119,0.23249871521605822,0.6470588235294118,72,0.06571795407638446,0.5694444444444444,27.609511343804535,1.031413612565445,0.06597361359052038,0.024254822677936005,18.0,6,2021:+0.534(19)  2022:+0.318(35)  2023:+0.050(28)  2024:+0.135(37)  2025:+0.153(54)  2026:-0.196(18),1.5
S_dntrend_at_200,1.5,150,0.5133333333333333,0.4292167022399608,0.2013736920558977,0.009837224567987503,0.386404844316518,0.511101877669388,2.538076709282935,92,0.22407602643583452,0.5217391304347826,58,0.1653630926946187,0.5,46.97388888888889,1.8133333333333332,0.0819596412774356,0.024734710328746416,21.8,7,2021:+0.816(12)  2022:+0.274(28)  2023:+0.009(22)  2024:+0.099(30)  2025:+0.259(41)  2026:-0.061(17),1.5
S_dntrend_at_200,2.0,136,0.45588235294117646,0.36142731886697127,0.27342991752271223,0.02529306454884557,0.5257779068797526,0.6292140687922317,2.301189549749861,86,0.30352261754205895,0.46511627906976744,50,0.22167047348943592,0.44,62.313112745098046,2.463235294117647,0.09421714130081715,0.02529150642707923,inf,8,2021:+1.115(11)  2022:+0.483(27)  2023:-0.046(22)  2024:+0.070(26)  2025:+0.313(34)  2026:+0.027(16),1.5
S_volspike25_dn,0.25,178,0.8820224719101124,0.8327079643602741,0.05183751870580088,-0.003694887881001685,0.1048067488871668,0.15412782020523963,2.9732869946954454,113,0.05998577664749055,0.8849557522123894,65,0.03767208566870958,0.8769230769230769,7.7748127340823965,0.3089887640449438,0.05069057118183957,0.025791745897906712,5.6000000000000005,2,2021:+0.013(12)  2022:+0.145(37)  2023:+0.098(30)  2024:-0.049(34)  2025:+0.033(47)  2026:+0.049(18),1.5
S_volspike25_dn,0.33,178,0.8370786516853933,0.7836848047734808,0.06111566638038509,-9.509199180187721e-05,0.1252727075185036,0.18171441602094465,2.9732869946954454,113,0.07029169058061639,0.8407079646017699,65,0.045163501232290716,0.8307692307692308,9.84316479400749,0.38202247191011235,0.05219894036118794,0.025791745897906712,6.600000000000001,2,2021:-0.144(12)  2022:+0.148(37)  2023:+0.168(30)  2024:-0.025(34)  2025:+0.017(47)  2026:+0.118(18),1.5
S_volspike25_dn,0.5,178,0.7359550561797753,0.6971906149375315,0.04757820083327322,-0.07487493154198908,0.17272079224301523,0.14146364576857928,2.9732869946954454,113,0.10423333261417136,0.7699115044247787,65,-0.05091456672428823,0.676923076923077,14.164325842696629,0.5617977528089888,0.05635438343638972,0.025791745897906712,5.200000000000001,5,2021:-0.283(12)  2022:+0.176(37)  2023:+0.324(30)  2024:-0.031(34)  2025:-0.140(47)  2026:+0.181(18),1.5
S_volspike25_dn,0.75,176,0.625,0.5998910050263336,0.031761758262650486,-0.09735233115890396,0.1586055919853981,0.09337573487469593,2.9398792756539236,111,0.06208699148551973,0.6396396396396397,65,-0.020024409241018566,0.6,18.90340909090909,0.7727272727272727,0.06198824173734951,0.025825793586488233,3.4000000000000004,5,2021:-0.160(12)  2022:+0.266(36)  2023:-0.003(29)  2024:-0.020(34)  2025:-0.139(47)  2026:+0.290(18),1.5
S_volspike25_dn,1.0,172,0.5523255813953488,0.5263580076282067,0.04031751042343228,-0.10694103914455537,0.18393254412171758,0.1158347812184503,2.8730638375708795,108,0.07082798217167022,0.5648148148148148,64,-0.011168910651719221,0.53125,22.489341085271317,0.9186046511627907,0.06433365236726539,0.02578537696693645,4.4,7,2021:-0.037(12)  2022:+0.248(34)  2023:+0.013(29)  2024:-0.021(33)  2025:-0.137(47)  2026:+0.336(17),1.5
S_volspike25_dn,1.5,158,0.47770700636942676,0.424346082622428,0.11951536755177368,-0.07883952670100967,0.29842988741292764,0.31542612980479595,2.6392098042802266,100,0.15586214489772643,0.49,58,0.05684851005875163,0.45614035087719296,32.51951476793249,1.360759493670886,0.0740430280232413,0.025965240837219065,13.000000000000002,8,2021:+0.092(11)  2022:+0.388(33)  2023:+0.041(26)  2024:+0.023(30)  2025:-0.128(42)  2026:+0.542(16),1.5
S_volspike25_dn,2.0,138,0.41605839416058393,0.3575958981157739,0.16043133506014182,-0.08509958941125144,0.4221975110770282,0.36981550273303765,2.305132613865008,87,0.15655130558267158,0.41379310344827586,51,0.16705020887464997,0.42,46.35084541062802,1.963768115942029,0.08654132074313615,0.025854426010407834,17.400000000000002,8,2021:-0.153(10)  2022:+0.596(29)  2023:-0.144(21)  2024:+0.032(27)  2025:-0.138(38)  2026:+1.058(13),1.5
S_volspike18_dn,0.25,436,0.8623853211009175,0.8310307504922353,0.030938081915419427,-0.01581231593621076,0.07489755152521876,0.2235600397940146,7.226047186932849,298,0.0369667644230941,0.8657718120805369,138,0.01791962258725238,0.855072463768116,6.584480122324158,0.26605504587155965,0.047043569460727366,0.026632356782843994,3.6,4,2021:+0.084(36)  2022:+0.066(121)  2023:+0.100(62)  2024:-0.079(79)  2025:+0.056(96)  2026:-0.069(42),1.5
S_volspike18_dn,0.33,434,0.8110599078341014,0.782338072410476,0.029456047819804033,-0.02275433686822816,0.07883307829538319,0.21187441170899363,7.192900181488203,297,0.04058393242101138,0.8181818181818182,137,0.005332093611347249,0.7956204379562044,8.818164362519202,0.35944700460829493,0.04925362959955082,0.02665349780358329,3.4000000000000004,4,2021:+0.080(36)  2022:+0.045(120)  2023:+0.127(62)  2024:-0.051(79)  2025:+0.042(96)  2026:-0.081(41),1.5
S_volspike18_dn,0.5,424,0.7264150943396226,0.6957501514887908,0.03677249263230552,-0.03272978465481395,0.10653448379640712,0.25840637886120277,7.0271651542649725,290,0.0562022433331178,0.7379310344827587,134,-0.005276967839601661,0.7014925373134329,13.039504716981131,0.5306603773584906,0.052850148877128446,0.026712300716516646,4.2,4,2021:-0.046(35)  2022:+0.058(117)  2023:+0.252(62)  2024:-0.060(76)  2025:+0.028(94)  2026:-0.084(40),1.5
S_volspike18_dn,0.75,385,0.625974025974026,0.5989012055349651,0.037325944001764165,-0.05379121477398558,0.13095048105199703,0.23816932929270868,6.380798548094374,260,0.07494281053496286,0.6461538461538462,125,-0.04091713838728918,0.584,19.165584415584416,0.7844155844155845,0.05812860145278131,0.02687781775240547,4.2,5,2021:-0.028(33)  2022:+0.185(105)  2023:+0.163(53)  2024:-0.111(69)  2025:-0.058(87)  2026:-0.002(38),1.5
S_volspike18_dn,1.0,348,0.5632183908045977,0.5262829337449054,0.06382046333071721,-0.04221704325227313,0.16781369460780113,0.3680895607175429,5.7675789473684205,235,0.09684609518546601,0.5787234042553191,113,-0.004861160438008175,0.5309734513274337,24.364224137931036,1.0114942528735633,0.06261631827847818,0.026742583991584717,7.400000000000001,5,2021:+0.028(30)  2022:+0.222(91)  2023:+0.184(50)  2024:-0.116(64)  2025:+0.008(80)  2026:-0.037(33),1.5
S_volspike18_dn,1.5,287,0.4808362369337979,0.42498392628019416,0.12857878512425258,-0.020807436033993862,0.27124990666445103,0.6115972425981698,4.756595281306715,191,0.2101608076723471,0.5130890052356021,96,-0.033735447237060574,0.4166666666666667,38.791811846689896,1.5958188153310104,0.07351180721024222,0.027184028460915055,14.800000000000002,7,2021:+0.340(27)  2022:+0.273(69)  2023:+0.348(41)  2024:-0.040(54)  2025:-0.039(70)  2026:-0.020(26),1.5
S_volspike18_dn,2.0,237,0.4008438818565401,0.3581009923229688,0.11677818793912198,-0.0532256063132871,0.29103770174225746,0.45869539692492683,3.9279201451905625,155,0.1322560097498227,0.4064516129032258,82,0.08752132963840721,0.3902439024390244,54.12552742616034,2.2658227848101267,0.08575345763049824,0.027359756975225545,13.600000000000001,9,2021:+0.222(21)  2022:+0.296(59)  2023:+0.115(31)  2024:-0.118(44)  2025:-0.015(59)  2026:+0.352(23),1.5
L_uptrend_run3,0.25,648,0.8055555555555556,0.8365556326268548,-0.04377865606807959,-0.08531650721504397,-0.002960324088394174,-0.49274707240034127,11.255417974322397,482,-0.040277054206275247,0.8049792531120332,166,-0.053945957859583775,0.8072289156626506,7.3594393004115215,0.2345679012345679,0.05072310051252404,0.022262702134060917,0.0,4,2021:-0.112(65)  2022:-0.088(67)  2023:-0.023(160)  2024:-0.014(190)  2025:-0.063(116)  2026:-0.033(50),1.5
L_uptrend_run3,0.33,611,0.7708674304418985,0.7875772571766738,-0.027362327665035373,-0.07465158309775437,0.017567189034889002,-0.29038947461886816,10.612747503566334,453,-0.026686567932265513,0.7682119205298014,158,-0.02929979069633125,0.7784810126582279,9.31001091107474,0.2978723404255319,0.052616010152760434,0.0220932147170552,0.0,4,2021:-0.088(59)  2022:-0.059(61)  2023:-0.011(154)  2024:-0.009(179)  2025:-0.036(111)  2026:-0.012(47),1.5
L_uptrend_run3,0.5,544,0.6985294117647058,0.7003374350060093,-0.00795958022948893,-0.06734592814245115,0.050416260735613845,-0.07521001681540074,9.448992867332382,403,-0.012990525743348953,0.6923076923076923,141,0.006419647019345028,0.7163120567375887,13.122549019607844,0.44485294117647056,0.055753697876547756,0.022223559206730553,0.0,5,2021:-0.143(52)  2022:-0.055(53)  2023:+0.023(140)  2024:+0.012(158)  2025:+0.021(99)  2026:-0.028(42),1.5
L_uptrend_run3,0.75,468,0.6089743589743589,0.6023490786363146,0.006421973316939992,-0.07052933351657473,0.08801276539238777,0.05220862741978035,8.129686132775348,353,0.0015278403883490586,0.603399433427762,115,0.02144483352383213,0.6260869565217392,18.40829772079772,0.6324786324786325,0.059283154888188215,0.022476794779739392,0.8,6,2021:-0.067(45)  2022:-0.117(47)  2023:+0.066(121)  2024:+0.007(140)  2025:+0.004(81)  2026:+0.062(34),1.5
L_uptrend_run3,1.0,404,0.5396039603960396,0.53041998402626,0.012221804221872672,-0.08951254898807039,0.11938894270024795,0.08577181762654187,7.017934182994103,306,0.018537388528253675,0.5392156862745098,98,-0.007498285551112826,0.5408163265306123,25.93069306930693,0.9579207920792079,0.06698611657020652,0.02266537015353489,1.4000000000000001,8,2021:+0.032(41)  2022:-0.322(41)  2023:+0.086(104)  2024:+0.072(120)  2025:-0.020(69)  2026:+0.022(29),1.5
L_uptrend_run3,1.5,322,0.4472049689440994,0.4287997278189777,0.040454899328191816,-0.10926059868132142,0.18892782578645304,0.2262845601943035,5.593501997336884,240,0.03407501671758945,0.44166666666666665,82,0.0591277264811744,0.4634146341463415,39.03985507246377,1.4751552795031055,0.07755752303205662,0.022744348836136793,4.2,11,2021:-0.073(28)  2022:-0.418(35)  2023:+0.199(84)  2024:+0.088(93)  2025:+0.017(58)  2026:+0.161(24),1.5
L_uptrend_run3,2.0,277,0.37545126353790614,0.36087699940186524,0.038156385647881146,-0.1309628949408436,0.21640061871151436,0.18386326222496774,4.818676064387085,213,0.06230276737788082,0.38028169014084506,64,-0.04220579104727408,0.359375,50.19675090252708,1.9530685920577617,0.08819740496583728,0.022709810322753737,4.0,11,2021:+0.107(23)  2022:-0.409(32)  2023:+0.135(76)  2024:+0.166(82)  2025:-0.033(44)  2026:-0.063(20),1.5
L_bb_break_up,0.25,677,0.8242245199409158,0.8360873146133259,-0.021304876122715928,-0.061346926100651074,0.017786963547166194,-0.23874297474268358,11.206025013594346,487,0.007831916689813711,0.8439425051334702,190,-0.09598707664746295,0.7736842105263158,6.259108813392418,0.19793205317577547,0.05158552604886067,0.02214553312800951,0.0,3,2021:-0.047(71)  2022:-0.032(110)  2023:+0.024(157)  2024:+0.046(149)  2025:-0.116(129)  2026:-0.054(61),1.5
L_bb_break_up,0.33,637,0.8021978021978022,0.7869408041528775,0.013729992783875274,-0.03195699089106684,0.05731710291553622,0.14476802853579177,10.543926046764547,458,0.049097679822943205,0.8253275109170306,179,-0.07676386567362817,0.7430167597765364,7.834641548927262,0.25745682888540034,0.05319308413920166,0.02206091373789601,1.4000000000000001,3,2021:-0.026(66)  2022:+0.003(99)  2023:+0.066(150)  2024:+0.098(143)  2025:-0.087(122)  2026:-0.055(57),1.5
L_bb_break_up,0.5,549,0.7085610200364298,0.7000767904414262,0.00650999696727814,-0.0544806328478353,0.06810311158971542,0.05915834960222222,9.08730831973899,390,0.04827841571433221,0.7333333333333333,159,-0.09594084146889219,0.6477987421383647,11.343199757134181,0.3843351548269581,0.056331533087366666,0.021793146388332824,0.8,5,2021:-0.114(52)  2022:-0.013(84)  2023:+0.094(131)  2024:+0.109(123)  2025:-0.117(107)  2026:-0.052(52),1.5
L_bb_break_up,0.75,462,0.6082251082251082,0.6023091198238003,0.0032522726467195803,-0.08480288219038679,0.08848069728684016,0.02487091944924336,7.647243066884176,330,0.07361329682853392,0.6454545454545455,132,-0.17265028780781627,0.5151515151515151,16.18596681096681,0.5670995670995671,0.06114166674721981,0.02190097641313067,0.4,6,2021:-0.109(45)  2022:+0.036(74)  2023:+0.136(112)  2024:+0.114(99)  2025:-0.171(91)  2026:-0.176(41),1.5
L_bb_break_up,1.0,401,0.5361596009975063,0.5298548263965976,0.005643625998966754,-0.09730771103666912,0.11064068267499903,0.037459805404474036,6.6375421424687335,282,0.05968994388651824,0.5602836879432624,119,-0.12243252227237371,0.4789915966386555,21.954904405652538,0.8104738154613467,0.06667557599604572,0.021859730322856992,0.6000000000000001,7,2021:-0.121(39)  2022:-0.074(61)  2023:+0.154(98)  2024:+0.130(84)  2025:-0.133(80)  2026:-0.101(39),1.5
L_bb_break_up,1.5,330,0.45454545454545453,0.4284972562769613,0.058139412988862514,-0.09008780822491541,0.21431792976969571,0.3176910415352974,5.46429737080689,234,0.12517795430156178,0.47863247863247865,96,-0.10526703146084194,0.3958333333333333,34.30681818181818,1.3181818181818181,0.07822422337477383,0.021884084473793506,5.6000000000000005,10,2021:-0.068(33)  2022:-0.048(49)  2023:+0.321(82)  2024:+0.109(70)  2025:-0.088(67)  2026:-0.145(29),1.5
L_bb_break_up,2.0,284,0.397887323943662,0.3600139803007138,0.10660653824614615,-0.0824562049482375,0.2988036272651371,0.5013286992981343,4.702607434270172,202,0.24201453052739036,0.4405940594059406,82,-0.22695949151984576,0.2926829268292683,43.704812206572775,1.7253521126760563,0.0870554335848398,0.022021905471945786,10.400000000000002,11,2021:+0.182(29)  2022:+0.063(42)  2023:+0.374(72)  2024:+0.238(59)  2025:-0.210(57)  2026:-0.265(25),1.5
L_volspike18_up,0.25,374,0.820855614973262,0.8378048536993858,-0.02787222584817129,-0.07812809123666338,0.020683747439392188,-0.17675964766617228,6.341784421130814,273,-0.008973518759463523,0.8315018315018315,101,-0.07895486976121308,0.7920792079207921,5.74554367201426,0.22459893048128343,0.05394174456474884,0.021421576674575785,0.0,3,2021:-0.067(22)  2022:+0.057(33)  2023:-0.064(117)  2024:+0.046(101)  2025:-0.123(67)  2026:+0.008(34),1.5
L_volspike18_up,0.33,373,0.7801608579088471,0.7882449877971401,-0.017508072873304564,-0.07499091396603744,0.03920007297594731,-0.11073554565346475,6.3248277782935665,273,0.007842957771068053,0.7948717948717948,100,-0.0867163865324418,0.74,7.113941018766756,0.2734584450402145,0.055122013892071324,0.021435156632386074,0.0,3,2021:-0.005(22)  2022:+0.127(33)  2023:-0.070(117)  2024:+0.062(101)  2025:-0.104(67)  2026:-0.052(33),1.5
L_volspike18_up,0.5,369,0.7100271002710027,0.7007788455842756,0.007224154301697837,-0.06998142851207875,0.07706479656423981,0.045201542184877194,6.257001206944573,270,0.04796525682894104,0.7333333333333333,99,-0.10388794349987454,0.6464646464646465,10.199412827461607,0.39295392953929537,0.05781649610480622,0.021428846423012415,0.8,5,2021:+0.055(22)  2022:+0.227(33)  2023:-0.044(115)  2024:+0.093(100)  2025:-0.125(66)  2026:-0.062(33),1.5
L_volspike18_up,0.75,350,0.6342857142857142,0.6032806001257296,0.04731710428691447,-0.05174865615612719,0.14122696900035142,0.2808448072828895,5.935376044568245,258,0.11753307648459176,0.6705426356589147,92,-0.149592904702224,0.532608695652174,15.251428571428571,0.6028571428571429,0.06268289571308554,0.021553748389852165,4.6000000000000005,5,2021:+0.209(21)  2022:+0.308(31)  2023:+0.000(110)  2024:+0.170(96)  2025:-0.142(63)  2026:-0.166(29),1.5
L_volspike18_up,1.0,331,0.5770392749244713,0.5308450208996001,0.0862660817456092,-0.028628032936825483,0.19914274561198964,0.48422617486313635,5.61316991643454,241,0.13310347335539757,0.5975103734439834,90,-0.03915404467615745,0.5222222222222223,21.850704934541795,0.8700906344410876,0.06781246810333341,0.021641180298857473,8.4,7,2021:+0.254(20)  2022:+0.322(29)  2023:+0.018(103)  2024:+0.177(89)  2025:-0.056(62)  2026:-0.001(28),1.5
L_volspike18_up,1.5,270,0.5148148148148148,0.4294413928655506,0.20774750316270363,0.05789356388070278,0.3606000585738697,0.951217369912885,4.578718662952646,200,0.27790320615013747,0.54,70,0.007302637484321283,0.44285714285714284,34.64938271604938,1.4111111111111112,0.07928953387433339,0.021813581482202492,20.0,7,2021:+0.602(15)  2022:+0.180(26)  2023:+0.172(86)  2024:+0.371(73)  2025:-0.005(50)  2026:+0.038(20),1.5
L_volspike18_up,2.0,240,0.4583333333333333,0.3610405475545895,0.28721109648009363,0.09875856953362738,0.485156443671554,1.1689411623648869,4.069972144846797,174,0.3843579804048948,0.4885057471264368,66,0.031096584314708825,0.3787878787878788,43.795833333333334,1.8125,0.08778890351990638,0.02173020096951622,27.800000000000004,7,2021:+0.661(12)  2022:+0.347(21)  2023:+0.240(77)  2024:+0.519(64)  2025:+0.128(46)  2026:-0.193(20),1.5
L_uptrend_at_200,0.25,372,0.7956989247311828,0.835856037794761,-0.05676993662879518,-0.11751051618081008,0.001151538260575815,-0.3568385212349461,6.285695253955038,250,-0.03603440457746714,0.808,122,-0.09926078099627073,0.7704918032786885,7.537186379928315,0.22311827956989247,0.05139359254277368,0.02256934568342622,0.0,5,2021:-0.061(18)  2022:-0.014(71)  2023:-0.003(73)  2024:-0.076(88)  2025:-0.095(84)  2026:-0.108(38),1.5
L_uptrend_at_200,0.33,311,0.7363344051446945,0.7870849483757492,-0.074877496242173,-0.15387015749751776,-0.0016876864759522525,-0.393479476283793,5.254976408548432,215,-0.04616753243448228,0.7534883720930232,96,-0.13917585268648036,0.6979166666666666,10.232047159699894,0.3247588424437299,0.054202255084616735,0.02268927331887016,0.0,5,2021:-0.059(15)  2022:+0.010(61)  2023:-0.030(64)  2024:-0.104(75)  2025:-0.127(65)  2026:-0.165(31),1.5
L_uptrend_at_200,0.5,231,0.6363636363636364,0.7015307094733165,-0.10516652636673575,-0.20041893102077166,-0.011164857316521136,-0.4104874568200909,3.9032139883430474,156,-0.09107060988525716,0.6410256410256411,75,-0.1344860326482113,0.6266666666666667,15.938672438672441,0.5497835497835498,0.05971198091219033,0.022466160554156588,0.0,5,2021:-0.085(11)  2022:-0.029(43)  2023:-0.064(46)  2024:-0.162(56)  2025:-0.105(51)  2026:-0.198(24),1.5
L_uptrend_at_200,0.75,189,0.544973544973545,0.6047495107248639,-0.1128359347462964,-0.23519983363465694,0.007236779942913864,-0.3603459263641424,3.193538717735221,130,-0.07527338570423232,0.5615384615384615,59,-0.19560087331355638,0.5084745762711864,22.43430335097002,0.8306878306878307,0.06653963845000012,0.022557140055348535,0.0,5,2021:-0.167(10)  2022:-0.068(34)  2023:+0.057(40)  2024:-0.175(46)  2025:-0.189(41)  2026:-0.211(18),1.5
L_uptrend_at_200,1.0,163,0.4662576687116564,0.5317204941597176,-0.13958589075125827,-0.2861321554799956,0.0023775108415826566,-0.38444968407345725,2.7542159311684706,109,-0.09127777383615926,0.48623853211009177,54,-0.23709671933914334,0.42592592592592593,28.621676891615547,1.0674846625766872,0.07210122817457115,0.022599621621107634,0.0,9,2021:-0.154(9)  2022:-0.123(28)  2023:+0.030(34)  2024:-0.162(38)  2025:-0.246(38)  2026:-0.217(16),1.5
L_uptrend_at_200,1.5,140,0.37857142857142856,0.4293774109714274,-0.13640196702517518,-0.3030451105845686,0.03915104678372686,-0.3226703428667702,2.3655842353594227,92,-0.06643047318305896,0.40217391304347827,48,-0.2705139968892312,0.3333333333333333,39.840476190476195,1.5714285714285714,0.0828305384537466,0.0229525234521697,0.0,9,2021:-0.639(6)  2022:-0.082(23)  2023:+0.110(29)  2024:-0.105(34)  2025:-0.245(35)  2026:-0.338(13),1.5
L_uptrend_at_200,2.0,127,0.31496062992125984,0.3614572376233018,-0.14850567115942698,-0.3371527951468202,0.06153974843355917,-0.3186817119188485,2.1459228420760477,82,-0.09432714599698447,0.32926829268292684,45,-0.2472309836776557,0.28888888888888886,51.0249343832021,2.047244094488189,0.09338756092320655,0.022799371754016327,0.0,9,2021:-0.558(6)  2022:-0.210(21)  2023:+0.132(24)  2024:-0.101(31)  2025:-0.205(33)  2026:-0.364(12),1.5
S_bb_break_dn,0.25,559,0.8405017921146953,0.8211497829130392,0.018014586403752503,-0.01916183842019042,0.054490442836215174,0.16594901109598292,9.211924569159974,402,0.01521018846432999,0.835820895522388,157,0.025195274121254725,0.8525641025641025,15.296362552176504,0.5474060822898033,0.031184010898339495,0.044395842585080635,3.4000000000000004,3,2021:-0.037(52)  2022:+0.019(133)  2023:+0.014(102)  2024:+0.036(115)  2025:-0.010(101)  2026:+0.088(56),2.5
S_bb_break_dn,0.33,500,0.7915831663326653,0.773707644620408,0.017350613568202063,-0.030486883728971414,0.06591179566817372,0.1429629189793569,8.239646305152034,358,0.01906422959673984,0.7905027932960894,142,0.013030370341325103,0.7943262411347518,20.687166666666666,0.772,0.03385341821553681,0.04429721976767719,3.4000000000000004,3,2021:-0.055(48)  2022:+0.053(117)  2023:+0.053(91)  2024:-0.016(102)  2025:-0.046(91)  2026:+0.118(51),2.5
S_bb_break_dn,0.5,397,0.7070707070707071,0.6899703923274276,0.0188024854899534,-0.04405216459224153,0.08299692305939076,0.12301110909540561,6.542279166290715,283,0.027310752359904777,0.7102473498233216,114,-0.002318913845101315,0.6991150442477876,33.39252728799328,1.2871536523929472,0.039766824061354976,0.044158227420134775,3.6,4,2021:-0.068(39)  2022:+0.094(92)  2023:+0.049(71)  2024:-0.021(81)  2025:-0.059(76)  2026:+0.111(38),2.5
S_bb_break_dn,0.75,314,0.6134185303514377,0.5958619454824268,0.023444638498230714,-0.06209015693411334,0.11106697419736317,0.12131423219791512,5.174497879635478,221,0.03911750589909627,0.6199095022624435,93,-0.013799487260815414,0.5978260869565217,49.69373673036094,1.9490445859872612,0.04742165415103496,0.04383985583142749,4.4,4,2021:-0.011(29)  2022:+0.172(62)  2023:-0.040(62)  2024:+0.011(68)  2025:-0.092(62)  2026:+0.143(31),2.5
S_bb_break_dn,1.0,252,0.532,0.5255042452338607,0.006412715791969654,-0.1073397964845902,0.12633552099664372,0.0266306090305716,4.152781737796626,173,0.003951849828299935,0.5290697674418605,79,0.011801700750385625,0.5384615384615384,68.80357142857143,2.742063492063492,0.05447989671922723,0.0445226221205051,1.4000000000000001,5,2021:-0.047(24)  2022:+0.300(47)  2023:-0.194(48)  2024:-0.055(54)  2025:-0.055(52)  2026:+0.140(27),2.5
S_bb_break_dn,1.5,200,0.4271356783919598,0.4270940392994674,-0.009580687064719684,-0.16744306335878462,0.1553290140045541,-0.03157658910945417,3.2958585220608136,141,-0.007589916038387089,0.425531914893617,59,-0.014338292398836576,0.43103448275862066,102.14625,4.17,0.07334076652406683,0.04406873359866546,0.0,6,2021:-0.141(19)  2022:+0.310(40)  2023:-0.168(38)  2024:-0.100(44)  2025:-0.141(40)  2026:+0.252(19),2.5
S_bb_break_dn,2.0,159,0.35668789808917195,0.36157782107435693,-0.01697744597920815,-0.2455161961447375,0.2069464758721868,-0.044484431710653215,2.6202075250383468,110,-0.032587187582942614,0.3486238532110092,49,0.01806483109039983,0.375,139.5670859538784,5.666666666666667,0.08870375275474672,0.04405972789646162,0.0,10,2021:+0.050(16)  2022:+0.444(27)  2023:-0.334(31)  2024:-0.168(36)  2025:-0.229(35)  2026:+0.635(14),2.5
S_dntrend_rsi60,0.25,139,0.8273381294964028,0.82395829481151,-0.0007571658438094117,-0.07764933199769557,0.07332751042792228,-0.0017433465436382898,2.3024632686377653,101,0.007316700414417054,0.8316831683168316,38,-0.022216652477516557,0.8157894736842105,17.528177458033575,0.6546762589928058,0.034929827714313015,0.04098248691411098,0.0,3,2021:-0.011(21)  2022:+0.048(43)  2023:-0.116(20)  2024:+0.072(17)  2025:-0.057(24)  2026:+0.038(14),2.5
S_dntrend_rsi60,0.33,116,0.7672413793103449,0.7765307665487478,-0.017153917396604913,-0.11112246754451979,0.06919880098709741,-0.03295194586133347,1.9209574757457613,80,-0.021192711630296807,0.7625,36,-0.008178819099511828,0.7777777777777778,24.053160919540232,0.896551724137931,0.03758495187936355,0.041123625087426195,0.0,3,2021:-0.008(17)  2022:-0.023(33)  2023:-0.141(16)  2024:+0.105(14)  2025:-0.021(22)  2026:+0.011(14),2.5
S_dntrend_rsi60,0.5,100,0.69,0.6919126085531464,-0.007961437298285249,-0.11402548377432105,0.09787891791899166,-0.01318412284122602,1.6559978239187596,67,-0.009503293549839309,0.6865671641791045,33,-0.004831001878463357,0.696969696969697,33.27666666666667,1.3,0.042961437298285235,0.04093067067886772,0.0,3,2021:+0.042(14)  2022:+0.036(28)  2023:-0.252(13)  2024:+0.088(12)  2025:+0.018(21)  2026:-0.045(12),2.5
S_dntrend_rsi60,0.75,89,0.6179775280898876,0.5963983833775648,0.03231958405227302,-0.15524539399243242,0.19904097451365177,0.047633833165865974,1.4738380632876962,61,0.07291213589901879,0.639344262295082,28,-0.05611418961385168,0.5714285714285714,46.673220973782776,1.8314606741573034,0.04914109010503036,0.04155258336489802,5.8,6,2021:+0.178(13)  2022:+0.171(26)  2023:-0.437(11)  2024:+0.226(11)  2025:-0.032(17)  2026:-0.093(11),2.5
S_dntrend_rsi60,1.0,78,0.5,0.5271693404500499,-0.05883605516014752,-0.2789135758830406,0.17936504273473658,-0.07599725586427135,1.2916783026566325,52,-0.056661518357437414,0.5,26,-0.06318512876556776,0.5,67.86752136752136,2.6794871794871793,0.058836055160147525,0.04121821790008659,0.0,6,2021:+0.156(10)  2022:+0.119(24)  2023:-0.478(10)  2024:-0.322(8)  2025:-0.069(16)  2026:-0.054(10),2.5
S_dntrend_rsi60,1.5,69,0.4492753623188406,0.4283623099565858,0.04782829264415564,-0.24662594869932075,0.3516174715807148,0.05465044849292524,1.1426384985039442,47,0.10086114703899346,0.46808510638297873,22,-0.06546916901754339,0.4090909090909091,105.39371980676326,4.231884057971015,0.07536011315294582,0.042534504891907673,8.8,7,2021:+0.451(10)  2022:+0.189(20)  2023:-0.335(10)  2024:-0.028(7)  2025:-0.209(14)  2026:+0.185(8),2.5
S_dntrend_rsi60,2.0,58,0.3793103448275862,0.3646239911879001,0.04258226240102237,-0.28093156267556824,0.36133614681762793,0.04089935764670578,0.9604787378728806,38,0.09087896987719297,0.39473684210526316,20,-0.04918148180370174,0.35,150.08477011494256,6.068965517241379,0.09534877208173625,0.04191328475640067,7.6000000000000005,7,2021:+0.434(8)  2022:+0.042(13)  2023:-0.187(10)  2024:+0.186(7)  2025:-0.186(13)  2026:+0.204(7),2.5
S_dntrend_at_200,0.25,262,0.8206106870229007,0.8250787297688402,-0.010541110104238919,-0.06492583515213543,0.04237178150802146,-0.046730575092904146,4.433173985547526,171,-0.01766986922504721,0.8128654970760234,91,0.002854690001895331,0.8351648351648352,18.353053435114504,0.6641221374045801,0.03630446888286487,0.03930218412363431,0.0,4,2021:+0.132(26)  2022:+0.004(46)  2023:-0.039(47)  2024:-0.092(52)  2025:+0.005(67)  2026:-0.003(24),2.5
S_dntrend_at_200,0.33,225,0.7955555555555556,0.7769882948386702,0.019528164483813972,-0.042910665605706846,0.0828534392156904,0.07434596917712168,3.8071150639244027,151,0.02118770628060327,0.7947019867549668,74,0.016141802168743898,0.7972972972972973,23.22111111111111,0.8577777777777778,0.03856072440507493,0.03979372619661787,3.4000000000000004,4,2021:+0.178(21)  2022:+0.058(44)  2023:-0.013(41)  2024:-0.057(45)  2025:+0.027(56)  2026:-0.018(18),2.5
S_dntrend_at_200,0.5,181,0.7292817679558011,0.6919689229906977,0.05079492682880703,-0.05111426758231687,0.14234272072736737,0.15556518101893738,3.0626125625347416,120,0.04784305170881328,0.725,61,0.05660189427797502,0.7377049180327869,32.63351749539594,1.2430939226519337,0.04312772510489463,0.0400898887393129,9.0,4,2021:+0.296(17)  2022:+0.124(35)  2023:-0.060(30)  2024:-0.048(38)  2025:+0.071(47)  2026:+0.008(14),2.5
S_dntrend_at_200,0.75,147,0.6666666666666666,0.5973660632157204,0.11610470061032474,-0.02229221343100757,0.25115469906650434,0.28878898372818673,2.4873151750972764,99,0.10228473833247342,0.6565656565656566,48,0.14460837280839317,0.6875,48.13208616780045,1.8503401360544218,0.05056196605634192,0.04021029994518292,20.400000000000002,4,2021:+0.447(13)  2022:+0.229(29)  2023:+0.010(26)  2024:-0.083(31)  2025:+0.161(36)  2026:+0.094(12),2.5
S_dntrend_at_200,1.0,118,0.5847457627118644,0.5291990724494295,0.10480466928671864,-0.086556417502125,0.29920689707221365,0.2092551349107006,1.9966203446359088,76,0.04249750345433354,0.5526315789473685,42,0.21755096936436788,0.6428571428571429,77.55014124293787,3.0508474576271185,0.06468685613701017,0.04153254753236081,19.000000000000004,4,2021:+0.756(10)  2022:+0.200(24)  2023:-0.194(20)  2024:-0.239(22)  2025:+0.226(31)  2026:+0.195(11),2.5
S_dntrend_at_200,1.5,98,0.5204081632653061,0.43196782396926386,0.2172303311032914,-0.053229780197159994,0.47894192835716093,0.36021353269641504,1.6582101167315175,65,0.15059615739890164,0.49230769230769234,33,0.3484794611270895,0.5757575757575758,120.5484693877551,4.908163265306122,0.08379007705997389,0.04196821949317424,inf,7,2021:+1.121(8)  2022:+0.418(22)  2023:-0.183(19)  2024:-0.306(16)  2025:+0.358(26)  2026:+0.314(7),2.5
S_dntrend_at_200,2.0,86,0.46511627906976744,0.3658187684343743,0.2915447164513677,-0.021804958039611272,0.6140886144191048,0.42424536993610257,1.4551639799888827,59,0.2274400619334564,0.4406779661016949,27,0.43162525780532235,0.5185185185185185,160.2286821705426,6.5,0.10380412075793455,0.04258318625041311,inf,7,2021:+1.488(7)  2022:+0.419(18)  2023:-0.116(18)  2024:-0.153(16)  2025:+0.379(20)  2026:+0.581(7),2.5
S_volspike25_dn,0.25,176,0.8352272727272727,0.8240780699034467,0.007799282660187032,-0.07098256824618127,0.08220668843535783,0.022928949457650855,2.9398792756539236,113,0.040403769270933816,0.8584070796460177,63,-0.05068178062575563,0.7936507936507936,19.848958333333332,0.8011363636363636,0.03623480824890388,0.04321170881332179,1.4000000000000001,2,2021:-0.194(12)  2022:+0.057(37)  2023:+0.200(30)  2024:-0.036(34)  2025:-0.098(45)  2026:+0.067(18),2.5
S_volspike25_dn,0.33,173,0.791907514450867,0.7765171665143661,0.013710770213173571,-0.08257095705640737,0.10530044555719904,0.039620940864275256,2.8897676970916404,110,0.052330314037561394,0.8181818181818182,63,-0.053720179321471856,0.746031746031746,25.185452793834294,1.0289017341040463,0.03952622400647962,0.04316583685439726,2.6000000000000005,2,2021:-0.181(11)  2022:+0.081(36)  2023:+0.188(30)  2024:-0.025(33)  2025:-0.130(45)  2026:+0.138(18),2.5
S_volspike25_dn,0.5,170,0.711764705882353,0.692481190028826,0.021842835607959386,-0.07493993166559097,0.11749471974109002,0.062026141780172794,2.8396561185293576,107,0.05131622860262881,0.7289719626168224,63,-0.028215149319495033,0.6825396825396826,36.81029411764706,1.5529411764705883,0.045804223215570025,0.0432952816189451,4.0,3,2021:-0.081(11)  2022:+0.123(35)  2023:-0.046(28)  2024:+0.101(33)  2025:-0.120(45)  2026:+0.202(18),2.5
S_volspike25_dn,0.75,156,0.6025641025641025,0.5966552986552615,0.0033220680573730296,-0.11491752262368389,0.10997505284393358,0.008656651871207533,2.6058020852387047,99,0.012569110344005199,0.6060606060606061,57,-0.012738584335198627,0.5964912280701754,49.09882478632479,2.0384615384615383,0.051165111429806474,0.04347386352768661,0.6000000000000001,3,2021:+0.073(11)  2022:+0.089(31)  2023:-0.129(26)  2024:+0.033(31)  2025:-0.118(41)  2026:+0.258(16),2.5
S_volspike25_dn,1.0,134,0.556390977443609,0.5262245318220882,0.05195905873073836,-0.08798818235130916,0.19049273021558794,0.1163008535944755,2.2383171757819644,81,0.05087942625835221,0.5555555555555556,53,0.05360906307532848,0.5576923076923077,67.77611940298507,2.783582089552239,0.060349418138749875,0.04369555689924296,9.600000000000001,3,2021:+0.195(8)  2022:+0.164(28)  2023:-0.192(20)  2024:+0.073(25)  2025:-0.089(37)  2026:+0.383(16),2.5
S_volspike25_dn,1.5,106,0.45714285714285713,0.4302824952871463,0.0608185682887861,-0.1678457828140936,0.29038995389969957,0.10768591102066696,1.7706091092006584,65,0.034979857498403454,0.4461538461538462,41,0.10178237807841707,0.475,114.89622641509433,4.820754716981132,0.08115629869717074,0.04372661271273364,11.0,6,2021:-0.010(7)  2022:+0.297(22)  2023:-0.418(18)  2024:+0.184(18)  2025:-0.169(30)  2026:+0.841(11),2.5
S_volspike25_dn,2.0,89,0.367816091954023,0.36586010405095765,0.014360884977740709,-0.2159309940541821,0.2646722116308178,0.02134951626831682,1.4866434973477227,55,-0.023275175254740654,0.35185185185185186,34,0.07524274711851933,0.3939393939393939,160.25561797752806,6.651685393258427,0.10026611261723259,0.043306304349681295,2.6000000000000005,6,2021:+0.198(7)  2022:+0.180(16)  2023:-0.383(16)  2024:+0.037(16)  2025:-0.260(25)  2026:+1.008(9),2.5
S_volspike18_dn,0.25,407,0.8325123152709359,0.8224900865346492,0.0053005945885668156,-0.04128150050240796,0.052379802205232764,0.03575471346932197,6.745415607985481,278,0.015823400783738145,0.8381294964028777,129,-0.01737646062273264,0.8203125,17.06920556920557,0.6977886977886978,0.03340214716049812,0.04442470586212312,1.0,3,2021:-0.085(32)  2022:+0.011(112)  2023:+0.116(59)  2024:-0.013(75)  2025:+0.006(90)  2026:-0.071(39),2.5
S_volspike18_dn,0.33,391,0.7846153846153846,0.7747460171676029,0.005314255106887889,-0.05164357719884217,0.05834384436160032,0.034437646199120105,6.480239564428312,265,0.01423345139690692,0.7886792452830189,126,-0.013444372011009249,0.776,22.21227621483376,0.9181585677749361,0.036199852033443135,0.04468861697899379,1.0,4,2021:-0.035(31)  2022:+0.017(108)  2023:+0.093(58)  2024:-0.035(68)  2025:+0.004(88)  2026:-0.055(38),2.5
S_volspike18_dn,0.5,327,0.7055214723926381,0.6911539911907604,0.013076974319826414,-0.05396427130274897,0.0830157786232301,0.07087112512303106,5.419535390199637,219,0.020688142302991125,0.7077625570776256,108,-0.002356782979368703,0.7009345794392523,35.11544342507645,1.4801223241590213,0.04273958804063055,0.04465061534089659,2.6000000000000005,4,2021:-0.029(24)  2022:+0.061(89)  2023:-0.001(48)  2024:-0.003(58)  2025:-0.013(74)  2026:+0.020(34),2.5
S_volspike18_dn,0.75,267,0.6015037593984962,0.5962119496783755,-8.887064810089624e-05,-0.09069912169938095,0.08734619338539418,-0.0003932637468386963,4.425125226860254,179,-0.0016772470029013285,0.5977653631284916,88,0.003142031255413595,0.6091954022988506,51.36516853932585,2.1273408239700373,0.04972188896970925,0.045276207584251466,0.0,6,2021:+0.185(23)  2022:+0.019(66)  2023:-0.047(41)  2024:-0.079(49)  2025:-0.008(62)  2026:+0.030(26),2.5
S_volspike18_dn,1.0,211,0.5502392344497608,0.5266353268743278,0.03802407133553215,-0.08420638929367272,0.1575183532766297,0.1329705225063753,3.497009074410163,134,0.010459997776297122,0.5338345864661654,77,0.08599271882822687,0.5789473684210527,74.79028436018957,3.075829383886256,0.05839743744561295,0.04576468506367175,7.400000000000001,7,2021:+0.205(16)  2022:+0.079(49)  2023:-0.058(33)  2024:-0.107(36)  2025:+0.088(54)  2026:+0.081(23),2.5
S_volspike18_dn,1.5,156,0.4645161290322581,0.42743173376755017,0.08049054700746056,-0.07804659052359748,0.24612621959344072,0.20810560679210935,2.5854664246823957,100,0.05043767950842168,0.45,56,0.13415638182717274,0.4909090909090909,111.19177350427348,4.615384615384615,0.07497109332503579,0.046773453473608534,16.0,6,2021:+0.286(13)  2022:+0.180(36)  2023:-0.017(23)  2024:-0.170(28)  2025:+0.068(37)  2026:+0.263(19),2.5
S_volspike18_dn,2.0,131,0.3798449612403101,0.3623837782535524,0.06087498045667407,-0.14566788619184667,0.2610485122840751,0.13231150457935237,2.1734956395348837,90,-0.028357757814159286,0.34831460674157305,41,0.25675172300240584,0.45,145.37722646310434,6.015267175572519,0.09161257507073867,0.04483733494751114,11.6,8,2021:+0.320(13)  2022:+0.215(27)  2023:-0.236(24)  2024:-0.263(26)  2025:+0.141(29)  2026:+0.536(12),2.5
L_uptrend_run3,0.25,539,0.8218923933209648,0.8260276739781789,-0.00820680050478902,-0.05132975300259459,0.035501642010696235,-0.07686981292301857,9.366599429115128,402,-0.0004645621780135365,0.8258706467661692,137,-0.030924901288465974,0.8102189781021898,16.802566481137912,0.5955473098330241,0.03557229215599495,0.0368153882954183,0.0,4,2021:-0.030(49)  2022:-0.086(53)  2023:+0.015(145)  2024:+0.024(155)  2025:-0.012(98)  2026:-0.079(39),2.5
L_uptrend_run3,0.33,482,0.7759336099585062,0.7781090090097275,-0.005938600647250089,-0.05891996942015762,0.04828858784238342,-0.04974212585223887,8.376068506184586,360,-0.008267352820025607,0.7722222222222223,122,0.000933127075694082,0.7868852459016393,21.66753112033195,0.7904564315352697,0.03793030189206339,0.03712853331560093,0.0,4,2021:-0.054(41)  2022:-0.108(46)  2023:+0.015(130)  2024:+0.016(143)  2025:+0.016(85)  2026:-0.034(37),2.5
L_uptrend_run3,0.5,394,0.7131979695431472,0.6936079757288827,0.02667296402329266,-0.04135535956026575,0.09210842288419673,0.18262519113134001,6.846827783063748,293,0.02486637327005804,0.7098976109215017,101,0.03191386591138912,0.7227722772277227,31.689720812182742,1.200507614213198,0.04312399029142816,0.03712400174869115,4.6000000000000005,4,2021:-0.016(34)  2022:-0.074(39)  2023:+0.047(110)  2024:+0.051(110)  2025:+0.037(70)  2026:+0.020(31),2.5
L_uptrend_run3,0.75,300,0.6,0.6000555370152237,-0.0033326655141634937,-0.11625993214382602,0.10872707837803244,-0.017374253934542925,5.213320647002854,223,-0.020413078177328077,0.5874439461883408,77,0.04613398414668977,0.6363636363636364,51.16805555555556,1.98,0.0533326655141635,0.037726667073074795,0.0,6,2021:+0.029(28)  2022:-0.385(29)  2023:+0.077(82)  2024:-0.007(84)  2025:+0.054(56)  2026:+0.024(21),2.5
L_uptrend_run3,1.0,251,0.5418326693227091,0.5290381512543088,0.02213155049090586,-0.10345840864866852,0.14986067993465693,0.09653365383410281,4.361811607992388,183,0.026117193291471507,0.5409836065573771,68,0.011405482365854192,0.5441176470588235,65.6812749003984,2.6175298804780875,0.06153378815451247,0.0380321205867281,3.8000000000000003,7,2021:+0.003(23)  2022:-0.360(26)  2023:+0.204(63)  2024:+0.017(71)  2025:+0.024(47)  2026:-0.018(21),2.5
L_uptrend_run3,1.5,191,0.44502617801047123,0.4298289118104114,0.034008679854763586,-0.1262082033486987,0.2025579065987769,0.11299809030733766,3.3226250119058958,140,0.05327667202717716,0.45,51,-0.01888384767735216,0.43137254901960786,97.1500872600349,3.931937172774869,0.07855676517141442,0.038432090377324556,6.000000000000001,6,2021:+0.276(15)  2022:-0.377(22)  2023:+0.239(51)  2024:-0.011(52)  2025:+0.026(33)  2026:-0.102(18),2.5
L_uptrend_run3,2.0,154,0.38961038961038963,0.3640888203056756,0.07501381943064876,-0.19512317233783583,0.36300256769328276,0.20096015744788154,2.6789751404895705,110,0.13972185085061628,0.4090909090909091,44,-0.08675625911927011,0.3409090909090909,131.90367965367963,5.363636363636363,0.0938173494005201,0.038820370329791146,13.000000000000002,14,2021:+0.219(14)  2022:-0.907(18)  2023:+0.553(40)  2024:+0.172(38)  2025:-0.114(30)  2026:-0.027(14),2.5
L_bb_break_up,0.25,585,0.8136752136752137,0.825201303763435,-0.018301130575489953,-0.06237335580587847,0.02370899943233123,-0.17721345982054368,9.683197389885807,419,0.009171369672454736,0.8329355608591885,166,-0.08764436915313349,0.7650602409638554,14.317663817663819,0.5162393162393163,0.03539514766950705,0.03676380139665599,0.0,4,2021:-0.090(59)  2022:-0.061(89)  2023:+0.024(140)  2024:+0.086(131)  2025:-0.075(112)  2026:-0.114(54),2.5
L_bb_break_up,0.33,514,0.7684824902723736,0.7774563677410938,-0.01570568880101849,-0.07262162080028316,0.038574702315677105,-0.1336235562212852,8.507971723762914,368,0.009890291449305562,0.7853260869565217,146,-0.08022158422649278,0.726027397260274,18.741731517509727,0.6867704280155642,0.03778740086327531,0.0365519106217669,0.0,5,2021:-0.148(50)  2022:-0.040(79)  2023:+0.041(128)  2024:+0.081(111)  2025:-0.071(98)  2026:-0.099(48),2.5
L_bb_break_up,0.5,415,0.708433734939759,0.6924454697261077,0.019655576607394587,-0.058116027545544714,0.0974052630055076,0.13501959600357413,6.869276780859162,298,0.06302099997443145,0.7348993288590604,117,-0.09079652735309247,0.6410256410256411,27.56686746987952,1.03855421686747,0.04299502580224396,0.03670398260051497,3.2,5,2021:-0.093(40)  2022:+0.015(67)  2023:+0.062(103)  2024:+0.172(88)  2025:-0.066(79)  2026:-0.142(38),2.5
L_bb_break_up,0.75,324,0.6172839506172839,0.598842403840137,0.02760329795990933,-0.07191468121588165,0.13073298887901216,0.14803653198884362,5.36300163132137,236,0.07162905588324658,0.6398305084745762,88,-0.09046578010722237,0.5568181818181818,45.23019547325102,1.7592592592592593,0.05264361562033758,0.0370955509490233,4.6000000000000005,5,2021:-0.110(34)  2022:-0.079(47)  2023:+0.107(86)  2024:+0.220(69)  2025:-0.074(60)  2026:-0.125(28),2.5
L_bb_break_up,1.0,273,0.5311355311355311,0.5283316419172138,0.0011989053515939917,-0.13240916075871056,0.1394980009962214,0.005419608707373487,4.520464188576609,199,0.06101410243572243,0.5577889447236181,74,-0.15965547599626498,0.4594594594594595,62.544871794871796,2.4652014652014653,0.06107215691946829,0.037636377355613156,0.2,7,2021:-0.146(29)  2022:-0.124(41)  2023:+0.118(73)  2024:+0.229(56)  2025:-0.156(52)  2026:-0.167(22),2.5
L_bb_break_up,1.5,214,0.4392523364485981,0.4284125449701778,0.02336136030187015,-0.15583454344451927,0.21589034602812898,0.08278130851715165,3.543514052583862,156,0.13449240297486162,0.4807692307692308,58,-0.27554282343927927,0.3275862068965517,85.41588785046729,3.467289719626168,0.07476948081962519,0.03707721166938616,3.8000000000000003,7,2021:-0.139(22)  2022:+0.009(30)  2023:+0.201(59)  2024:+0.265(45)  2025:-0.260(42)  2026:-0.315(16),2.5
L_bb_break_up,2.0,179,0.3651685393258427,0.3641717216342641,0.0048710009565471534,-0.19717526370715582,0.22320654222956673,0.014437487854213527,2.963967361740707,124,0.10871328426347107,0.3983739837398374,55,-0.2292461468626994,0.2909090909090909,128.35474860335196,5.201117318435754,0.09449188751952045,0.037837674103440154,0.8,7,2021:-0.364(17)  2022:-0.150(29)  2023:+0.238(44)  2024:+0.399(34)  2025:-0.180(39)  2026:-0.348(16),2.5
L_volspike18_up,0.25,357,0.803921568627451,0.8263248012903516,-0.03229421604225225,-0.08482220786565159,0.020117600641338825,-0.19549373090805233,6.053521492897596,264,-0.010860327338736615,0.8181818181818182,93,-0.09313880332965149,0.7634408602150538,14.090336134453784,0.5574229691876751,0.03719617682656598,0.035820562414679444,0.0,3,2021:+0.057(22)  2022:+0.032(33)  2023:-0.083(115)  2024:+0.047(94)  2025:-0.078(63)  2026:-0.125(30),2.5
L_volspike18_up,0.33,352,0.7755681818181818,0.7779722221988927,-0.007405776169894248,-0.07169164196799649,0.05430925921184446,-0.04420313970881616,5.9687382787113545,261,0.01960786783316882,0.7931034482758621,91,-0.08488446940944876,0.7252747252747253,17.15033143939394,0.6875,0.038911457988076076,0.035839783592569924,0.0,5,2021:+0.064(22)  2022:+0.099(33)  2023:-0.055(112)  2024:+0.071(94)  2025:-0.088(62)  2026:-0.079(29),2.5
L_volspike18_up,0.5,322,0.7360248447204969,0.693483270778083,0.059929588995865604,-0.022730843456681155,0.14003918950116218,0.32724827513593086,5.4605459610027856,240,0.09130219741064301,0.7541666666666667,82,-0.03189267953519014,0.6829268292682927,27.382763975155278,1.1055900621118013,0.044107678084879726,0.03611680348040833,9.600000000000001,5,2021:+0.169(20)  2022:+0.168(30)  2023:-0.007(104)  2024:+0.165(86)  2025:-0.006(57)  2026:-0.090(25),2.5
L_volspike18_up,0.75,279,0.6559139784946236,0.59860400510134,0.09702361711400026,-0.009747128570220242,0.20311195166483362,0.45905197464127956,4.731342618384401,203,0.1251455449090359,0.6699507389162561,76,0.021908467871997194,0.618421052631579,40.2921146953405,1.6272401433691757,0.05082584525159115,0.036032965704436114,15.600000000000001,5,2021:+0.275(16)  2022:+0.095(23)  2023:+0.007(91)  2024:+0.249(73)  2025:+0.031(56)  2026:-0.004(20),2.5
L_volspike18_up,1.0,230,0.6,0.5281065901151848,0.1403750825548639,0.0065560991933928964,0.28095282745926015,0.5475175643359962,3.9003899721448465,169,0.21139781249525874,0.6331360946745562,61,-0.056392808591475926,0.5081967213114754,56.38659420289855,2.3,0.059624917445136094,0.03646831564410362,22.6,5,2021:+0.290(15)  2022:+0.132(22)  2023:+0.094(71)  2024:+0.357(61)  2025:-0.052(43)  2026:-0.066(18),2.5
L_volspike18_up,1.5,173,0.5144508670520231,0.42965343626291014,0.20887735175485453,0.031753493115263355,0.41064688082508916,0.6127984399015457,2.9337715877437325,123,0.3090949230873806,0.5528455284552846,50,-0.037657873723159735,0.42,89.51830443159922,3.6763005780346822,0.07724981587520327,0.03693535231115398,inf,5,2021:+0.442(10)  2022:+0.116(17)  2023:+0.150(53)  2024:+0.551(43)  2025:-0.018(35)  2026:-0.083(15),2.5
L_volspike18_up,2.0,135,0.4552238805970149,0.3666310314771144,0.26344891818274363,0.03675350825761917,0.5010588125179646,0.6065081144986928,2.30218487394958,99,0.313806613381079,0.46938775510204084,36,0.1249652563873212,0.4166666666666667,136.2925925925926,5.607407407407408,0.10029993835771338,0.037076674066286626,inf,6,2021:+0.594(9)  2022:-0.276(15)  2023:+0.297(41)  2024:+0.521(34)  2025:-0.013(27)  2026:+0.538(9),2.5
L_uptrend_at_200,0.25,230,0.7608695652173914,0.8266584364651071,-0.08727793776110039,-0.1621776114075336,-0.015679474771282963,-0.340102206597226,3.8967717996289424,163,-0.07478692174143349,0.7668711656441718,67,-0.1176665289731259,0.746268656716418,20.63804347826087,0.7217391304347827,0.03836489428283954,0.037837764922717204,0.0,4,2021:-0.062(13)  2022:-0.101(46)  2023:-0.053(49)  2024:-0.076(55)  2025:-0.085(48)  2026:-0.201(19),2.5
L_uptrend_at_200,0.33,193,0.7046632124352331,0.7793574888615935,-0.10439362449861869,-0.19382485970235258,-0.017777491310687683,-0.34135669338001384,3.269899814471243,134,-0.09342608868453095,0.7089552238805971,59,-0.12930294312722476,0.6949152542372882,26.446027633851468,0.9430051813471503,0.041595697037478806,0.03752867206203641,0.0,4,2021:-0.097(10)  2022:-0.117(38)  2023:-0.077(41)  2024:-0.088(45)  2025:-0.102(42)  2026:-0.197(17),2.5
L_uptrend_at_200,0.5,149,0.6174496644295302,0.6949679561667274,-0.12222038784948629,-0.23891205701052395,-0.005449640856467024,-0.3085368658522909,2.524430426716141,106,-0.09351023695652702,0.6320754716981132,43,-0.19299424819026967,0.5813953488372093,38.25447427293066,1.4429530201342282,0.0483948844937816,0.038195586107213436,0.0,5,2021:-0.197(9)  2022:-0.152(29)  2023:-0.026(35)  2024:-0.085(33)  2025:-0.170(32)  2026:-0.260(11),2.5
L_uptrend_at_200,0.75,119,0.5126050420168067,0.6007314720796154,-0.16048961838287912,-0.29584855816482847,-0.020313008992214495,-0.3235720820289829,2.0161558441558443,82,-0.13213885154674113,0.524390243902439,37,-0.223321047587293,0.4864864864864865,54.68977591036414,2.100840336134454,0.05754844191229086,0.03803465819293976,0.0,6,2021:-0.456(6)  2022:-0.243(22)  2023:-0.001(28)  2024:-0.104(26)  2025:-0.229(27)  2026:-0.209(10),2.5
L_uptrend_at_200,1.0,105,0.44761904761904764,0.5294544386667553,-0.17044567142445155,-0.31033816644070655,-0.016227107795672414,-0.3032162087236542,1.7789610389610389,70,-0.17254945062352725,0.44285714285714284,35,-0.16623811302630012,0.45714285714285713,71.14047619047619,2.780952380952381,0.06568376666254677,0.038881681236407485,0.0,6,2021:-0.644(5)  2022:-0.280(21)  2023:-0.085(20)  2024:-0.054(24)  2025:-0.198(25)  2026:-0.086(10),2.5
L_uptrend_at_200,1.5,94,0.3829787234042553,0.42743060313298215,-0.11917203569676996,-0.27092159244463293,0.0565821873155618,-0.1897926323161278,1.5925936920222634,63,-0.11363337947333761,0.38095238095238093,31,-0.13042801447342275,0.3870967741935484,90.87943262411349,3.574468085106383,0.07661884420740825,0.03918592718542306,0.0,6,2021:-0.546(5)  2022:-0.171(20)  2023:+0.094(19)  2024:-0.148(19)  2025:-0.190(22)  2026:+0.016(9),2.5
L_uptrend_at_200,2.0,86,0.313953488372093,0.360078447826011,-0.14679787424851867,-0.3822828777280556,0.09234126050905314,-0.21389240099596035,1.4570538033395175,58,-0.19730754950541604,0.29310344827586204,28,-0.042170689787802744,0.35714285714285715,111.87984496124031,4.465116279069767,0.08865833936479778,0.03904212288182608,0.0,10,2021:-0.446(5)  2022:-0.531(17)  2023:+0.065(18)  2024:-0.076(18)  2025:-0.066(20)  2026:+0.017(8),2.5
