name,cap,n,tpm,expR,Rmo,risk,cagr,maxdd,cdd,worst_day,streak,cap_block,sym_block,offered
bb0.5,2,2318,37.32035175879397,0.03300963532767736,1.2319312018584312,0.005,0.07394844626525443,-0.1199727795531686,0.6163768693254501,-0.01624998685941939,6,0.6433297430373903,0.0,6499
bb0.5,4,3818,61.47070880719386,0.0162610525350817,0.9995784252824886,0.0025,0.029326179175144018,-0.0982554109728282,0.29846884649695227,-0.013373229121705448,10,0.4125250038467457,0.0,6499
bb0.5,8,5728,92.22216344882305,0.025158879690368854,2.320206314994471,0.00125,0.03499967293379336,-0.06840504366231723,0.5116533965911914,-0.011651714906412813,12,0.11863363594399139,0.0,6499
bb1.0,2,1453,23.407704309760227,0.03313449363094933,0.7756024293668954,0.005,0.04397824300637443,-0.144304182871963,0.3047606946043627,-0.011235093047576727,13,0.6930065497570251,0.0,4733
bb1.0,4,2533,40.795839626073445,0.022387942544301574,0.9133349135950736,0.0025,0.026212500273694594,-0.12569239412724068,0.20854484040744112,-0.013373229121705448,19,0.4648214663004437,0.0,4733
bb1.0,8,4030,64.90613252786261,0.03709997649912137,2.4080159914325594,0.00125,0.03615239329019837,-0.08878437624606503,0.40719318892326695,-0.011651714906412813,23,0.14853158673145997,0.0,4733
bb2.0,2,854,13.769937093036088,0.06781596524939733,0.9338215753877225,0.005,0.05305756225125302,-0.20085682545626854,0.2641561327613681,-0.01722657537116689,21,0.7377149877149877,0.0,3256
bb2.0,4,1579,25.430963588460312,0.04711475222201625,1.1981735482374247,0.0025,0.034541150075444005,-0.20624246824144848,0.1674783587006271,-0.011311099904114035,29,0.51504914004914,0.0,3256
bb2.0,8,2674,43.06674897754457,0.06176203877365336,2.6598902202063037,0.00125,0.039824042894858414,-0.14536094650805106,0.27396659041878685,-0.01079156982374776,32,0.17874692874692874,0.0,3256
vs0.5,2,1805,29.05900826446281,0.02214691011475062,0.6435672440568534,0.005,0.037264031299653055,-0.11494471028465524,0.3241909193330464,-0.018986399016348562,8,0.5964676950592444,0.0,4473
vs0.5,4,2829,45.54456198347108,0.02398200800040089,1.0922500498623577,0.0025,0.03249317792442841,-0.08167408205181427,0.3978395239730352,-0.014767347701337388,11,0.3675385647216633,0.0,4473
vs0.5,8,4041,65.05676033057851,0.029660404607064164,1.92960983382976,0.00125,0.029078101951229174,-0.06581773105910557,0.4417973923336325,-0.011397388636980126,16,0.096579476861167,0.0,4473
vs1.0,2,1357,21.861152614139453,0.041744546169766784,0.9125838946252622,0.005,0.05284104177199711,-0.12025726534867298,0.4393999948260108,-0.021115792421702095,11,0.650887573964497,0.0,3887
vs1.0,4,2248,36.21508553911974,0.04717587814812621,1.7084784625174805,0.0025,0.05117263688774787,-0.10149202110475644,0.5042035455666933,-0.015989953494420204,18,0.42166195009004376,0.0,3887
vs1.0,8,3425,55.17645372397025,0.06332347495588916,3.4939647855446077,0.00125,0.05326719373371147,-0.0831594361590889,0.6405429881920819,-0.013320827539067078,29,0.11885773089786468,0.0,3887
vs2.0,2,807,13.02921837530804,0.13553985854142125,1.7659784154945384,0.005,0.10708800266399598,-0.14071481386773002,0.7610286345875227,-0.016902757147590534,15,0.7078204199855177,0.0,2762
vs2.0,4,1430,23.087710380037795,0.08919605477344447,2.0593326796512734,0.0025,0.061776145082305334,-0.12223467270349443,0.5053897042139278,-0.013439995428237324,23,0.4822592324402607,0.0,2762
vs2.0,8,2326,37.553856184592945,0.11332632827931725,4.255840634129449,0.00125,0.06511486308149061,-0.09970037526826614,0.6531054964064531,-0.012142246910351038,34,0.15785662563359884,0.0,2762
Lvs2.0,2,1094,17.659978343977194,0.041687332179549584,0.7361973835090293,0.005,0.039445388625515276,-0.18842106684065565,0.20934701881755896,-0.03707254301994077,16,0.5383966244725739,0.0,2370
Lvs2.0,4,1678,27.08724283472919,0.017831251574575185,0.48299944144766527,0.0025,0.0124776661454844,-0.13312532268425348,0.09372872038086186,-0.01837030849149763,25,0.2919831223628692,0.0,2370
Lvs2.0,8,2235,36.07865776854573,0.04906862593435886,1.770330162258521,0.00125,0.026186255504710543,-0.10378402613359793,0.2523148935367163,-0.010611914603853266,26,0.056962025316455694,0.0,2370
bb0.5+vs0.5,2,2919,46.99348760330579,0.028927235781375276,1.3593916960899628,0.005,0.08145810371020468,-0.11875413980775827,0.685939065720747,-0.018933196580751373,9,0.7283084214363835,0.005650747356908494,10972
bb0.5+vs0.5,4,4835,77.83950413223141,0.021904587975282178,1.7050422662168037,0.0025,0.051052743658340116,-0.09868849813910899,0.5173119929981848,-0.014809127638567784,12,0.5385526795479402,0.020780167699598978,10972
bb0.5+vs0.5,8,7333,118.0552396694215,0.024186626041677477,2.855357934144906,0.00125,0.043224358687612874,-0.08134055971157238,0.5313998187482759,-0.012744015809797173,16,0.2483594604447685,0.08330295297119941,10972
bb1.0+vs1.0,2,1796,28.933404638905277,0.04485888981209521,1.297920410585416,0.005,0.07633492607223435,-0.14251814305673935,0.5356154973324616,-0.025950336230208225,12,0.7868909512761021,0.004756380510440836,8620
bb1.0+vs1.0,4,3181,51.2323591987918,0.056067907681467515,2.8724911858616413,0.0025,0.0879212649992116,-0.1242727633938657,0.7074861988910398,-0.01590611964586855,23,0.6082366589327146,0.022737819025522042,8620
bb1.0+vs1.0,8,5162,83.13783029995702,0.04363337040323872,3.6275837439996277,0.00125,0.05510382297902061,-0.10139315674219959,0.5434668842506462,-0.013397641267665624,34,0.2996519721577726,0.10150812064965198,8620
bb2.0+vs2.0,2,1014,16.363961714983184,0.06619151094932962,1.0831553510317202,0.005,0.06166087945582377,-0.2556326358910146,0.24120894908783097,-0.016725620452371703,21,0.826188102359588,0.005317381189764041,6018
bb2.0+vs2.0,4,1860,29.956676551321202,0.050413705686002605,1.5102270749890827,0.0025,0.043898066332920926,-0.2170162644574642,0.2022800753789819,-0.013815838049302127,31,0.6660019940179461,0.024925224327018942,6018
bb2.0+vs2.0,8,3203,51.58668548058162,0.08535686276796672,4.4032776332202666,0.00125,0.06718605390764187,-0.12190654451787945,0.5511275393240928,-0.011034215392610045,43,0.35759388501163175,0.11016949152542373,6018
vs0.5+vs1.0+vs2.0,2,1378,22.199460797556497,0.04741865960457601,1.0526686749644611,0.005,0.06151128486004698,-0.11614013446002898,0.5296298746857128,-0.02927560414320254,10,0.8348318647725229,0.04126955583528143,11122
vs0.5+vs1.0+vs2.0,4,2234,35.989546750175045,0.05918184324255999,2.129927714139644,0.0025,0.06443229753404234,-0.1131638060500672,0.5693719554248244,-0.015879021081179976,17,0.6710124078403165,0.1281244380507103,11122
vs0.5+vs1.0+vs2.0,8,3383,54.499837357136165,0.06275905082614278,3.4203580627130235,0.00125,0.052079986679043566,-0.09129243596189424,0.5704742800463987,-0.013375838098725957,22,0.3464304981118504,0.3493975903614458,11122
bb0.5+bb1.0+bb2.0,2,1455,23.425846336947895,0.08022630362184358,1.879369060826634,0.005,0.11511951401977605,-0.11783938048455624,0.9769188665656924,-0.016040932633234032,8,0.8705135284373274,0.02905853119823302,14488
bb0.5+bb1.0+bb2.0,4,2577,41.490313409151014,0.05052378889738141,2.0962478359701393,0.0025,0.06312905112149436,-0.135331712828476,0.4664764067643647,-0.013600682425519357,10,0.7172142462727775,0.1049144119271121,14488
bb0.5+bb1.0+bb2.0,8,4180,67.29899497487436,0.0690635218526699,4.647905610109958,0.00125,0.07147594200158558,-0.08501708444143831,0.8407244552219363,-0.01295362809316377,17,0.38542241855328546,0.3260629486471563,14488
ALL4,2,2422,38.99477651414969,0.04492695523601487,1.7519165788896072,0.005,0.10629573729685338,-0.15724694043053902,0.6759796852378669,-0.03723891020202064,11,0.8539710085749286,0.02240710494079216,19592
ALL4,4,4079,65.67287093361544,0.039590330437733696,2.600010661056472,0.0025,0.0792482428854917,-0.11414121227599411,0.6942999930110169,-0.01478062731684955,15,0.7149857084524296,0.0768170681910984,19592
ALL4,8,6360,102.39751388521555,0.04844218803640688,4.960359622088196,0.00125,0.07651880898111552,-0.08919269008056463,0.8579044864775214,-0.01281914155853858,18,0.4274193548387097,0.24795835034708044,19592
bb1.0+vs1.0+Lvs2.0,2,2312,37.246120002866924,0.009990140662227436,0.37209397795084354,0.005,0.014855228120035813,-0.18906211288080402,0.07857326829623146,-0.022149785354241357,14,0.786533212010919,0.0030937215650591447,10990
bb1.0+vs1.0+Lvs2.0,4,4230,68.1272805441337,0.010530354900484363,0.7174044425345913,0.0025,0.01825988583847793,-0.2016261987669565,0.09056306149769287,-0.01886902680784873,19,0.5983621474067334,0.016742493175614194,10990
bb1.0+vs1.0+Lvs2.0,8,7011,112.9173437103833,0.03341745532002807,3.7734102882979865,0.00125,0.05676446645745625,-0.1555116056557645,0.36501755748769166,-0.013545586349118666,31,0.27807097361237487,0.08398544131028207,10990
ALL6,2,1791,28.833619834710746,0.08621559458965136,2.4859076782215523,0.005,0.15544561477401753,-0.14703439734308107,1.0572057802998998,-0.01879619683084304,12,0.9094884810620851,0.020577899258102304,25610
ALL6,4,3186,51.29196694214876,0.060333817085436475,3.094640151439858,0.0025,0.0949920618934239,-0.1351557584458697,0.7028339967584032,-0.022824569422464566,17,0.7961733697774307,0.07942210074189769,25610
ALL6,8,5200,83.71570247933884,0.0628268737760317,5.2595958727412455,0.00125,0.08116951562158836,-0.1116110708039731,0.7272532647245143,-0.014702944826836822,27,0.5242873877391644,0.2726669269816478,25610
ALL7,2,2336,37.610156043374765,0.03608007926900223,1.356977411364505,0.005,0.07631270124063949,-0.20302619940974173,0.37587612565522815,-0.05282750148779102,16,0.9069692637598284,0.00954253037884203,27980
ALL7,4,4254,68.49041258926209,0.02513303567296121,1.7213719828617557,0.0025,0.04930708141818596,-0.1892597733164294,0.26052594565749526,-0.034096607756295805,18,0.7959256611865618,0.05203716940671908,27980
ALL7,8,7054,113.57107907960857,0.04072656396264737,4.625359816442561,0.00125,0.07029543493188584,-0.14645592973857244,0.47997670737787795,-0.017459604408738408,25,0.5241601143674053,0.2237312365975697,27980
