base,filt,rr,sym,n_all,n_f,e_all,e_f,e_n,delta
S_bb_break_dn,h4b_glob_top_p30,0.25,BTCUSDT,728,353,0.03085710378267232,0.03295211922984354,0.02829326606641922,0.0020950154471712223
S_bb_break_dn,h4b_glob_top_p30,0.25,ETHUSDT,679,288,0.011646048730027787,0.06043730927003484,-0.023039617889325743,0.048791260540007056
S_bb_break_dn,h4b_glob_top_p30,0.25,SOLUSDT,660,208,-0.00567717598220411,-0.01430005003202721,-0.0029886938163183495,-0.0086228740498231
S_bb_break_dn,h4b_glob_top_p30,0.5,BTCUSDT,604,302,0.037142541127480215,0.08635325332783096,-0.0014734888717474195,0.04921071220035075
S_bb_break_dn,h4b_glob_top_p30,0.5,ETHUSDT,580,251,-0.0013475305187862603,0.04590733265924623,-0.025177436528951165,0.04725486317803249
S_bb_break_dn,h4b_glob_top_p30,0.5,SOLUSDT,566,180,0.01036720342856291,0.03684697599991174,0.0038375653459509326,0.02647977257134883
S_bb_break_dn,h4b_glob_top_p30,0.75,BTCUSDT,502,251,0.024782228540880247,0.06570448190034828,0.008681727228745157,0.04092225335946803
S_bb_break_dn,h4b_glob_top_p30,0.75,ETHUSDT,486,207,-0.006401155327448448,0.09502905377049486,-0.062115937979777415,0.10143020909794331
S_bb_break_dn,h4b_glob_top_p30,0.75,SOLUSDT,464,157,0.03860595523510521,0.11984918102609506,-0.004074031571321965,0.08124322579098985
S_bb_break_dn,h4b_glob_top_p30,1.0,BTCUSDT,444,223,0.027892392235558415,0.07617535179966872,0.01759758809231118,0.04828295956411031
S_bb_break_dn,h4b_glob_top_p30,1.0,ETHUSDT,429,179,0.009800819205140431,0.13161826467291357,-0.045131907423690144,0.12181744546777314
S_bb_break_dn,h4b_glob_top_p30,1.0,SOLUSDT,405,139,0.04254484351702232,0.09334135524621949,0.01190670688582072,0.05079651172919717
S_bb_break_dn,h4b_glob_top_p30,2.0,BTCUSDT,319,161,0.04123425854222375,0.17424874792306874,0.006444439302447321,0.13301448938084498
S_bb_break_dn,h4b_glob_top_p30,2.0,ETHUSDT,298,130,0.07602903628164456,0.2382757009068611,-0.03565141508224606,0.16224666462521653
S_bb_break_dn,h4b_glob_top_p30,2.0,SOLUSDT,275,99,0.13712712186347853,0.24564216069902378,0.07362611279217528,0.10851503883554525
S_bb_break_dn,h4b_glob_top_p90,0.25,BTCUSDT,728,262,0.03085710378267232,0.03257012267854689,0.028784701059080927,0.0017130188958745726
S_bb_break_dn,h4b_glob_top_p90,0.25,ETHUSDT,679,251,0.011646048730027787,0.033679764627947584,-0.002042566035792487,0.022033715897919796
S_bb_break_dn,h4b_glob_top_p90,0.25,SOLUSDT,660,171,-0.00567717598220411,-0.04896476397197595,0.009034447362436594,-0.04328758798977184
S_bb_break_dn,h4b_glob_top_p90,0.5,BTCUSDT,604,219,0.037142541127480215,0.07263075468914124,0.01269636230536238,0.03548821356166102
S_bb_break_dn,h4b_glob_top_p90,0.5,ETHUSDT,580,221,-0.0013475305187862603,0.04586573619493702,-0.026232160797804303,0.047213266713723286
S_bb_break_dn,h4b_glob_top_p90,0.5,SOLUSDT,566,147,0.01036720342856291,-0.03768254232817952,0.0295263341386799,-0.048049745756742424
S_bb_break_dn,h4b_glob_top_p90,0.75,BTCUSDT,502,183,0.024782228540880247,-0.0038091992307304266,0.030601753400353874,-0.028591427771610674
S_bb_break_dn,h4b_glob_top_p90,0.75,ETHUSDT,486,182,-0.006401155327448448,0.11086460100580117,-0.07924653487714248,0.11726575633324962
S_bb_break_dn,h4b_glob_top_p90,0.75,SOLUSDT,464,129,0.03860595523510521,0.060242495989007126,0.03573010097276256,0.021636540753901916
S_bb_break_dn,h4b_glob_top_p90,1.0,BTCUSDT,444,163,0.027892392235558415,0.030359363137074945,0.02807644663469005,0.0024669709015165305
S_bb_break_dn,h4b_glob_top_p90,1.0,ETHUSDT,429,156,0.009800819205140431,0.1568327403827346,-0.062188421509304564,0.14703192117759417
S_bb_break_dn,h4b_glob_top_p90,1.0,SOLUSDT,405,114,0.04254484351702232,0.011004597309885426,0.043602406171796615,-0.03154024620713689
S_bb_break_dn,h4b_glob_top_p90,2.0,BTCUSDT,319,123,0.04123425854222375,0.0835447253228791,0.012017407692497746,0.04231046678065535
S_bb_break_dn,h4b_glob_top_p90,2.0,ETHUSDT,298,115,0.07602903628164456,0.34706365496807545,-0.050926583557801254,0.27103461868643086
S_bb_break_dn,h4b_glob_top_p90,2.0,SOLUSDT,275,80,0.13712712186347853,0.14490484670920975,0.12478867996951677,0.007777724845731221
S_bb_break_dn,h2_oi_top_p90,0.25,BTCUSDT,728,208,0.03085710378267232,0.05665569113976264,0.01753523234263294,0.02579858735709032
S_bb_break_dn,h2_oi_top_p90,0.25,ETHUSDT,679,126,0.011646048730027787,0.045910728447413306,0.004936650522724868,0.03426467971738552
S_bb_break_dn,h2_oi_top_p90,0.25,SOLUSDT,660,159,-0.00567717598220411,0.07063411606021425,-0.027976516331914916,0.07631129204241836
S_bb_break_dn,h2_oi_top_p90,0.5,BTCUSDT,604,178,0.037142541127480215,0.11480665251138018,0.006115969193278589,0.07766411138389998
S_bb_break_dn,h2_oi_top_p90,0.5,ETHUSDT,580,113,-0.0013475305187862603,0.02338300375287374,-0.010041069512647532,0.02473053427166
S_bb_break_dn,h2_oi_top_p90,0.5,SOLUSDT,566,141,0.01036720342856291,0.12896799797667882,-0.02675757755140147,0.11860079454811591
S_bb_break_dn,h2_oi_top_p90,0.75,BTCUSDT,502,153,0.024782228540880247,0.1936595743755591,-0.03378294355324856,0.16887734583467887
S_bb_break_dn,h2_oi_top_p90,0.75,ETHUSDT,486,97,-0.006401155327448448,0.07566499725732541,-0.026202130398339084,0.08206615258477386
S_bb_break_dn,h2_oi_top_p90,0.75,SOLUSDT,464,115,0.03860595523510521,0.1836236850138001,-0.0036760088906412376,0.1450177297786949
S_bb_break_dn,h2_oi_top_p90,1.0,BTCUSDT,444,132,0.027892392235558415,0.21198255860879303,-0.03837524998640455,0.1840901663732346
S_bb_break_dn,h2_oi_top_p90,1.0,ETHUSDT,429,87,0.009800819205140431,0.14908808063181483,-0.029414788935277807,0.1392872614266744
S_bb_break_dn,h2_oi_top_p90,1.0,SOLUSDT,405,104,0.04254484351702232,0.2725711912083476,-0.037129400471136796,0.2300263476913253
S_bb_break_dn,h2_oi_top_p90,2.0,BTCUSDT,319,98,0.04123425854222375,0.379596930339873,-0.0472466904834648,0.3383626717976493
S_bb_break_dn,h2_oi_top_p90,2.0,ETHUSDT,298,64,0.07602903628164456,0.350144070877733,0.026045904347006526,0.27411503459608844
S_bb_break_dn,h2_oi_top_p90,2.0,SOLUSDT,275,68,0.13712712186347853,0.5358760327341201,0.031709184654623655,0.39874891087064157
S_volspike18_dn,h4b_glob_top_p30,0.25,BTCUSDT,483,192,0.03323138262084682,0.06218782043158053,0.014126104065311175,0.02895643781073371
S_volspike18_dn,h4b_glob_top_p30,0.25,ETHUSDT,445,170,0.0379470104315476,0.09243720090299018,0.00426216541283764,0.05449019047144258
S_volspike18_dn,h4b_glob_top_p30,0.25,SOLUSDT,369,99,0.027327612004754767,-0.02893447183279274,0.04795704274518886,-0.05626208383754751
S_volspike18_dn,h4b_glob_top_p30,0.5,BTCUSDT,470,188,0.03297424899272426,0.14817501870470157,-0.04402551720089059,0.1152007697119773
S_volspike18_dn,h4b_glob_top_p30,0.5,ETHUSDT,435,164,0.05761171664438276,0.11753053083406298,0.02135088444103383,0.05991881418968022
S_volspike18_dn,h4b_glob_top_p30,0.5,SOLUSDT,362,97,0.03757912500940461,-0.006236744146111929,0.053617386549348396,-0.04381586915551654
S_volspike18_dn,h4b_glob_top_p30,0.75,BTCUSDT,425,173,0.03687755657888269,0.13020546116199389,-0.019686203105431593,0.09332790458311119
S_volspike18_dn,h4b_glob_top_p30,0.75,ETHUSDT,407,151,0.0752925261726314,0.1231610227618201,0.045223950096770216,0.04786849658918871
S_volspike18_dn,h4b_glob_top_p30,0.75,SOLUSDT,327,92,0.08061244766130964,0.07848962950619864,0.07506076992334651,-0.002122818155110992
S_volspike18_dn,h4b_glob_top_p30,1.0,BTCUSDT,380,152,0.0783364801053306,0.2050682942337337,-0.0005466102149613701,0.12673181412840312
S_volspike18_dn,h4b_glob_top_p30,1.0,ETHUSDT,373,141,0.10655052526394111,0.14019254321291175,0.07762447636927182,0.033642017948970634
S_volspike18_dn,h4b_glob_top_p30,1.0,SOLUSDT,301,87,0.12130897593676647,0.1255553499599963,0.10865625056675797,0.004246374023229818
S_volspike18_dn,h4b_glob_top_p30,2.0,BTCUSDT,267,116,0.0791237715448601,0.24115926212457695,-0.0799918581848379,0.16203549057971683
S_volspike18_dn,h4b_glob_top_p30,2.0,ETHUSDT,269,111,0.17702401010835875,0.1807866974331592,0.16039813031944772,0.003762687324800451
S_volspike18_dn,h4b_glob_top_p30,2.0,SOLUSDT,208,69,0.1695225619989678,0.1976234025672774,0.06040450401842055,0.028100840568309582
S_volspike18_dn,h4b_glob_top_p90,0.25,BTCUSDT,483,170,0.03323138262084682,0.047141369048953996,0.02567643791548511,0.013909986428107174
S_volspike18_dn,h4b_glob_top_p90,0.25,ETHUSDT,445,148,0.0379470104315476,0.09111007823646386,0.011454976643239162,0.05316306780491626
S_volspike18_dn,h4b_glob_top_p90,0.25,SOLUSDT,369,89,0.027327612004754767,0.016889351137599182,0.030645487780386362,-0.010438260867155585
S_volspike18_dn,h4b_glob_top_p90,0.5,BTCUSDT,470,164,0.03297424899272426,0.07950059615173957,0.009560172500810902,0.04652634715901531
S_volspike18_dn,h4b_glob_top_p90,0.5,ETHUSDT,435,144,0.05761171664438276,0.1323988027368394,0.02519687072124737,0.07478708609245664
S_volspike18_dn,h4b_glob_top_p90,0.5,SOLUSDT,362,89,0.03757912500940461,0.021846333400452785,0.0427081303324695,-0.015732791608951822
S_volspike18_dn,h4b_glob_top_p90,0.75,BTCUSDT,425,149,0.03687755657888269,0.03218774824636892,0.04204672517159753,-0.00468980833251377
S_volspike18_dn,h4b_glob_top_p90,0.75,ETHUSDT,407,131,0.0752925261726314,0.15398988265022626,0.03260230537354987,0.07869735647759486
S_volspike18_dn,h4b_glob_top_p90,0.75,SOLUSDT,327,85,0.08061244766130964,0.09143572621120054,0.08515159073931909,0.010823278549890902
S_volspike18_dn,h4b_glob_top_p90,1.0,BTCUSDT,380,134,0.0783364801053306,0.08239954439071032,0.07044997827072097,0.004063064285379711
S_volspike18_dn,h4b_glob_top_p90,1.0,ETHUSDT,373,126,0.10655052526394111,0.25040510092592216,0.03773842420984558,0.14385457566198107
S_volspike18_dn,h4b_glob_top_p90,1.0,SOLUSDT,301,80,0.12130897593676647,0.15655322955718837,0.11211702882870625,0.0352442536204219
S_volspike18_dn,h4b_glob_top_p90,2.0,BTCUSDT,267,101,0.0791237715448601,0.15331519810835717,0.013633479896815511,0.07419142656349707
S_volspike18_dn,h4b_glob_top_p90,2.0,ETHUSDT,269,96,0.17702401010835875,0.3408264385791735,0.13151894898947958,0.16380242847081475
S_volspike18_dn,h4b_glob_top_p90,2.0,SOLUSDT,208,59,0.1695225619989678,0.1576302013099377,0.11009876340217377,-0.011892360689030101
S_volspike18_dn,h2_oi_top_p90,0.25,BTCUSDT,483,126,0.03323138262084682,0.06693045285225455,0.021337593127408808,0.033699070231407724
S_volspike18_dn,h2_oi_top_p90,0.25,ETHUSDT,445,85,0.0379470104315476,0.03853236455188486,0.038301988569236445,0.0005853541203372573
S_volspike18_dn,h2_oi_top_p90,0.25,SOLUSDT,369,97,0.027327612004754767,0.0802851510285201,0.008442019044073754,0.052957539023765335
S_volspike18_dn,h2_oi_top_p90,0.5,BTCUSDT,470,123,0.03297424899272426,0.08375920825000062,0.014972664011038408,0.05078495925727636
S_volspike18_dn,h2_oi_top_p90,0.5,ETHUSDT,435,85,0.05761171664438276,0.05509934874028248,0.05938319463176175,-0.002512367904100282
S_volspike18_dn,h2_oi_top_p90,0.5,SOLUSDT,362,96,0.03757912500940461,0.12638418048318537,0.005529180176761931,0.08880505547378076
S_volspike18_dn,h2_oi_top_p90,0.75,BTCUSDT,425,120,0.03687755657888269,0.1840871020885061,-0.015113234712781722,0.1472095455096234
S_volspike18_dn,h2_oi_top_p90,0.75,ETHUSDT,407,81,0.0752925261726314,0.16842765683016914,0.06397025810001201,0.09313513065753774
S_volspike18_dn,h2_oi_top_p90,0.75,SOLUSDT,327,86,0.08061244766130964,0.2096667349472473,0.03726613401518118,0.12905428728593765
S_volspike18_dn,h2_oi_top_p90,1.0,BTCUSDT,380,103,0.0783364801053306,0.27578327589208823,0.0036896209341795807,0.1974467957867576
S_volspike18_dn,h2_oi_top_p90,1.0,ETHUSDT,373,76,0.10655052526394111,0.2712514837477511,0.08206251121718701,0.16470095848381
S_volspike18_dn,h2_oi_top_p90,1.0,SOLUSDT,301,81,0.12130897593676647,0.29887021679601056,0.05012078950377676,0.17756124085924407
S_volspike18_dn,h2_oi_top_p90,2.0,BTCUSDT,267,77,0.0791237715448601,0.3819980264778518,-0.04961568018001304,0.3028742549329917
S_volspike18_dn,h2_oi_top_p90,2.0,ETHUSDT,269,57,0.17702401010835875,0.3640025090059098,0.16461631397052676,0.18697849889755105
S_volspike18_dn,h2_oi_top_p90,2.0,SOLUSDT,208,53,0.1695225619989678,0.6430856184672362,0.07428040836102788,0.4735630564682684
