variant,stop,rr,n,wr,be,expR,e_tr,e_te,lo,hi,p,tpm,level,tf
DIAG_any_two,atr,0.25,3305,0.8151285930408472,0.8197467423004576,-0.02063827953833501,-0.028626832174058234,-0.0010095032398895684,-0.04559415298650978,0.00400589666895793,0.94625,53.206275892463644,primary,4H
DIAG_any_two,atr,0.5,3234,0.6892393320964749,0.6850714509529583,-0.009188006057141008,-0.028295255690670484,0.0377933489241256,-0.04562519829292604,0.02509976793384233,0.6865,52.063266637285146,primary,4H
DIAG_any_two,atr,0.75,3143,0.5806554247534202,0.589310319130005,-0.030996036976384842,-0.04155078252176532,-0.005096315215028138,-0.07826975240293495,0.01696448817158082,0.90175,50.60720444326898,primary,4H
DIAG_any_two,atr,1.0,3057,0.5103042198233563,0.5173549262438725,-0.03023302617127298,-0.04081661541243893,-0.00450457017086285,-0.084918047653022,0.027706197263387983,0.85925,49.222470245966676,primary,4H
DIAG_any_two,atr,2.0,2726,0.33786265148733013,0.34988712141695294,-0.05140263702307112,-0.09290464070345451,0.048867868109484236,-0.1352334337314139,0.03535168604765008,0.875,43.89285374239619,primary,4H
DIAG_any_two,spec,0.25,3242,0.811844540407156,0.8183333048088383,-0.02538668379405755,-0.035218577806189984,-0.0014526875653707353,-0.05086844653017191,0.0002813597315880013,0.97325,52.19205641251653,primary,4H
DIAG_any_two,spec,0.5,3098,0.6856036152356358,0.685207232819916,-0.0164100272267085,-0.02829669577361159,0.012756703511010237,-0.05380237743963517,0.019969576652112634,0.81725,49.8738404583517,primary,4H
DIAG_any_two,spec,0.75,2942,0.5953757225433526,0.5900977379589529,-0.007123299293172481,-0.019075741497264723,0.022637289302781975,-0.053870488096995364,0.040497253614909856,0.604,47.37079079608569,primary,4H
DIAG_any_two,spec,1.0,2797,0.5216612960973863,0.5189611059711248,-0.010173076204055118,-0.043217903996047316,0.07202696300420473,-0.06755559385241804,0.04645030416528389,0.6105,45.03606453319228,primary,4H
DIAG_any_two,spec,2.0,2339,0.347114556416882,0.3526701021970738,-0.028236514617944512,-0.10411069162370319,0.1656000986748827,-0.12046074505057519,0.06474980733128026,0.72425,37.66154985453584,primary,4H
MFI+RSI,atr,0.25,1443,0.8246708246708246,0.8194550044095271,-0.007967339180269083,-0.005854928316287363,-0.013362831953542584,-0.04064664105612576,0.024352917394524838,0.6755,23.253001588141874,primary,4H
MFI+RSI,atr,0.5,1402,0.6997146932952925,0.6850100869721211,0.007142367400134916,-0.006401991388290191,0.04155051119093203,-0.046628951940472244,0.05474865480603651,0.4085,22.592313393329803,primary,4H
MFI+RSI,atr,0.75,1373,0.6001456664238893,0.589287643394529,0.003784141342645874,-0.017334689342707373,0.05759077456165957,-0.0647350745197994,0.06616794026172865,0.49075,22.136716101694915,primary,4H
MFI+RSI,atr,1.0,1349,0.5322461082283173,0.5170757178897544,0.014738922774162956,-0.008663004641749926,0.07376310523831925,-0.06493410720579872,0.09068979091757406,0.35975,21.74976694915254,primary,4H
MFI+RSI,atr,2.0,1262,0.34523809523809523,0.35015745859060887,-0.02870047800070376,-0.10880511027388752,0.17357490628688874,-0.14715301535518685,0.09086988956197259,0.68075,20.347076271186438,primary,4H
MFI+RSI,spec,0.25,1415,0.8162544169611308,0.8177391902651685,-0.01788480134862326,-0.01654716166154689,-0.021326859028246537,-0.05213014016374307,0.014220733727433802,0.85725,22.801799894123874,primary,4H
MFI+RSI,spec,0.5,1361,0.698016164584864,0.6846709483099879,0.004154962873856573,-0.004732422408450702,0.026849121636510653,-0.04649172905730617,0.054556150314249215,0.442,21.931625198517732,primary,4H
MFI+RSI,spec,0.75,1324,0.5978835978835979,0.5896358874146352,-0.0007448752409336383,-0.01572312414643662,0.037730249306086205,-0.06827426542896074,0.06451571191753379,0.5085,21.346694915254236,primary,4H
MFI+RSI,spec,1.0,1277,0.5192156862745098,0.5188160090291424,-0.012711875599172485,-0.056290888863347883,0.10003045927809028,-0.09272981105202002,0.06720981985206692,0.6355,20.588919491525424,primary,4H
MFI+RSI,spec,2.0,1172,0.34995700773860705,0.35255999877705796,-0.01843563919542511,-0.10869273073273149,0.21381126707739986,-0.1384684177497832,0.11065601274769647,0.59725,18.896016949152543,primary,4H
MFI_only,atr,0.25,2625,0.8125714285714286,0.8198770686988828,-0.02423241741551197,-0.030004660465454393,-0.009962149875376535,-0.05408574440264751,0.005981965698255196,0.94875,42.25914499779639,primary,4H
MFI_only,atr,0.5,2572,0.6811819595645412,0.6852565717205338,-0.021799031031032264,-0.043037384832099256,0.03088013340381995,-0.06655124672458529,0.020955267024278117,0.8275,41.405912736888496,primary,4H
MFI_only,atr,0.75,2509,0.5751295336787565,0.5894889182723582,-0.04122353656541617,-0.06244924241668901,0.011209534873551044,-0.09765739373179984,0.011965393390585605,0.9235,40.39881512827294,primary,4H
MFI_only,atr,1.0,2452,0.5101957585644372,0.517326796152631,-0.030692443436176907,-0.0477011136846528,0.011121537160569888,-0.09625800020597954,0.03270415619305919,0.82075,39.481026183549325,primary,4H
MFI_only,atr,2.0,2222,0.3424966200991438,0.3496989214774608,-0.03726614479740675,-0.09138252716942638,0.09389729044325096,-0.1358175882572595,0.06705766594060064,0.7645,35.77766728378736,primary,4H
MFI_only,spec,0.25,2585,0.8108317214700194,0.8184842702522198,-0.026796989345165098,-0.03542139836266065,-0.005656248415763432,-0.056273673295729784,0.0026425213277107827,0.9595,41.61519612163949,primary,4H
MFI_only,spec,0.5,2488,0.6764469453376206,0.685187235938839,-0.030232153207229658,-0.04169820003115947,-0.002021531744737536,-0.07297769062332735,0.012778981705323494,0.91725,40.053620096959015,primary,4H
MFI_only,spec,0.75,2385,0.5817953020134228,0.5900071545651955,-0.030824930523335296,-0.0463016934147215,0.007980776432272777,-0.08370592615781644,0.024589125694869065,0.85875,38.402221634488235,primary,4H
MFI_only,spec,1.0,2285,0.5078878177037687,0.5187882563162707,-0.03739690367369578,-0.07065199175988095,0.04536003309039861,-0.10439915996521167,0.03037064237546296,0.86675,36.79206559111346,primary,4H
MFI_only,spec,2.0,1982,0.3385786802030457,0.35214982292391855,-0.05299785136289394,-0.12202860372407516,0.12229095195424843,-0.15184606646765653,0.054768359687513986,0.82175,31.913292779687914,primary,4H
RSI_only,atr,0.25,3830,0.8221932114882506,0.8205396489922017,-0.012667657698726445,-0.007164466722808758,-0.02541314329230204,-0.03475233408235128,0.009725998924271288,0.87175,61.69073110503572,primary,4H
RSI_only,atr,0.5,3715,0.6899057873485868,0.6859743594192597,-0.009247089286472235,-0.01091146266865076,-0.005395720371779018,-0.04119924942688843,0.022012412798252473,0.7125,59.838398447834905,primary,4H
RSI_only,atr,0.75,3575,0.5972027972027972,0.5901014689347216,-0.0029719509433990903,-0.0047553651789779515,0.0012143968923651635,-0.045656981304794265,0.03753885785688145,0.571,57.58338477819913,primary,4H
RSI_only,atr,1.0,3424,0.5238095238095238,0.5182791508308068,-0.004803528618882973,-0.018748627647467573,0.027971547571586913,-0.05476819304861713,0.04266391900128871,0.58675,55.15119146309198,primary,4H
RSI_only,atr,2.0,2926,0.34108792336640437,0.35091991006950973,-0.04427366244999962,-0.10354237347572023,0.09465219619428952,-0.11768434435748293,0.032330146503752155,0.87675,47.158898693964,primary,4H
RSI_only,spec,0.25,3688,0.8150759219088937,0.8183200066505263,-0.02077692029777047,-0.013433941228033463,-0.038030586831294205,-0.04453792419544157,0.0015705385632678848,0.96425,59.40350295440515,primary,4H
RSI_only,spec,0.5,3431,0.6884290294374817,0.6854064830129247,-0.01171066784655113,-0.011235828514103732,-0.012839345984209069,-0.04620916249962611,0.02074588425567736,0.764,55.26394214657377,primary,4H
RSI_only,spec,0.75,3191,0.5931618569636136,0.590615569236303,-0.010882620942230636,-0.020425467068328356,0.012317782381540302,-0.05373039684101106,0.03155589538687624,0.69025,51.398204427198166,primary,4H
RSI_only,spec,1.0,2978,0.5181818181818182,0.5195632685160199,-0.016632467866747408,-0.05120950031870654,0.06769396693525913,-0.06599455855162634,0.03632325482365787,0.74275,47.967362201252314,primary,4H
RSI_only,spec,2.0,2330,0.3463203463203463,0.353437737890556,-0.03039682637000139,-0.11144684108941721,0.17686847844682535,-0.10553090434255172,0.050431145473193544,0.75975,37.55305330038828,primary,4H
WT+MFI,atr,0.25,266,0.8383458646616542,0.8161672113790601,0.0150380381525551,0.0015825773532663302,0.0691137579685647,-0.03958256919452724,0.06541217681782198,0.285,4.302359192348566,primary,4H
WT+MFI,atr,0.5,261,0.7011494252873564,0.6816648636801488,0.01612442181585584,-0.026901265456480247,0.19328901646665153,-0.06909320504832836,0.0935088151261033,0.37825,4.221487778958555,primary,4H
WT+MFI,atr,0.75,258,0.6124031007751938,0.5855174550662868,0.033941765476698145,-0.02686922521957514,0.2869154867731949,-0.07579383491805143,0.1358322561048336,0.3,4.1729649309245485,primary,4H
WT+MFI,atr,1.0,256,0.4921875,0.5138931263825992,-0.05658719440395751,-0.1370094056511831,0.2747523159346119,-0.20243900758845573,0.08146825399801452,0.7915,4.140616365568544,primary,4H
WT+MFI,atr,2.0,250,0.316,0.346503031431001,-0.10559259357385647,-0.3005297693284968,0.6741561094447052,-0.33446863726219894,0.12047260609729216,0.83075,4.043570669500531,primary,4H
WT+MFI,spec,0.25,265,0.8226415094339623,0.8155571087269509,-0.005386750289614646,-0.01786212276627822,0.04451473961703961,-0.052544595178871153,0.03912802269981278,0.614,4.286184909670563,primary,4H
WT+MFI,spec,0.5,263,0.7072243346007605,0.6818471997295478,0.02419384390354694,-0.018450700973723935,0.19723228561708847,-0.06362364341826775,0.10851111535459614,0.313,4.253836344314559,primary,4H
WT+MFI,spec,0.75,259,0.5945945945945946,0.5870192615863206,0.0008257973339060204,-0.07074986401795255,0.2927422201022704,-0.1130687397844565,0.11010116084326801,0.5295,4.189139213602551,primary,4H
WT+MFI,spec,1.0,255,0.49411764705882355,0.5165636287555273,-0.05570494602289672,-0.1688017626392397,0.4197633034254025,-0.2025489960023474,0.0923054948098203,0.79175,4.124442082890542,primary,4H
WT+MFI,spec,2.0,246,0.30327868852459017,0.3502542359585204,-0.15105836417825874,-0.3628110834217777,0.7002739968620111,-0.3509006084894544,0.047581944057454806,0.93075,3.978873538788523,primary,4H
WT+RSI,atr,0.25,749,0.8237650200267023,0.818408433099458,-0.006780825934215104,-0.021756366426910617,0.03576506859375063,-0.04600555919043245,0.02940940478823207,0.6485,12.125275660343911,primary,4H
WT+RSI,atr,0.5,736,0.7119565217391305,0.683639495329243,0.028489551211120356,-0.0020332466401742806,0.11620243345747232,-0.033604932218978735,0.08903842633110963,0.19475,11.914823612834605,primary,4H
WT+RSI,atr,0.75,724,0.6187845303867403,0.5877404416377916,0.04005274605421327,0.026000090560818884,0.08069967430930029,-0.039593859780605985,0.11143402257098714,0.17075,11.720560184364475,primary,4H
WT+RSI,atr,1.0,713,0.520336605890603,0.5161250281051486,-0.006167168824060672,-0.03554328988527429,0.07828917922692848,-0.10084677376233477,0.08436282071251501,0.56,11.542485374933523,primary,4H
WT+RSI,atr,2.0,688,0.3313953488372093,0.3492840669851142,-0.0691679048977067,-0.16541080437954409,0.2065842228311533,-0.2166597929511108,0.07553493950227425,0.8275,11.137769898954087,primary,4H
WT+RSI,spec,0.25,736,0.8002717391304348,0.8173146330485613,-0.037485951252770364,-0.04832146971965171,-0.007213523371070916,-0.08224997071706609,0.00499671782569676,0.95875,11.914823612834605,primary,4H
WT+RSI,spec,0.5,721,0.7156726768377254,0.6837848898700244,0.03207021708551026,0.014386141099716775,0.08256912925884566,-0.031246061091820918,0.09318348846854604,0.168,11.671994327246942,primary,4H
WT+RSI,spec,0.75,702,0.6367521367521367,0.5888459612777096,0.06832390493207627,0.04196480654413634,0.1430800364257419,-0.016830620313004634,0.1510668902714616,0.06325,11.36441056550257,primary,4H
WT+RSI,spec,1.0,687,0.5451895043731778,0.5182272293550242,0.039531234933558396,-0.020810576339940896,0.20949400335391472,-0.057981998179595685,0.1408398052871141,0.21625,11.12158127991491,primary,4H
WT+RSI,spec,2.0,652,0.33900928792569657,0.35239209823397477,-0.05028340840605539,-0.13868845377254893,0.1983880934727948,-0.196490355992204,0.09966586935626393,0.757,10.554979613543699,primary,4H
WT_only,atr,0.25,900,0.8311111111111111,0.8183778578067912,0.0020954927574251296,-0.01045682516976721,0.03546628919800963,-0.03355860429895313,0.03700055491829459,0.46725,14.556854410201913,primary,4H
WT_only,atr,0.5,887,0.7170236753100339,0.6835935418480177,0.03576381036512428,0.022782036090208485,0.07036399386644941,-0.019234076407429256,0.0890670484118086,0.10075,14.346588735387886,primary,4H
WT_only,atr,0.75,880,0.6068181818181818,0.587762427104806,0.018537349848334935,0.02531409627098503,0.0004660260546013502,-0.05477631203167563,0.08824383774636854,0.323,14.233368756641871,primary,4H
WT_only,atr,1.0,868,0.5080645161290323,0.5164282466053368,-0.03174277575119085,-0.041176901852009035,-0.0066249125882529986,-0.11868638007931585,0.0571652802846906,0.7605,14.039277364505846,primary,4H
WT_only,atr,2.0,844,0.3234597156398104,0.349576596170573,-0.09354745871144116,-0.14353245890697983,0.03830952456299707,-0.23317541773156192,0.03567236264285667,0.917,13.651094580233794,primary,4H
WT_only,spec,0.25,892,0.8217488789237668,0.8171555276873119,-0.011245275091630251,-0.021688043719119646,0.016645082271499852,-0.05031202905724125,0.025755273395843853,0.72275,14.427460148777897,primary,4H
WT_only,spec,0.5,876,0.723744292237443,0.6842122703138437,0.043185633196605705,0.025194570939177735,0.09169318080207604,-0.013793581225060816,0.09825079107555602,0.06425,14.168671625929862,primary,4H
WT_only,spec,0.75,863,0.6349942062572422,0.5894714246749622,0.06425549950149766,0.0487602369101087,0.10664946468659647,-0.006408244927806399,0.13261626298049467,0.04,13.958405951115834,primary,4H
WT_only,spec,1.0,852,0.5464159811985899,0.5187586271410188,0.04078995856442857,-0.001922621705087404,0.15839067516551883,-0.045962700220984386,0.12688108742874796,0.16875,13.780488841657812,primary,4H
WT_only,spec,2.0,810,0.3403990024937656,0.3529704832899687,-0.047414876545971825,-0.12142876748026785,0.15357697406459367,-0.17418909213417635,0.07976605422326469,0.78025,13.113943799308572,primary,4H
DIAG_any_two,atr,0.25,4021,0.8117383735389206,0.8199299727359728,-0.024979153546425062,-0.03241865594320055,-0.006246968158918637,-0.048394358180935966,-0.0027645836890756604,0.98575,64.7329607756721,secondary,4H
DIAG_any_two,atr,0.5,3916,0.6823289070480082,0.685244076221123,-0.01968706962478472,-0.03877999775941118,0.028457328297420863,-0.054419054918425906,0.012676836228941564,0.88575,63.042594975760245,secondary,4H
DIAG_any_two,atr,0.75,3781,0.5807987304945782,0.5893520599600598,-0.030676122329722777,-0.04537902166888859,0.0063823027271876775,-0.07269581235676573,0.01414998360449439,0.914,60.88,secondary,4H
DIAG_any_two,atr,1.0,3657,0.5086136177194421,0.5175110982530412,-0.033789505521227996,-0.048516145280090885,0.003020047636810157,-0.0867778282056254,0.015069620729209554,0.9125,58.88340650621529,secondary,4H
DIAG_any_two,atr,2.0,3187,0.33574120603015073,0.350104140207863,-0.05840083089575669,-0.10343150288808735,0.05307095255308804,-0.13314884007316866,0.021585573651229907,0.926,51.31567310235388,secondary,4H
DIAG_any_two,spec,0.25,3930,0.8083969465648855,0.8184073954824068,-0.02974899368717486,-0.03641834547056402,-0.013057781737302512,-0.052894877700828125,-0.006436415508794849,0.99375,63.267977082415165,secondary,4H
DIAG_any_two,spec,0.5,3726,0.6763285024154589,0.6851786700267756,-0.030244887315521093,-0.04076488077548827,-0.0037511927378700454,-0.06377665725453659,0.004294925867900369,0.95775,59.98383781401499,secondary,4H
DIAG_any_two,spec,0.75,3514,0.5892399658411615,0.5900580456484176,-0.017802492028915776,-0.03329819908311209,0.02159284384878898,-0.059908057899799964,0.02453691525571734,0.7795,56.58088336418937,secondary,4H
DIAG_any_two,spec,1.0,3308,0.5157384987893463,0.5189723553031969,-0.022121608418620955,-0.05220709153387872,0.054234382418284606,-0.0725808347858759,0.030288056880594286,0.789,53.263961914837346,secondary,4H
DIAG_any_two,spec,2.0,2658,0.3443181818181818,0.3527751647464761,-0.03675279915906168,-0.11302850681920999,0.1613163253332585,-0.11598666025243992,0.04809475423990467,0.8025,42.79794763290135,secondary,4H
MFI+RSI,atr,0.25,1443,0.8246708246708246,0.8194550044095271,-0.007967339180269083,-0.005854928316287363,-0.013362831953542584,-0.04200167902490727,0.024011916626467893,0.68225,23.253001588141874,secondary,4H
MFI+RSI,atr,0.5,1402,0.6997146932952925,0.6850100869721211,0.007142367400134916,-0.006401991388290191,0.04155051119093203,-0.04593205213563537,0.057693425247121996,0.40075,22.592313393329803,secondary,4H
MFI+RSI,atr,0.75,1373,0.6001456664238893,0.589287643394529,0.003784141342645874,-0.017334689342707373,0.05759077456165957,-0.06501290332815807,0.06631611823358018,0.4855,22.136716101694915,secondary,4H
MFI+RSI,atr,1.0,1349,0.5322461082283173,0.5170757178897544,0.014738922774162956,-0.008663004641749926,0.07376310523831925,-0.06445031620367356,0.0921749262586337,0.3655,21.74976694915254,secondary,4H
MFI+RSI,atr,2.0,1262,0.34523809523809523,0.35015745859060887,-0.02870047800070376,-0.10880511027388752,0.17357490628688874,-0.1463449645102791,0.08562753853062909,0.67925,20.347076271186438,secondary,4H
MFI+RSI,spec,0.25,1415,0.8162544169611308,0.8177391902651685,-0.01788480134862326,-0.01654716166154689,-0.021326859028246537,-0.053286264469361355,0.013459711365240138,0.8695,22.801799894123874,secondary,4H
MFI+RSI,spec,0.5,1361,0.698016164584864,0.6846709483099879,0.004154962873856573,-0.004732422408450702,0.026849121636510653,-0.04943029985834068,0.054955744186319884,0.452,21.931625198517732,secondary,4H
MFI+RSI,spec,0.75,1324,0.5978835978835979,0.5896358874146352,-0.0007448752409336383,-0.01572312414643662,0.037730249306086205,-0.06957604166514948,0.0657094068541815,0.50825,21.346694915254236,secondary,4H
MFI+RSI,spec,1.0,1277,0.5192156862745098,0.5188160090291424,-0.012711875599172485,-0.056290888863347883,0.10003045927809028,-0.0955998578046696,0.06683381623803811,0.638,20.588919491525424,secondary,4H
MFI+RSI,spec,2.0,1172,0.34995700773860705,0.35255999877705796,-0.01843563919542511,-0.10869273073273149,0.21381126707739986,-0.13698022457546646,0.1026143786809323,0.61075,18.896016949152543,secondary,4H
MFI_only,atr,0.25,2625,0.8125714285714286,0.8198770686988828,-0.02423241741551197,-0.030004660465454393,-0.009962149875376535,-0.053559060975388345,0.005386996288948759,0.94275,42.25914499779639,secondary,4H
MFI_only,atr,0.5,2572,0.6811819595645412,0.6852565717205338,-0.021799031031032264,-0.043037384832099256,0.03088013340381995,-0.06574504156265497,0.021198538932988578,0.83875,41.405912736888496,secondary,4H
MFI_only,atr,0.75,2509,0.5751295336787565,0.5894889182723582,-0.04122353656541617,-0.06244924241668901,0.011209534873551044,-0.09541597509149606,0.013227126988436798,0.925,40.39881512827294,secondary,4H
MFI_only,atr,1.0,2452,0.5101957585644372,0.517326796152631,-0.030692443436176907,-0.0477011136846528,0.011121537160569888,-0.09468749726493679,0.03450322401124305,0.817,39.481026183549325,secondary,4H
MFI_only,atr,2.0,2222,0.3424966200991438,0.3496989214774608,-0.03726614479740675,-0.09138252716942638,0.09389729044325096,-0.13234583857413412,0.06504472389584828,0.76225,35.77766728378736,secondary,4H
MFI_only,spec,0.25,2585,0.8108317214700194,0.8184842702522198,-0.026796989345165098,-0.03542139836266065,-0.005656248415763432,-0.057456987780728,0.0023006014752757526,0.9635,41.61519612163949,secondary,4H
MFI_only,spec,0.5,2488,0.6764469453376206,0.685187235938839,-0.030232153207229658,-0.04169820003115947,-0.002021531744737536,-0.07326284292272292,0.013058912287960056,0.91675,40.053620096959015,secondary,4H
MFI_only,spec,0.75,2385,0.5817953020134228,0.5900071545651955,-0.030824930523335296,-0.0463016934147215,0.007980776432272777,-0.08479554757565676,0.022276731433430768,0.86225,38.402221634488235,secondary,4H
MFI_only,spec,1.0,2285,0.5078878177037687,0.5187882563162707,-0.03739690367369578,-0.07065199175988095,0.04536003309039861,-0.10563019496002819,0.032552694160920256,0.84275,36.79206559111346,secondary,4H
MFI_only,spec,2.0,1982,0.3385786802030457,0.35214982292391855,-0.05299785136289394,-0.12202860372407516,0.12229095195424843,-0.15211682391727505,0.055541563326461194,0.82325,31.913292779687914,secondary,4H
RSI_only,atr,0.25,3830,0.8221932114882506,0.8205396489922017,-0.012667657698726445,-0.007164466722808758,-0.02541314329230204,-0.03435539888066448,0.008662552014232633,0.87175,61.69073110503572,secondary,4H
RSI_only,atr,0.5,3715,0.6899057873485868,0.6859743594192597,-0.009247089286472235,-0.01091146266865076,-0.005395720371779018,-0.04101833984779732,0.021820748068083685,0.72625,59.838398447834905,secondary,4H
RSI_only,atr,0.75,3575,0.5972027972027972,0.5901014689347216,-0.0029719509433990903,-0.0047553651789779515,0.0012143968923651635,-0.04567264577682673,0.037295078793210354,0.5535,57.58338477819913,secondary,4H
RSI_only,atr,1.0,3424,0.5238095238095238,0.5182791508308068,-0.004803528618882973,-0.018748627647467573,0.027971547571586913,-0.052169910609271244,0.04433984296601758,0.593,55.15119146309198,secondary,4H
RSI_only,atr,2.0,2926,0.34108792336640437,0.35091991006950973,-0.04427366244999962,-0.10354237347572023,0.09465219619428952,-0.11632674480155929,0.03286789892724133,0.876,47.158898693964,secondary,4H
RSI_only,spec,0.25,3688,0.8150759219088937,0.8183200066505263,-0.02077692029777047,-0.013433941228033463,-0.038030586831294205,-0.04335919273843943,0.00247011233930804,0.961,59.40350295440515,secondary,4H
RSI_only,spec,0.5,3431,0.6884290294374817,0.6854064830129247,-0.01171066784655113,-0.011235828514103732,-0.012839345984209069,-0.04512207859181283,0.02165545792436048,0.75675,55.26394214657377,secondary,4H
RSI_only,spec,0.75,3191,0.5931618569636136,0.590615569236303,-0.010882620942230636,-0.020425467068328356,0.012317782381540302,-0.05329866023570733,0.0314515077102338,0.695,51.398204427198166,secondary,4H
RSI_only,spec,1.0,2978,0.5181818181818182,0.5195632685160199,-0.016632467866747408,-0.05120950031870654,0.06769396693525913,-0.06594462053686743,0.03370503750351677,0.738,47.967362201252314,secondary,4H
RSI_only,spec,2.0,2330,0.3463203463203463,0.353437737890556,-0.03039682637000139,-0.11144684108941721,0.17686847844682535,-0.10939589170390866,0.05110025052106313,0.775,37.55305330038828,secondary,4H
WT+MFI,atr,0.25,823,0.8359659781287971,0.8179272168453353,0.008598978952579961,0.002985400108661323,0.02608527705138651,-0.03434328159358486,0.046567751377725446,0.35025,13.273818438714235,secondary,4H
WT+MFI,atr,0.5,810,0.6950617283950618,0.683286281354594,0.0031881953632090943,-0.00959494926205824,0.042965188537264304,-0.05928301770579654,0.05999450439864746,0.4725,13.064146944542564,secondary,4H
WT+MFI,atr,0.75,794,0.6070528967254408,0.5874793459325803,0.019550412761665473,-0.015112990325769765,0.1260292766046076,-0.05877559528864771,0.09290428471608764,0.315,12.806089720946662,secondary,4H
WT+MFI,atr,1.0,786,0.5292620865139949,0.5156067283673922,0.012492743146221428,-0.016606667364945777,0.10129094429370082,-0.07962482583724938,0.10268839810463733,0.40125,12.677061109148712,secondary,4H
WT+MFI,atr,2.0,756,0.3412698412698413,0.349542745982826,-0.04069361564108004,-0.15607963172479078,0.3054644326100522,-0.18443378256190365,0.10667685679579786,0.7115,12.193203814906393,secondary,4H
WT+MFI,spec,0.25,816,0.821078431372549,0.8167049640477645,-0.01037692114437997,0.0010503294495805187,-0.04628285067565684,-0.05177425349660038,0.026644640378929527,0.71075,13.160918403391028,secondary,4H
WT+MFI,spec,0.5,801,0.7016229712858927,0.6832530216716485,0.01191750694044037,0.0009002020952495324,0.04615590045934114,-0.05252444021844724,0.07019475400503833,0.36375,12.91898975626987,secondary,4H
WT+MFI,spec,0.75,786,0.6106870229007634,0.5882388854646817,0.02439137578533984,-0.003622367688261145,0.11046469122495321,-0.05239965432488114,0.10110745808022485,0.2865,12.677061109148712,secondary,4H
WT+MFI,spec,1.0,775,0.5367741935483871,0.5172872785890393,0.02471616980270778,-0.02803269196140662,0.1894160732895969,-0.06579024275128073,0.12089168708045607,0.294,12.499646767926528,secondary,4H
WT+MFI,spec,2.0,732,0.336986301369863,0.35172057201305723,-0.058118472214444536,-0.17359453855884463,0.301284565733857,-0.19670261942089953,0.07805924563222502,0.8005,11.806117979512539,secondary,4H
WT+RSI,atr,0.25,1498,0.822429906542056,0.8194573265033099,-0.00993936207878873,-0.014869494196456721,0.0036866312112484377,-0.042210930513639736,0.02106542404417823,0.7295,24.18196217076189,secondary,4H
WT+RSI,atr,0.5,1469,0.6963921034717495,0.6847469772888855,0.003312081093646872,-0.013321754918784286,0.04998162617515709,-0.04972102904812458,0.05449127929940523,0.44825,23.713820045960755,secondary,4H
WT+RSI,atr,0.75,1436,0.6107242339832869,0.5888766070471682,0.023823619983189756,0.015427405542501448,0.047324135534110995,-0.039584142814424544,0.0860531278311131,0.22575,23.18110659360085,secondary,4H
WT+RSI,atr,1.0,1411,0.5244507441530829,0.5173031649311003,-0.00037572633863139723,-0.023388892509853976,0.06297168586140953,-0.0732324840948653,0.07365589987111933,0.512,22.777535796358492,secondary,4H
WT+RSI,atr,2.0,1340,0.3373134328358209,0.3505194851276036,-0.05502514550642237,-0.11894814605276964,0.11965024038763518,-0.1699896911943656,0.060993688887131366,0.82625,21.631394732190206,secondary,4H
WT+RSI,spec,0.25,1468,0.8044959128065395,0.8179928388801303,-0.03297719023838792,-0.028461103456944838,-0.04537338762826742,-0.06985966071915141,0.0021946705774016084,0.967,23.697677214071064,secondary,4H
WT+RSI,spec,0.5,1428,0.6925770308123249,0.6845761658949572,-0.0038185622039712515,-0.003113074650784018,-0.0057853192819547405,-0.05854313212393275,0.046484540036258785,0.5805,23.051963938483294,secondary,4H
WT+RSI,spec,0.75,1391,0.612508986340762,0.5895419257890172,0.024697493353100085,0.01516330694924608,0.05071840959739867,-0.04044106381160399,0.08838837855504766,0.2325,22.45467915856461,secondary,4H
WT+RSI,spec,1.0,1359,0.5338733431516937,0.5187152215065156,0.015370421599392146,-0.021389889865052754,0.11699588099417335,-0.05669956893942738,0.09101737016574268,0.34575,21.938108538094397,secondary,4H
WT+RSI,spec,2.0,1241,0.34306569343065696,0.35288088452103544,-0.04075037257652655,-0.10909240314400444,0.14332563237456714,-0.15437344474400574,0.07044277458185495,0.76125,20.033254375110484,secondary,4H
WT_only,atr,0.25,1946,0.8180883864337102,0.8195972382337772,-0.016127464860638905,-0.023300025865446078,0.0029364472837169996,-0.044889132793130414,0.01160745577798195,0.877,31.352985179957656,secondary,4H
WT_only,atr,0.5,1924,0.6860706860706861,0.684867135439244,-0.012986949221649526,-0.02584368530611141,0.02136310901927918,-0.05623085555948585,0.027706465020659182,0.73425,30.99853211009174,secondary,4H
WT_only,atr,0.75,1896,0.5970464135021097,0.5888741424792315,-0.0007588744720393477,-0.012219435856300235,0.029973232851580635,-0.057269189552861734,0.053260357738413706,0.5285,30.547410021171487,secondary,4H
WT_only,atr,1.0,1865,0.5136729222520108,0.5174137994692103,-0.022698906069239178,-0.03996347211763871,0.023170676275038007,-0.09083613632648424,0.04445841755333732,0.75575,30.047953422724063,secondary,4H
WT_only,atr,2.0,1767,0.3293718166383701,0.3507417846010881,-0.0796731982981972,-0.12230606498690631,0.03333913220100485,-0.17399425878978772,0.011092987512765835,0.956,28.469026111503176,secondary,4H
WT_only,spec,0.25,1924,0.8113305613305614,0.8179982664544762,-0.025284255559603376,-0.022153378389867407,-0.03362729777000459,-0.05654336631247707,0.004329494743464568,0.95475,30.99853211009174,secondary,4H
WT_only,spec,0.5,1875,0.6864,0.6847653789000652,-0.014036146730872523,-0.021884879932626673,0.007027447676978487,-0.0598012889548753,0.02741278802928867,0.74875,30.209068454481297,secondary,4H
WT_only,spec,0.75,1838,0.6033732317736671,0.5897717892294209,0.007888234863810833,-0.00881523159939304,0.05295734658847161,-0.05048707610713417,0.06477807790668241,0.3935,29.612942836979535,secondary,4H
WT_only,spec,1.0,1797,0.5261692650334076,0.5189284112069246,-0.000830782325174967,-0.029832025826172916,0.0782908674752655,-0.06753309773252156,0.0639771570754705,0.53075,28.952371206774874,secondary,4H
WT_only,spec,2.0,1621,0.3411910669975186,0.35294836123580303,-0.047104996810496215,-0.10273252852172472,0.10267118196552223,-0.14587872510702532,0.04701552144335627,0.85275,26.116746647847563,secondary,4H
DIAG_any_two,atr,0.25,3911,0.7890565072871388,0.9206397384529771,-0.21627673231177452,-0.20097727396539247,-0.25287335513859316,-0.23663275224906838,-0.1955683512122192,1.0,64.30039405430342,primary,15m
DIAG_any_two,atr,0.5,3820,0.6612565445026178,0.7682698435670252,-0.2119088651986622,-0.19887118299235226,-0.24314135723955582,-0.23900886011304992,-0.1869545923525469,1.0,62.80427135961112,primary,15m
DIAG_any_two,atr,0.75,3690,0.5669376693766938,0.6592772910791436,-0.21246440799103675,-0.20580912221238684,-0.2285902024751124,-0.24040229752443681,-0.18399930186499458,1.0,60.666953224336396,primary,15m
DIAG_any_two,atr,1.0,3578,0.4941307993292342,0.5774300271867551,-0.21746580338318394,-0.20540018917874875,-0.24675149916291456,-0.25076014788498635,-0.18504143477314175,1.0,58.825571446253555,primary,15m
DIAG_any_two,atr,2.0,3172,0.3212484237074401,0.3859372832090611,-0.2424765613648472,-0.2284385691842199,-0.2759609930870478,-0.28885050725094413,-0.19518160981763716,1.0,52.150562500703266,primary,15m
DIAG_any_two,spec,0.25,1860,0.785483870967742,0.8696421100129224,-0.11856092786552778,-0.11486486199156352,-0.1301080604961612,-0.1413514030137855,-0.09444669511814653,1.0,30.591277430393355,primary,15m
DIAG_any_two,spec,0.5,1795,0.6629526462395543,0.7261335485244405,-0.10820721333068316,-0.11347740141602654,-0.09187925618042977,-0.14157660646986087,-0.07597131960122162,1.0,29.522227412664552,primary,15m
DIAG_any_two,spec,0.75,1736,0.5587557603686636,0.6238803020533138,-0.12760759075667316,-0.12889653879950844,-0.12358154164425422,-0.1674962995115257,-0.08618545107311563,1.0,28.551858935033795,primary,15m
DIAG_any_two,spec,1.0,1682,0.4815695600475624,0.5468578501702142,-0.14430488770398947,-0.15347442613457862,-0.11603956293008601,-0.19054205999591337,-0.09818541331166938,1.0,27.663725074151408,primary,15m
DIAG_any_two,spec,2.0,1477,0.3026404874746107,0.3673927074874313,-0.20782017850251713,-0.2349691127008983,-0.12419846128927119,-0.2810675526935022,-0.13409236581423722,1.0,24.29210578746827,primary,15m
MFI+RSI,atr,0.25,1724,0.7801624129930395,0.9224771934836464,-0.23208435222033796,-0.215440131807113,-0.27051620856795733,-0.2624003525262163,-0.20275863712534245,1.0,28.35449585483771,primary,15m
MFI+RSI,atr,0.5,1698,0.6595995288574794,0.7699441948988297,-0.22026653780235314,-0.2113342806303503,-0.24089952951545915,-0.25986511384776095,-0.1852397285255128,1.0,27.92687584774619,primary,15m
MFI+RSI,atr,0.75,1652,0.562953995157385,0.6609575958305455,-0.2264172249234164,-0.21246896912073054,-0.25920835773338163,-0.26945526281456766,-0.18364545020073458,1.0,27.17031737366119,primary,15m
MFI+RSI,atr,1.0,1617,0.4935064935064935,0.578997201488812,-0.2262157969602924,-0.2165769691923919,-0.24884608824145024,-0.27988564186436315,-0.17569672913368425,1.0,26.59467505642261,primary,15m
MFI+RSI,atr,2.0,1523,0.31910702560735393,0.3876547361511453,-0.2604424951346214,-0.23735982496103514,-0.31378353512271334,-0.3333030346465518,-0.19114324784606904,1.0,25.048664261553267,primary,15m
MFI+RSI,spec,0.25,860,0.8,0.8695709677493506,-0.10015917810795358,-0.0984383693320366,-0.10555325177092413,-0.1330139022525584,-0.06798274566047892,1.0,14.144354080719507,primary,15m
MFI+RSI,spec,0.5,836,0.6734449760765551,0.7261693435858367,-0.09241519158339696,-0.09933139937719346,-0.07084888846283946,-0.13763544167863764,-0.04868561711814745,1.0,13.749627920327335,primary,15m
MFI+RSI,spec,0.75,817,0.5752753977968176,0.6239315993708175,-0.09881337520203827,-0.10033176570115461,-0.09412914051226444,-0.15727575325637203,-0.04043446742170904,0.9995,13.437136376683531,primary,15m
MFI+RSI,spec,1.0,800,0.50375,0.5469147662367121,-0.10004326805407296,-0.11136049782176212,-0.06493083723637072,-0.17315590305447692,-0.03054213317060086,0.99725,13.157538679739076,primary,15m
MFI+RSI,spec,2.0,745,0.3208053691275168,0.3677317074206164,-0.1542232980551261,-0.17708746691250524,-0.0855078658439706,-0.2541642727402166,-0.05182543384343383,0.998,12.252957895507015,primary,15m
MFI_only,atr,0.25,3124,0.7874519846350833,0.9244656318365889,-0.2252822679890187,-0.20724231831602113,-0.26930928172840485,-0.24905677104444834,-0.2027426194239843,1.0,51.361398881524906,primary,15m
MFI_only,atr,0.5,3063,0.6594841658504734,0.7715099411397542,-0.22136749193869582,-0.2034177095154134,-0.2652626854012561,-0.2503355809700954,-0.19376984932784352,1.0,50.35850344881907,primary,15m
MFI_only,atr,0.75,2976,0.5698924731182796,0.6619790363783427,-0.2137983290124471,-0.19443144307806248,-0.26207915732774395,-0.24802140461927805,-0.18141908576143986,1.0,48.928144389058296,primary,15m
MFI_only,atr,1.0,2905,0.49672977624784853,0.5798107361683049,-0.2193058830271752,-0.19899964253874017,-0.26973061210577126,-0.2579155024925744,-0.1820157001095362,1.0,47.76083986902364,primary,15m
MFI_only,atr,2.0,2622,0.32799389778794813,0.3875481401646486,-0.22990377575189397,-0.19543681718815453,-0.3159333043269876,-0.2846964146585894,-0.1769343646872616,1.0,43.108062697617896,primary,15m
MFI_only,spec,0.25,1431,0.7861635220125787,0.8704388748882824,-0.1186261390094756,-0.10883132988291055,-0.14865056812187255,-0.14788476183950455,-0.09136596795496382,1.0,23.535547313383272,primary,15m
MFI_only,spec,0.5,1392,0.6688218390804598,0.7267438603026367,-0.1002701584050931,-0.10323207464027871,-0.09131592608716207,-0.13924050371188176,-0.06441578540177013,1.0,22.894117302745993,primary,15m
MFI_only,spec,0.75,1361,0.5738427626745041,0.6244394178572115,-0.10220898523170752,-0.09621374097903013,-0.12035435467102402,-0.15161408270056087,-0.05306579150506401,1.0,22.384262678906104,primary,15m
MFI_only,spec,1.0,1322,0.4939485627836611,0.5473433695214303,-0.12049037439043381,-0.12449782928324289,-0.10849222394096622,-0.17541627829838846,-0.06800621944088009,1.0,21.742832668268825,primary,15m
MFI_only,spec,2.0,1182,0.3197969543147208,0.3677416654551761,-0.15712819281654833,-0.17778631503574435,-0.09529340806584671,-0.23742118926499312,-0.07657719228969609,0.99975,19.440263399314485,primary,15m
RSI_only,atr,0.25,4777,0.7994557253506385,0.9252822205789425,-0.21748857746675548,-0.20256408027520817,-0.25467981352376173,-0.23618939268338424,-0.19868526971907818,1.0,78.46935030185837,primary,15m
RSI_only,atr,0.5,4594,0.6667392250761863,0.7719409753370812,-0.2186235157021279,-0.21172873336908696,-0.2356521699536716,-0.2428874910087401,-0.19484743045138872,1.0,75.46330234179136,primary,15m
RSI_only,atr,0.75,4408,0.573049001814882,0.6623163739388315,-0.21665855523957722,-0.2071088011363698,-0.24043842590829245,-0.24489936072153898,-0.18951531536680905,1.0,72.40797490696916,primary,15m
RSI_only,atr,1.0,4225,0.5027218934911243,0.5797798806038373,-0.2135353102831459,-0.20507416150114094,-0.23464269219094322,-0.2457597938133233,-0.18041229834846584,1.0,69.40192694690215,primary,15m
RSI_only,atr,2.0,3558,0.3246205733558179,0.38707761713506383,-0.24127048165966228,-0.22840117999203494,-0.27281337721164517,-0.28790516987528436,-0.19569904885387784,1.0,58.4454570596634,primary,15m
RSI_only,spec,0.25,2195,0.7945330296127563,0.867954144730089,-0.10588544914264611,-0.10284626679017547,-0.11618827731752163,-0.12716515195020597,-0.08540087663638152,1.0,36.096527273648135,primary,15m
RSI_only,spec,0.5,2093,0.6774964166268514,0.7246385193404193,-0.08486097521852587,-0.08845858821788895,-0.07260636925437956,-0.11444978923281457,-0.05667271361025506,1.0,34.41914878530549,primary,15m
RSI_only,spec,0.75,1988,0.5824949698189135,0.6224629328690024,-0.08436152509489327,-0.09048660865089883,-0.06395792431682679,-0.11858417211960309,-0.04769224937170598,1.0,32.692435635541,primary,15m
RSI_only,spec,1.0,1897,0.5144965735371639,0.5455869447869403,-0.07656305493917834,-0.08753965132953402,-0.039450498090493134,-0.12036671599001328,-0.033392634343865905,0.999,31.19595090574511,primary,15m
RSI_only,spec,2.0,1572,0.31615776081424934,0.3668398181240961,-0.16603765452811464,-0.17061099250626194,-0.14983270550728084,-0.23341043168852688,-0.09972728599980438,1.0,25.8513625850455,primary,15m
WT+MFI,atr,0.25,367,0.8092643051771117,0.9109532167916218,-0.1680410598276943,-0.15026484678499696,-0.20204159429825025,-0.22192096375492149,-0.11693249528884203,1.0,6.054660870547056,primary,15m
WT+MFI,atr,0.5,359,0.6908077994428969,0.7604343460481459,-0.14562169299520047,-0.12980758424325445,-0.17596421060056033,-0.21456673216269495,-0.0862953658832462,1.0,5.922679162197256,primary,15m
WT+MFI,atr,0.75,352,0.6079545454545454,0.6531316855855736,-0.12090040336305537,-0.0810739020422059,-0.19888002359631526,-0.2114378884396286,-0.046054051658252784,0.9985,5.807195167391181,primary,15m
WT+MFI,atr,1.0,349,0.5272206303724928,0.5720869020349079,-0.13202111473713868,-0.10305576209851094,-0.18945668578125524,-0.2422163227281132,-0.029776749216544128,0.99375,5.757702026760007,primary,15m
WT+MFI,atr,2.0,343,0.33819241982507287,0.3840047863617917,-0.1798356446118524,-0.14045274270253247,-0.2569039095550907,-0.33865300392873715,-0.03111061264394774,0.9915,5.658715745497656,primary,15m
WT+MFI,spec,0.25,207,0.8067632850241546,0.8693159059757047,-0.09055473396035475,-0.08758434347992129,-0.09856417972009493,-0.15047970455579082,-0.035159821507530886,0.999,3.426109868201204,primary,15m
WT+MFI,spec,0.5,204,0.696078431372549,0.7264111902622744,-0.05805677448706006,-0.046713833823478386,-0.08803454624081164,-0.15981058988314828,0.03319203736879133,0.89575,3.3764561019953896,primary,15m
WT+MFI,spec,0.75,201,0.5970149253731343,0.624497056290606,-0.06109878534141516,-0.05379848041631942,-0.08000136059389525,-0.1828785350783735,0.04720942954244416,0.87325,3.326802335789575,primary,15m
WT+MFI,spec,1.0,201,0.5124378109452736,0.5479562297364015,-0.08415910266607668,-0.11361683222843222,-0.00788462433497764,-0.2275590597462629,0.03199721970735555,0.91675,3.326802335789575,primary,15m
WT+MFI,spec,2.0,200,0.325,0.3679773001889266,-0.14353306191052273,-0.14238995045126754,-0.14654671939401373,-0.3530624997294838,0.025251652154639554,0.9535,3.310251080387637,primary,15m
WT+RSI,atr,0.25,846,0.7943262411347518,0.9085317920962005,-0.18469600280320048,-0.16265478079873646,-0.23249325950951005,-0.2197858118943466,-0.14735664113656768,1.0,13.933231360569904,primary,15m
WT+RSI,atr,0.5,827,0.6723095525997581,0.7580634749856588,-0.1705465598974307,-0.16115253665095206,-0.1912643863596258,-0.2157691274211002,-0.12020619459384721,1.0,13.620310088878618,primary,15m
WT+RSI,atr,0.75,813,0.5682656826568265,0.6510138955363517,-0.18708265376976135,-0.17030992658303978,-0.22507389125293786,-0.24220899083376182,-0.1269827346747835,1.0,13.389736520263986,primary,15m
WT+RSI,atr,1.0,799,0.4956195244055069,0.5703966444136496,-0.19226922775646796,-0.17736333930757434,-0.22617401500702516,-0.2594298365249648,-0.12090321343551343,1.0,13.159162951649355,primary,15m
WT+RSI,atr,2.0,776,0.3079896907216495,0.38243169336944643,-0.2646906258978244,-0.25418360356808556,-0.2885863433481587,-0.3563690669738243,-0.16884297262376935,1.0,12.780363517496745,primary,15m
WT+RSI,spec,0.25,481,0.7817047817047817,0.8669655229737048,-0.12028471720742578,-0.1218763708368574,-0.11458508135346117,-0.15856182908667243,-0.0753583641999897,1.0,7.931817843236837,primary,15m
WT+RSI,spec,0.5,473,0.6575052854122622,0.7239439740620647,-0.11342975041791376,-0.10307107420695363,-0.15110689624405307,-0.17172151987142262,-0.04868889168158394,0.99975,7.800291871942032,primary,15m
WT+RSI,spec,0.75,464,0.5495689655172413,0.6225506351513674,-0.14151396506198113,-0.1419584893790942,-0.1398750622766655,-0.21614588147990657,-0.06344270476436065,1.0,7.65187194203193,primary,15m
WT+RSI,spec,1.0,463,0.47516198704103674,0.5456476374435368,-0.15500411302333147,-0.16584838805020502,-0.11461472134160869,-0.24425693755896927,-0.060749879732133576,0.999,7.635380838708585,primary,15m
WT+RSI,spec,2.0,454,0.2775330396475771,0.36669610031366034,-0.2826146770214516,-0.29019605308547586,-0.2543424621160283,-0.39585657638866584,-0.15901906290346227,1.0,7.486960908798483,primary,15m
WT_only,atr,0.25,1008,0.7916666666666666,0.9089392342088157,-0.1875977328090957,-0.17603698225577608,-0.2130313840263989,-0.21741669315832524,-0.15257983241011086,1.0,16.601296940253505,primary,15m
WT_only,atr,0.5,994,0.6680080482897385,0.7585740346254927,-0.17694734357708375,-0.16692188613925452,-0.19886196528413355,-0.2180726773925027,-0.13242913537328335,1.0,16.37072337163887,primary,15m
WT_only,atr,0.75,983,0.5615462868769074,0.6515111224677684,-0.19869198410898214,-0.2054395136937479,-0.18397407168136998,-0.24686572861307268,-0.14889175480136832,1.0,16.18955842487023,primary,15m
WT_only,atr,1.0,975,0.49435897435897436,0.570878944166567,-0.19448474474557956,-0.19748427948598685,-0.18795806980554025,-0.25116851212013697,-0.13627874086996536,1.0,16.057802099947587,primary,15m
WT_only,atr,2.0,961,0.29968782518210196,0.38297649155238617,-0.291257848608775,-0.3341981424060137,-0.19890101998258297,-0.3732679767361563,-0.20531258498772453,1.0,15.827228531332953,primary,15m
WT_only,spec,0.25,556,0.7787769784172662,0.8677557616772574,-0.12451092471931328,-0.13059235566555602,-0.10417613999281417,-0.161561372617278,-0.08284983872108187,1.0,9.16905344777964,primary,15m
WT_only,spec,0.5,551,0.6533575317604355,0.725001526136268,-0.12080250631412837,-0.12354553140658625,-0.11164469025741866,-0.17225080242887184,-0.06520603138177825,1.0,9.086597931162917,primary,15m
WT_only,spec,0.75,546,0.532967032967033,0.6231164082971629,-0.17090482817234257,-0.1798507079548816,-0.14077510506475105,-0.23597134302846676,-0.10046251695128285,1.0,9.004142414546193,primary,15m
WT_only,spec,1.0,545,0.45871559633027525,0.5462290243393287,-0.1882776888572828,-0.209067341788145,-0.11842445500958564,-0.2656445004607894,-0.10650332242395653,1.0,8.987651311222848,primary,15m
WT_only,spec,2.0,538,0.27137546468401486,0.3670063786269755,-0.30057713109480666,-0.3462515938118969,-0.14647223656153474,-0.4052588406383729,-0.1901024443612263,1.0,8.872213587959436,primary,15m
DIAG_any_two,atr,0.25,4893,0.7884733292458614,0.9209123278745933,-0.21907062765289093,-0.2056353962980866,-0.2515101953344142,-0.23763323073185091,-0.20164546524812238,1.0,80.4051055215345,secondary,15m
DIAG_any_two,atr,0.5,4745,0.6632244467860906,0.7684377273283993,-0.21096480471261692,-0.19917535601858877,-0.23953678029937062,-0.23375034394185457,-0.1888678359018486,1.0,77.97306881252426,secondary,15m
DIAG_any_two,atr,0.75,4554,0.5711462450592886,0.6591874749847133,-0.20646136095069761,-0.20035798891126566,-0.2214146224473058,-0.23177510932401624,-0.180474577545143,1.0,74.83442684346375,secondary,15m
DIAG_any_two,atr,1.0,4394,0.4970414201183432,0.5774378571210628,-0.21313064296225595,-0.19943432589698068,-0.2466355942772313,-0.2431431080590746,-0.18324467533055608,1.0,72.20519796885807,secondary,15m
DIAG_any_two,atr,2.0,3770,0.31724137931034485,0.38562419761527855,-0.25343165212262053,-0.24857578617111412,-0.26520304742195816,-0.29488652862703935,-0.21118396522971591,1.0,61.95120535789599,secondary,15m
DIAG_any_two,spec,0.25,2280,0.7855263157894737,0.8692977328919295,-0.1181970050076172,-0.11611872340304115,-0.12486131022671909,-0.13892572127538302,-0.09785512939650949,1.0,37.49898523725637,secondary,15m
DIAG_any_two,spec,0.5,2186,0.6660567246111619,0.7257058603061403,-0.10301018498829516,-0.10871462182399375,-0.08468784162584904,-0.1326374251655275,-0.07364738728439423,1.0,35.952974442387024,secondary,15m
DIAG_any_two,spec,0.75,2099,0.5636017151024297,0.6235450802785271,-0.11858017705496443,-0.11801638917738627,-0.12040225763512122,-0.15578975771434878,-0.08092736189438786,1.0,34.5220921109654,secondary,15m
DIAG_any_two,spec,1.0,2016,0.48561507936507936,0.5466736119011669,-0.13588357444439167,-0.13772948683314912,-0.12996046934727218,-0.17719540205687637,-0.09514536913613361,1.0,33.15699747294247,secondary,15m
DIAG_any_two,spec,2.0,1694,0.3006497341996456,0.36720213234554744,-0.21217961499506102,-0.21822813473965466,-0.19154534190803596,-0.27539761511505106,-0.14683049893678718,1.0,27.861088154347495,secondary,15m
MFI+RSI,atr,0.25,1724,0.7801624129930395,0.9224771934836464,-0.23208435222033796,-0.215440131807113,-0.27051620856795733,-0.262206001381899,-0.2037636420223722,1.0,28.35449585483771,secondary,15m
MFI+RSI,atr,0.5,1698,0.6595995288574794,0.7699441948988297,-0.22026653780235314,-0.2113342806303503,-0.24089952951545915,-0.25734497279101975,-0.1844663021319614,1.0,27.92687584774619,secondary,15m
MFI+RSI,atr,0.75,1652,0.562953995157385,0.6609575958305455,-0.2264172249234164,-0.21246896912073054,-0.25920835773338163,-0.2699104836751008,-0.18307184413513786,1.0,27.17031737366119,secondary,15m
MFI+RSI,atr,1.0,1617,0.4935064935064935,0.578997201488812,-0.2262157969602924,-0.2165769691923919,-0.24884608824145024,-0.27942490067381165,-0.17163041050824052,1.0,26.59467505642261,secondary,15m
MFI+RSI,atr,2.0,1523,0.31910702560735393,0.3876547361511453,-0.2604424951346214,-0.23735982496103514,-0.31378353512271334,-0.3346026978744216,-0.18904866283416422,1.0,25.048664261553267,secondary,15m
MFI+RSI,spec,0.25,860,0.8,0.8695709677493506,-0.10015917810795358,-0.0984383693320366,-0.10555325177092413,-0.13317385573886534,-0.06995815239534864,1.0,14.144354080719507,secondary,15m
MFI+RSI,spec,0.5,836,0.6734449760765551,0.7261693435858367,-0.09241519158339696,-0.09933139937719346,-0.07084888846283946,-0.1366644343596346,-0.05063580283501676,1.0,13.749627920327335,secondary,15m
MFI+RSI,spec,0.75,817,0.5752753977968176,0.6239315993708175,-0.09881337520203827,-0.10033176570115461,-0.09412914051226444,-0.16068845893713038,-0.038797249721284295,0.99925,13.437136376683531,secondary,15m
MFI+RSI,spec,1.0,800,0.50375,0.5469147662367121,-0.10004326805407296,-0.11136049782176212,-0.06493083723637072,-0.17267390027320592,-0.026481305002365535,0.996,13.157538679739076,secondary,15m
MFI+RSI,spec,2.0,745,0.3208053691275168,0.3677317074206164,-0.1542232980551261,-0.17708746691250524,-0.0855078658439706,-0.2542975936497155,-0.05523994800603445,0.998,12.252957895507015,secondary,15m
MFI_only,atr,0.25,3124,0.7874519846350833,0.9244656318365889,-0.2252822679890187,-0.20724231831602113,-0.26930928172840485,-0.24846126307253114,-0.20357189201392686,1.0,51.361398881524906,secondary,15m
MFI_only,atr,0.5,3063,0.6594841658504734,0.7715099411397542,-0.22136749193869582,-0.2034177095154134,-0.2652626854012561,-0.2503002521286078,-0.1947407264235576,1.0,50.35850344881907,secondary,15m
MFI_only,atr,0.75,2976,0.5698924731182796,0.6619790363783427,-0.2137983290124471,-0.19443144307806248,-0.26207915732774395,-0.24707362180594247,-0.1810283860474357,1.0,48.928144389058296,secondary,15m
MFI_only,atr,1.0,2905,0.49672977624784853,0.5798107361683049,-0.2193058830271752,-0.19899964253874017,-0.26973061210577126,-0.2558205734327125,-0.18165811874583448,1.0,47.76083986902364,secondary,15m
MFI_only,atr,2.0,2622,0.32799389778794813,0.3875481401646486,-0.22990377575189397,-0.19543681718815453,-0.3159333043269876,-0.2825214348328051,-0.17878539091826554,1.0,43.108062697617896,secondary,15m
MFI_only,spec,0.25,1431,0.7861635220125787,0.8704388748882824,-0.1186261390094756,-0.10883132988291055,-0.14865056812187255,-0.1484363727206637,-0.09267397591718572,1.0,23.535547313383272,secondary,15m
MFI_only,spec,0.5,1392,0.6688218390804598,0.7267438603026367,-0.1002701584050931,-0.10323207464027871,-0.09131592608716207,-0.13952030781297073,-0.06407410888546326,1.0,22.894117302745993,secondary,15m
MFI_only,spec,0.75,1361,0.5738427626745041,0.6244394178572115,-0.10220898523170752,-0.09621374097903013,-0.12035435467102402,-0.15098475936972872,-0.05480546915683777,1.0,22.384262678906104,secondary,15m
MFI_only,spec,1.0,1322,0.4939485627836611,0.5473433695214303,-0.12049037439043381,-0.12449782928324289,-0.10849222394096622,-0.17645216035930034,-0.066967276098328,1.0,21.742832668268825,secondary,15m
MFI_only,spec,2.0,1182,0.3197969543147208,0.3677416654551761,-0.15712819281654833,-0.17778631503574435,-0.09529340806584671,-0.24036844469649846,-0.07677643616751915,1.0,19.440263399314485,secondary,15m
RSI_only,atr,0.25,4777,0.7994557253506385,0.9252822205789425,-0.21748857746675548,-0.20256408027520817,-0.25467981352376173,-0.23653877739812543,-0.19937307902713175,1.0,78.46935030185837,secondary,15m
RSI_only,atr,0.5,4594,0.6667392250761863,0.7719409753370812,-0.2186235157021279,-0.21172873336908696,-0.2356521699536716,-0.24307789447016132,-0.19551520316487708,1.0,75.46330234179136,secondary,15m
RSI_only,atr,0.75,4408,0.573049001814882,0.6623163739388315,-0.21665855523957722,-0.2071088011363698,-0.24043842590829245,-0.2444649532743226,-0.18871286806040266,1.0,72.40797490696916,secondary,15m
RSI_only,atr,1.0,4225,0.5027218934911243,0.5797798806038373,-0.2135353102831459,-0.20507416150114094,-0.23464269219094322,-0.2448855571198623,-0.17922735960236647,1.0,69.40192694690215,secondary,15m
RSI_only,atr,2.0,3558,0.3246205733558179,0.38707761713506383,-0.24127048165966228,-0.22840117999203494,-0.27281337721164517,-0.28714777112797957,-0.19299116145038173,1.0,58.4454570596634,secondary,15m
RSI_only,spec,0.25,2195,0.7945330296127563,0.867954144730089,-0.10588544914264611,-0.10284626679017547,-0.11618827731752163,-0.12672140126261747,-0.08607630429717254,1.0,36.096527273648135,secondary,15m
RSI_only,spec,0.5,2093,0.6774964166268514,0.7246385193404193,-0.08486097521852587,-0.08845858821788895,-0.07260636925437956,-0.11251683773816114,-0.057871796789585,1.0,34.41914878530549,secondary,15m
RSI_only,spec,0.75,1988,0.5824949698189135,0.6224629328690024,-0.08436152509489327,-0.09048660865089883,-0.06395792431682679,-0.12016441784375359,-0.04787036693366669,1.0,32.692435635541,secondary,15m
RSI_only,spec,1.0,1897,0.5144965735371639,0.5455869447869403,-0.07656305493917834,-0.08753965132953402,-0.039450498090493134,-0.1220279830879448,-0.03225179252262823,0.99975,31.19595090574511,secondary,15m
RSI_only,spec,2.0,1572,0.31615776081424934,0.3668398181240961,-0.16603765452811464,-0.17061099250626194,-0.14983270550728084,-0.23351183989708316,-0.10060894129538664,1.0,25.8513625850455,secondary,15m
WT+MFI,atr,0.25,908,0.802863436123348,0.9146714860166313,-0.18695918524282218,-0.17817858282558097,-0.20557647627869105,-0.22070143824628208,-0.15347596237160394,1.0,14.961594613948924,secondary,15m
WT+MFI,atr,0.5,889,0.6782902137232846,0.7633288778796392,-0.17495502182564793,-0.17706128595998652,-0.17051419219975222,-0.22310995782333906,-0.12640073458989481,1.0,14.648521598899332,secondary,15m
WT+MFI,atr,0.75,875,0.5862857142857143,0.6555925159440481,-0.16883139854675452,-0.15156566542910324,-0.20571447000955087,-0.22713524317761635,-0.1104238698167639,1.0,14.417836219389107,secondary,15m
WT+MFI,atr,1.0,859,0.5168800931315483,0.5743498386920235,-0.16306877253942842,-0.1440543001765173,-0.20366536499308904,-0.22846601937655817,-0.10171434472298424,1.0,14.154195785663134,secondary,15m
WT+MFI,atr,2.0,838,0.33890214797136037,0.3851335795758814,-0.186140730118565,-0.17136850942640328,-0.21721710550059412,-0.2858055970917999,-0.08579493216733287,1.0,13.808167716397795,secondary,15m
WT+MFI,spec,0.25,494,0.805668016194332,0.8719654009155505,-0.09591359539779859,-0.08531383390854572,-0.12654440222107255,-0.13429323367537158,-0.05946054844126844,1.0,8.139898391289393,secondary,15m
WT+MFI,spec,0.5,485,0.6762886597938145,0.7280552702950205,-0.09074704300088994,-0.08599232015074457,-0.10444064480930865,-0.15263530604741168,-0.02342596152785316,0.99825,7.991600647318533,secondary,15m
WT+MFI,spec,0.75,477,0.5870020964360587,0.6255392090778578,-0.08122087205756483,-0.06414801698684167,-0.12982343528309126,-0.16371045754674457,0.005034275660832759,0.9675,7.859780430455547,secondary,15m
WT+MFI,spec,1.0,475,0.5052631578947369,0.5486585655036754,-0.10073544801194442,-0.11648145330100763,-0.0561640943308058,-0.19213432206031983,-0.007017050734266939,0.98025,7.826825376239801,secondary,15m
WT+MFI,spec,2.0,463,0.35205183585313177,0.36907320040173025,-0.064597025022268,-0.06692929314614135,-0.05793062530153003,-0.1907014480853352,0.06576902368485864,0.83275,7.629095050945321,secondary,15m
WT+RSI,atr,0.25,1802,0.7941176470588235,0.9130754811774973,-0.1963341232139169,-0.1829925413693276,-0.22584731941558422,-0.2211777048351611,-0.17141113364312102,1.0,29.677443148835923,secondary,15m
WT+RSI,atr,0.5,1756,0.673120728929385,0.7619838265972216,-0.181027001860944,-0.17642745935303064,-0.19135684316799526,-0.2131544185364225,-0.14956321499101283,1.0,28.919861359242997,secondary,15m
WT+RSI,atr,0.75,1726,0.5718424101969872,0.6544869841591778,-0.1925253093783403,-0.18540386353700442,-0.20881646453156766,-0.23118301392475127,-0.15212275086099528,1.0,28.425786279073698,secondary,15m
WT+RSI,atr,1.0,1685,0.5026706231454006,0.5734443775697863,-0.1898107526663095,-0.17256210573041347,-0.22955028237156022,-0.2365662711494084,-0.14174250674878444,1.0,27.750550336175657,secondary,15m
WT+RSI,atr,2.0,1600,0.31875,0.38402314690166256,-0.24119743013585274,-0.25347651185559056,-0.2125462394564647,-0.3048562694093509,-0.17085719115590023,1.0,26.35067094236264,secondary,15m
WT+RSI,spec,0.25,943,0.7857900318133616,0.8680795201019424,-0.11690426904455983,-0.11749441098698382,-0.11489392569863889,-0.14717876145892114,-0.08498682465456876,1.0,15.548565818428031,secondary,15m
WT+RSI,spec,0.5,924,0.6699134199134199,0.72474725024026,-0.09637829833110684,-0.09849868219463376,-0.08903378031106432,-0.1382695032215553,-0.04959335008835348,1.0,15.23777947077048,secondary,15m
WT+RSI,spec,0.75,898,0.5634743875278396,0.6230161269656624,-0.11840062614473056,-0.11709350111527313,-0.12293329353543628,-0.1684968011966449,-0.06207574773839463,1.0,14.809010784363519,secondary,15m
WT+RSI,spec,1.0,890,0.4887640449438202,0.5462813203265368,-0.1293503282479459,-0.14113608973814268,-0.08815968708018747,-0.18883334546275557,-0.06509152700254499,1.0,14.677081957776762,secondary,15m
WT+RSI,spec,2.0,843,0.30604982206405695,0.36702769836567334,-0.19705653506998944,-0.22781013319581306,-0.08691185482587116,-0.2763507014452122,-0.10739054818133094,1.0,13.902000101579562,secondary,15m
WT_only,atr,0.25,2396,0.7904841402337228,0.915484160830314,-0.20668244736470515,-0.19716103859126363,-0.2290231830342327,-0.22711752455995837,-0.18492839821911755,1.0,39.38178210248046,secondary,15m
WT_only,atr,0.5,2348,0.6724872231686542,0.7640835078157359,-0.18795004009630725,-0.18189316257446556,-0.202151778559201,-0.2161182147003896,-0.16068911625753227,1.0,38.59283154283143,secondary,15m
WT_only,atr,0.75,2316,0.5738341968911918,0.6559948780368808,-0.19426535344797585,-0.1920174580770861,-0.1995299049443021,-0.2284479593286913,-0.15706918601623981,1.0,38.06686450306542,secondary,15m
WT_only,atr,1.0,2279,0.5015357612988153,0.5748856370235202,-0.19735228634623617,-0.18249748363020024,-0.23235623972717503,-0.2391283212911446,-0.15390692801693295,1.0,37.458715113335955,secondary,15m
WT_only,atr,2.0,2150,0.3167441860465116,0.38493373006581616,-0.25252294575882855,-0.27721153596782877,-0.19466026232964767,-0.3097372801999099,-0.19267236138462765,1.0,35.33841048427921,secondary,15m
WT_only,spec,0.25,1207,0.7845898922949461,0.8692609024039794,-0.11948177540763591,-0.12160914682785375,-0.11233933706538848,-0.1456188249820885,-0.09140671759877805,1.0,19.873359289163346,secondary,15m
WT_only,spec,0.5,1184,0.6621621621621622,0.7259470470394386,-0.10944808627959825,-0.11261375581190201,-0.09883378255363853,-0.14641260347425117,-0.0704515744267706,1.0,19.4946623018802,secondary,15m
WT_only,spec,0.75,1160,0.5637931034482758,0.6237751074536043,-0.11877535632832291,-0.11732641739456144,-0.12369296725502844,-0.16393383288850508,-0.06817180368503231,1.0,19.09950022819344,secondary,15m
WT_only,spec,1.0,1144,0.49213286713286714,0.5470316909934502,-0.12353396770964774,-0.1318485892199195,-0.09540442443926471,-0.17549653994763917,-0.06686669653312156,1.0,18.8360588457356,secondary,15m
WT_only,spec,2.0,1047,0.3078393881453155,0.3678024461981883,-0.19159011316513808,-0.21133656172375934,-0.11985633322430585,-0.26372068338220545,-0.11310873247863375,1.0,17.23894546458494,secondary,15m
