ts,open,high,low,close,vol
1785456000000,0.6916,0.6933,0.6893,0.6927,2737191
1785459600000,0.6926,0.6966,0.6901,0.692,2401426
1785463200000,0.6919,0.6928,0.6853,0.6876,2518520
1785466800000,0.6877,0.6904,0.6848,0.6896,2249271
1785470400000,0.6895,0.6903,0.6872,0.688,1426247
1785474000000,0.688,0.6913,0.6871,0.69,1271899
1785477600000,0.69,0.691,0.687,0.6886,925269
1785481200000,0.6885,0.691,0.6833,0.6898,2298313
1785484800000,0.6897,0.6913,0.6887,0.6903,1550650
1785488400000,0.6903,0.6905,0.6861,0.6867,1465861
1785492000000,0.6867,0.6892,0.6823,0.6888,2671555
1785495600000,0.6888,0.6908,0.6867,0.6877,1351461
1785499200000,0.6877,0.6896,0.6855,0.6892,1169272
1785502800000,0.6892,0.6901,0.6827,0.6854,4165389
1785506400000,0.6854,0.6903,0.6776,0.6842,8236152
1785510000000,0.6842,0.686,0.6805,0.6829,2119606
1785513600000,0.6828,0.6859,0.6824,0.6839,1021842
1785517200000,0.6838,0.6856,0.6826,0.6835,1273628
1785520800000,0.6835,0.6853,0.681,0.6827,960389
1785524400000,0.6826,0.6833,0.6761,0.6788,1693905
1785528000000,0.6789,0.6819,0.6787,0.6801,995158
1785531600000,0.6801,0.6829,0.6788,0.6798,1128659
1785535200000,0.6797,0.6822,0.6787,0.6813,573742
1785538800000,0.6812,0.6834,0.6812,0.6816,556929
1785542400000,0.6816,0.6847,0.6816,0.6833,843433
1785546000000,0.6834,0.6859,0.6833,0.6856,1035664
1785549600000,0.6857,0.6863,0.6849,0.6853,684117
1785553200000,0.6853,0.6858,0.684,0.6858,929408
1785556800000,0.6858,0.6893,0.6858,0.6887,879109
1785560400000,0.6886,0.6897,0.6826,0.685,1122117
1785564000000,0.6851,0.6852,0.6833,0.6844,641686
1785567600000,0.6843,0.6856,0.6835,0.6843,769439
1785571200000,0.6844,0.6847,0.6832,0.6845,445913
1785574800000,0.6845,0.6849,0.6835,0.6837,648752
1785578400000,0.6838,0.6842,0.682,0.6828,1040826
1785582000000,0.6829,0.6845,0.6824,0.6844,636118
1785585600000,0.6844,0.6854,0.6842,0.6844,351118
1785589200000,0.6845,0.6857,0.6832,0.6842,761657
1785592800000,0.6841,0.6856,0.6834,0.6851,1094770
1785596400000,0.6851,0.6851,0.6823,0.6824,768017
1785600000000,0.6823,0.6845,0.6808,0.6821,841322
1785603600000,0.682,0.6829,0.6772,0.6795,3201015
1785607200000,0.6794,0.68,0.6623,0.6688,13882303
1785610800000,0.6687,0.672,0.6685,0.671,1594454
1785614400000,0.6709,0.6731,0.6704,0.6729,1198380
1785618000000,0.6729,0.6766,0.6728,0.6763,1947112
1785621600000,0.6764,0.6785,0.6753,0.6754,933201
1785625200000,0.6754,0.6765,0.6747,0.6754,1162477
1785628800000,0.6753,0.6777,0.6752,0.6775,1236740
1785632400000,0.6776,0.6836,0.6776,0.6825,2570080
1785636000000,0.6825,0.6902,0.6818,0.6885,4020968
1785639600000,0.6885,0.6905,0.6872,0.6893,1350527
1785643200000,0.6893,0.6924,0.6893,0.691,1547940
1785646800000,0.6911,0.6926,0.6889,0.6922,1393866
1785650400000,0.6922,0.6939,0.6902,0.6913,1241775
1785654000000,0.6914,0.692,0.6903,0.691,1034811
1785657600000,0.691,0.6914,0.6884,0.6892,989258
1785661200000,0.6892,0.6908,0.6865,0.6895,990190
1785664800000,0.6894,0.6896,0.6858,0.6869,828171
1785668400000,0.687,0.6876,0.6832,0.6845,1446938
1785672000000,0.6845,0.6877,0.6845,0.6873,756596
1785675600000,0.6872,0.6883,0.686,0.6871,562891
1785679200000,0.6871,0.6912,0.6861,0.6893,1334353
1785682800000,0.6894,0.6928,0.6883,0.6896,1645812
1785686400000,0.6897,0.692,0.6884,0.6899,767654
1785690000000,0.6898,0.6913,0.6893,0.6905,286029
1785693600000,0.6904,0.6949,0.6902,0.6916,1043473
1785697200000,0.6916,0.6929,0.6906,0.6923,683436
1785700800000,0.6923,0.6925,0.691,0.6914,314920
1785704400000,0.6914,0.6958,0.6907,0.6936,1527803
1785708000000,0.6937,0.6956,0.6895,0.6896,1175371
1785711600000,0.6895,0.6898,0.6872,0.6894,998082
1785715200000,0.6895,0.6899,0.6856,0.6873,796403
1785718800000,0.6872,0.6878,0.6844,0.6864,1436308
1785722400000,0.6864,0.6881,0.6855,0.687,701146
1785726000000,0.687,0.6883,0.6837,0.6858,1192867
1785729600000,0.6858,0.6889,0.6854,0.6862,909278
1785733200000,0.6862,0.6893,0.6861,0.6892,483715
1785736800000,0.6892,0.6896,0.6845,0.6853,836400
1785740400000,0.6853,0.6865,0.6832,0.6845,1028262
1785744000000,0.6844,0.6846,0.6785,0.6843,2718770
1785747600000,0.6843,0.6877,0.6839,0.6866,953589
1785751200000,0.6867,0.6874,0.6838,0.6856,765616
1785754800000,0.6856,0.6875,0.6838,0.6851,636371
1785758400000,0.6852,0.6873,0.6836,0.6867,631974
1785762000000,0.6867,0.6975,0.6862,0.6965,4340328
1785765600000,0.6965,0.6982,0.6927,0.6955,3888512
1785769200000,0.6954,0.6964,0.6925,0.6939,2447563
1785772800000,0.694,0.6955,0.692,0.6946,1291259
1785776400000,0.6947,0.697,0.6934,0.6939,865402
1785780000000,0.694,0.6963,0.6938,0.6939,532613
1785783600000,0.694,0.6958,0.693,0.6933,460718
1785787200000,0.6932,0.6948,0.6926,0.6946,583267
1785790800000,0.6947,0.6954,0.6928,0.6931,884401
1785794400000,0.6931,0.6931,0.6884,0.6903,1301745
1785798000000,0.6902,0.6911,0.6886,0.6909,738081
1785801600000,0.6909,0.6922,0.6874,0.689,1365838
1785805200000,0.6889,0.6958,0.6885,0.6955,806515
1785808800000,0.6956,0.6974,0.6938,0.6961,911278
1785812400000,0.6962,0.697,0.6932,0.6954,629761
1785816000000,0.6953,0.6989,0.695,0.6956,1482554
1785819600000,0.6957,0.6961,0.6936,0.6942,886088
1785823200000,0.6942,0.6952,0.6907,0.6909,1058168
1785826800000,0.6909,0.6937,0.6888,0.6927,966190
1785830400000,0.6926,0.6936,0.6905,0.6922,585328
1785834000000,0.6923,0.6926,0.69,0.6914,444047
1785837600000,0.6915,0.6942,0.6891,0.6925,732335
1785841200000,0.6925,0.6948,0.6909,0.694,840056
1785844800000,0.694,0.6955,0.6924,0.694,1273132
1785848400000,0.6939,0.696,0.6905,0.6907,2220127
1785852000000,0.6908,0.693,0.685,0.6913,4105704
1785855600000,0.6913,0.6942,0.688,0.693,2104806
1785859200000,0.693,0.6942,0.6916,0.6935,626530
1785862800000,0.6936,0.6963,0.6931,0.6936,969489
1785866400000,0.6935,0.6982,0.6935,0.6966,1104914
1785870000000,0.6967,0.7001,0.6966,0.6975,1307784
1785873600000,0.6976,0.6987,0.6938,0.6974,1381333
1785877200000,0.6974,0.6975,0.6942,0.6947,810906
1785880800000,0.6948,0.6958,0.6926,0.6956,749051
1785884400000,0.6956,0.6963,0.6923,0.6928,845410
1785888000000,0.6927,0.6931,0.689,0.6892,1387283
1785891600000,0.6892,0.6938,0.6878,0.6936,1166519
1785895200000,0.6936,0.6954,0.6926,0.6945,850734
1785898800000,0.6945,0.6955,0.6871,0.6886,3268843
1785902400000,0.6885,0.6905,0.6881,0.6896,630644
1785906000000,0.6895,0.6941,0.6892,0.6921,1295744
1785909600000,0.692,0.6931,0.6911,0.6924,395536
1785913200000,0.6925,0.6926,0.6895,0.6916,926951
1785916800000,0.6917,0.6935,0.6904,0.6911,866298
1785920400000,0.6911,0.6932,0.6909,0.6929,678427
1785924000000,0.6929,0.6935,0.6904,0.691,780115
1785927600000,0.6911,0.6919,0.6895,0.6903,799356
1785931200000,0.6904,0.6952,0.6901,0.6907,1845637
1785934800000,0.6906,0.6906,0.6825,0.6879,4903394
1785938400000,0.6879,0.6926,0.6871,0.691,2181850
1785942000000,0.691,0.6924,0.6866,0.6868,2559658
1785945600000,0.6867,0.6939,0.6865,0.6919,3713601
1785949200000,0.692,0.6956,0.6911,0.6937,1210149
1785952800000,0.6937,0.6949,0.6918,0.6923,985766
1785956400000,0.6923,0.6932,0.6914,0.6915,709386
1785960000000,0.6916,0.6954,0.69,0.6923,1279950
1785963600000,0.6924,0.6926,0.6887,0.6897,946013
1785967200000,0.6897,0.6912,0.6897,0.69,461002
1785970800000,0.6899,0.6908,0.6888,0.6899,610796
1785974400000,0.6899,0.6922,0.6897,0.6902,551402
1785978000000,0.6902,0.6907,0.6855,0.6857,1243430
1785981600000,0.6857,0.6878,0.6837,0.6846,1780292
1785985200000,0.6845,0.6847,0.6813,0.6838,2277047
1785988800000,0.6839,0.6861,0.6813,0.6859,2056029
1785992400000,0.686,0.6887,0.6857,0.688,966699
1785996000000,0.688,0.688,0.6845,0.6858,752282
1785999600000,0.6859,0.6871,0.6838,0.6854,1174946
1786003200000,0.6853,0.6879,0.6833,0.6864,1144165
1786006800000,0.6865,0.6865,0.6732,0.6774,7217162
1786010400000,0.6773,0.6773,0.6673,0.6736,8515908
1786014000000,0.6737,0.6771,0.6726,0.676,1711454
1786017600000,0.6759,0.677,0.6743,0.6745,1087083
1786021200000,0.6745,0.6758,0.6706,0.6747,2521593
1786024800000,0.6747,0.6763,0.6713,0.6756,1694327
1786028400000,0.6755,0.6778,0.6738,0.6739,1554064
1786032000000,0.6739,0.6797,0.6731,0.6796,1350038
1786035600000,0.6796,0.6811,0.6768,0.6788,1142953
1786039200000,0.6787,0.6791,0.6736,0.6751,1162427
1786042800000,0.6751,0.6768,0.6733,0.6739,665968
1786046400000,0.6739,0.6759,0.6736,0.6737,528769
1786050000000,0.6737,0.6762,0.6726,0.6756,972920
1786053600000,0.6756,0.6763,0.6727,0.6738,843249
1786057200000,0.6738,0.6738,0.6704,0.672,1101706
1786060800000,0.672,0.674,0.6708,0.6731,1891370
1786064400000,0.6731,0.6757,0.6729,0.6751,827571
1786068000000,0.6751,0.6785,0.6732,0.6759,1988235
1786071600000,0.6758,0.6775,0.673,0.6736,948026
1786075200000,0.6735,0.6753,0.6704,0.6719,1253988
1786078800000,0.6718,0.6737,0.669,0.6734,1520608
1786082400000,0.6733,0.6744,0.6715,0.6721,1113957
1786086000000,0.6721,0.6757,0.671,0.6733,837675
1786089600000,0.6733,0.6768,0.6724,0.6756,729051
1786093200000,0.6756,0.6764,0.6721,0.6749,3033935
1786096800000,0.6749,0.6756,0.6736,0.6737,569543
1786100400000,0.6736,0.6778,0.6736,0.6747,1710484
1786104000000,0.6747,0.6796,0.6716,0.6734,3840720
1786107600000,0.6735,0.6776,0.6702,0.672,3546938
1786111200000,0.6721,0.6726,0.6628,0.6673,7299789
1786114800000,0.6674,0.6737,0.6667,0.6723,3100617
1786118400000,0.6723,0.675,0.6698,0.6699,2062665
1786122000000,0.6698,0.6712,0.6652,0.6686,2787447
1786125600000,0.6685,0.6706,0.6684,0.6702,985841
1786129200000,0.6702,0.6738,0.6699,0.6735,1308893
1786132800000,0.6734,0.6736,0.6709,0.6713,909273
1786136400000,0.6714,0.6738,0.6714,0.6724,808496
1786140000000,0.6724,0.6731,0.67,0.6703,631955
1786143600000,0.6703,0.6726,0.6703,0.6718,407670
1786147200000,0.6717,0.6725,0.6704,0.6724,821006
1786150800000,0.6723,0.6802,0.6722,0.6774,2617842
1786154400000,0.6775,0.6782,0.6754,0.6755,1367504
1786158000000,0.6755,0.6799,0.6755,0.6793,1185708
1786161600000,0.6794,0.6824,0.6794,0.6806,1670139
1786165200000,0.6806,0.6849,0.6802,0.6829,1753615
1786168800000,0.683,0.6842,0.6809,0.6821,1240093
1786172400000,0.6822,0.6843,0.6815,0.6837,1098647
1786176000000,0.6837,0.6933,0.6832,0.6931,6503979
1786179600000,0.6932,0.6968,0.6915,0.6931,4272254
1786183200000,0.6931,0.6949,0.6907,0.6918,1966818
1786186800000,0.6918,0.6921,0.6883,0.6897,1835248
1786190400000,0.6898,0.6936,0.6887,0.6929,1173578
1786194000000,0.6929,0.6947,0.6915,0.6925,1224871
1786197600000,0.6926,0.7056,0.6924,0.7018,8116898
1786201200000,0.7018,0.7072,0.6997,0.7004,3628052
1786204800000,0.7004,0.7011,0.6975,0.699,1802771
1786208400000,0.6991,0.6991,0.6941,0.6943,1371376
1786212000000,0.6943,0.6957,0.6939,0.694,1115129
1786215600000,0.6941,0.6967,0.693,0.6959,1416763
1786219200000,0.6958,0.6988,0.6954,0.6985,811720
1786222800000,0.6985,0.6995,0.6952,0.6958,904171
1786226400000,0.6958,0.696,0.6894,0.6902,2406064
1786230000000,0.6903,0.6933,0.688,0.6921,1860740
1786233600000,0.692,0.693,0.6893,0.6909,1769849
1786237200000,0.6908,0.6919,0.6874,0.6896,1335777
1786240800000,0.6896,0.6898,0.6882,0.6888,917046
1786244400000,0.6888,0.6908,0.6881,0.6899,1508116
1786248000000,0.6898,0.6933,0.6891,0.6919,1629231
1786251600000,0.6919,0.6925,0.6899,0.6914,606258
1786255200000,0.6914,0.6946,0.6912,0.6938,1085916
1786258800000,0.6937,0.6943,0.6915,0.6924,878802
1786262400000,0.6925,0.6949,0.6914,0.6926,1714234
1786266000000,0.6925,0.6933,0.6911,0.6929,968736
1786269600000,0.6929,0.6936,0.6913,0.6913,590471
1786273200000,0.6913,0.6931,0.6906,0.6925,1530601
1786276800000,0.6925,0.6925,0.6902,0.6912,1073065
1786280400000,0.6912,0.6967,0.6911,0.6958,1888117
1786284000000,0.6958,0.6992,0.695,0.6985,1481706
1786287600000,0.6986,0.7018,0.6982,0.7009,3908416
1786291200000,0.701,0.7049,0.7006,0.7024,2909179
1786294800000,0.7024,0.7037,0.6986,0.6987,1911481
1786298400000,0.6988,0.7007,0.6982,0.6989,1326510
1786302000000,0.6988,0.6996,0.6973,0.6976,1182662
1786305600000,0.6976,0.6999,0.6958,0.6998,1096642
1786309200000,0.6998,0.7029,0.6982,0.7012,1797382
1786312800000,0.7012,0.7054,0.692,0.694,3978386
1786316400000,0.6939,0.6944,0.6828,0.6859,6654221
1786320000000,0.6859,0.6914,0.6845,0.6893,2878968
1786323600000,0.6893,0.6969,0.6879,0.6944,2124838
1786327200000,0.6945,0.6948,0.6879,0.6931,2536052
1786330800000,0.6931,0.6935,0.6874,0.6885,1701214
1786334400000,0.6885,0.6914,0.6868,0.6888,2078624
1786338000000,0.6887,0.6955,0.6886,0.6944,2317461
1786341600000,0.6943,0.6967,0.6942,0.6959,1992419
1786345200000,0.6959,0.6978,0.6941,0.6948,2013684
1786348800000,0.6948,0.6966,0.6924,0.6954,1145267
1786352400000,0.6954,0.6954,0.6908,0.6922,1350702
1786356000000,0.6922,0.6934,0.6911,0.6929,850656
1786359600000,0.693,0.6963,0.6921,0.6958,814669
1786363200000,0.6957,0.6977,0.6915,0.6924,2039033
1786366800000,0.6924,0.695,0.6911,0.6936,7388694
1786370400000,0.6936,0.6966,0.6899,0.6903,2730794
1786374000000,0.6902,0.6918,0.6867,0.6908,4161139
1786377600000,0.6907,0.6929,0.6858,0.6871,2779858
1786381200000,0.6872,0.6911,0.6842,0.6884,2311868
1786384800000,0.6884,0.6903,0.6877,0.6895,1295929
1786388400000,0.6894,0.6969,0.6893,0.6922,1828770
1786392000000,0.6922,0.6936,0.6898,0.6904,1012918
1786395600000,0.6904,0.6908,0.6849,0.6851,1251929
1786399200000,0.685,0.6859,0.6802,0.6843,2642603
1786402800000,0.6842,0.6855,0.6833,0.684,1013233
1786406400000,0.6839,0.6862,0.6827,0.6858,1608605
1786410000000,0.6857,0.689,0.6843,0.6887,1098639
1786413600000,0.6886,0.6899,0.6875,0.6881,786921
1786417200000,0.688,0.6894,0.687,0.6872,721110
1786420800000,0.6871,0.6874,0.6863,0.6873,711954
1786424400000,0.6873,0.6895,0.6865,0.6866,857002
1786428000000,0.6865,0.6904,0.6853,0.6869,2041925
1786431600000,0.687,0.6884,0.6838,0.6871,1186072
1786435200000,0.6872,0.6908,0.6867,0.6898,962930
1786438800000,0.6899,0.6932,0.6887,0.6915,2651512
1786442400000,0.6915,0.6917,0.6875,0.6897,1201939
1786446000000,0.6897,0.6933,0.6896,0.6919,1201085
1786449600000,0.692,0.6925,0.6871,0.6885,1355362
1786453200000,0.6885,0.6907,0.6859,0.6865,1373203
1786456800000,0.6865,0.6878,0.6743,0.6759,8516040
1786460400000,0.676,0.678,0.6717,0.6762,5995840
1786464000000,0.6761,0.6803,0.6747,0.6784,2203078
1786467600000,0.6783,0.6803,0.6776,0.6791,769051
1786471200000,0.679,0.6801,0.6767,0.6794,1072645
1786474800000,0.6794,0.6833,0.6779,0.683,911275
1786478400000,0.6831,0.6889,0.6828,0.6872,2658145
1786482000000,0.6872,0.6916,0.6865,0.6911,2619465
1786485600000,0.6911,0.6952,0.6901,0.6922,2245281
1786489200000,0.6923,0.6933,0.69,0.6928,920427
1786492800000,0.6928,0.6937,0.6916,0.6928,1310668
1786496400000,0.6927,0.6988,0.6922,0.6977,2620231
1786500000000,0.6978,0.6996,0.6941,0.6942,1975500
1786503600000,0.6943,0.6951,0.6921,0.6929,920665
1786507200000,0.6929,0.6934,0.6905,0.6919,1188584
1786510800000,0.6918,0.6927,0.6906,0.6917,738629
1786514400000,0.6916,0.6919,0.6876,0.6888,2371262
1786518000000,0.6887,0.6909,0.6879,0.6909,846050
1786521600000,0.6909,0.6913,0.6862,0.6867,2035869
1786525200000,0.6866,0.6925,0.6856,0.6908,1284741
1786528800000,0.6908,0.6929,0.6886,0.6897,1882048
1786532400000,0.6897,0.6928,0.6894,0.6922,1392587
1786536000000,0.6923,0.6973,0.6842,0.6917,8103711
1786539600000,0.6918,0.6924,0.6893,0.69,2352835
1786543200000,0.69,0.69,0.6826,0.683,3950686
1786546800000,0.683,0.6871,0.6824,0.6849,1812214
1786550400000,0.6849,0.6851,0.6828,0.6833,2175426
1786554000000,0.6833,0.6857,0.6819,0.6846,1119056
1786557600000,0.6846,0.6874,0.6843,0.686,498425
1786561200000,0.686,0.687,0.6841,0.6848,864166
1786564800000,0.6848,0.6882,0.6847,0.6878,805905
1786568400000,0.6878,0.6889,0.6762,0.6776,2809622
1786572000000,0.6775,0.6812,0.6725,0.6799,2311081
1786575600000,0.6798,0.6817,0.6776,0.6809,1261674
1786579200000,0.6809,0.6849,0.6805,0.683,1102108
1786582800000,0.6829,0.6841,0.6805,0.6826,2048414
1786586400000,0.6827,0.6882,0.6826,0.6876,1616425
1786590000000,0.6877,0.6905,0.6872,0.6889,2960717
1786593600000,0.689,0.69,0.6875,0.688,1130230
1786597200000,0.6879,0.6923,0.6865,0.6907,2372934
1786600800000,0.6907,0.6916,0.6893,0.6911,1248071
1786604400000,0.6911,0.6915,0.6894,0.6896,1037676
1786608000000,0.6897,0.6905,0.6884,0.689,952374
1786611600000,0.689,0.6913,0.6863,0.6909,1023335
1786615200000,0.6908,0.6909,0.6873,0.6879,642373
1786618800000,0.6878,0.6881,0.6852,0.6856,980751
1786622400000,0.6856,0.6906,0.6848,0.6902,1852681
1786626000000,0.6903,0.6922,0.6893,0.6908,1665644
1786629600000,0.6908,0.6942,0.6903,0.6939,2084431
1786633200000,0.694,0.6946,0.6847,0.685,1995406
1786636800000,0.6851,0.6863,0.6797,0.6835,4214227
1786640400000,0.6835,0.6861,0.6827,0.6846,5648800
1786644000000,0.6845,0.6872,0.6833,0.6864,914127
1786647600000,0.6863,0.6881,0.6859,0.686,585427
1786651200000,0.686,0.6867,0.6844,0.686,498005
1786654800000,0.686,0.6878,0.6859,0.6872,311920
1786658400000,0.6872,0.6903,0.6869,0.6885,895040
1786662000000,0.6886,0.6896,0.6873,0.6891,628036
1786665600000,0.6892,0.6906,0.6884,0.6887,926805
1786669200000,0.6887,0.6889,0.6868,0.6872,812732
1786672800000,0.6872,0.6878,0.6843,0.6856,1285537
1786676400000,0.6856,0.6861,0.6829,0.6829,930930
1786680000000,0.6829,0.6849,0.6826,0.6835,796352
1786683600000,0.6836,0.6847,0.6824,0.6841,644168
1786687200000,0.6841,0.6842,0.6781,0.6781,2438503
1786690800000,0.6781,0.6797,0.6771,0.6787,2810821
1786694400000,0.6787,0.681,0.6785,0.6807,1367299
1786698000000,0.6806,0.6807,0.6763,0.677,1615401
1786701600000,0.677,0.6781,0.6755,0.6758,1953343
1786705200000,0.6758,0.6773,0.6736,0.6746,1788396
1786708800000,0.6745,0.6775,0.6732,0.6763,2471565
1786712400000,0.6763,0.6782,0.6751,0.6772,1413165
1786716000000,0.6772,0.6775,0.6717,0.6728,1998451
1786719600000,0.6728,0.679,0.6711,0.6767,2902045
1786723200000,0.6766,0.6801,0.6762,0.6784,6769495
1786726800000,0.6784,0.681,0.6768,0.6781,5174096
1786730400000,0.678,0.6798,0.6765,0.6772,1087116
1786734000000,0.6772,0.6794,0.6751,0.6788,754831
1786737600000,0.6787,0.6796,0.678,0.678,245931
1786741200000,0.6779,0.6785,0.6753,0.676,640971
1786744800000,0.676,0.6779,0.6749,0.6777,586735
1786748400000,0.6777,0.6825,0.6777,0.6825,1895862
1786752000000,0.6825,0.6844,0.6819,0.6828,1714604
1786755600000,0.6828,0.6833,0.6808,0.6811,1131266
1786759200000,0.6811,0.6872,0.681,0.6852,1962949
1786762800000,0.6853,0.6886,0.6845,0.6853,1277024
1786766400000,0.6853,0.686,0.6842,0.6856,719712
1786770000000,0.6855,0.6875,0.6835,0.6859,2226934
1786773600000,0.6859,0.6866,0.6845,0.6846,601825
1786777200000,0.6846,0.6847,0.6816,0.6821,1219275
1786780800000,0.6822,0.6826,0.681,0.6811,618963
1786784400000,0.6812,0.6837,0.6805,0.6834,779619
1786788000000,0.6834,0.6842,0.6822,0.6827,407357
1786791600000,0.6827,0.683,0.6815,0.6815,338964
1786795200000,0.6815,0.6831,0.6811,0.6831,493469
1786798800000,0.6831,0.6839,0.6823,0.6828,788589
1786802400000,0.6827,0.6829,0.6815,0.6824,276314
1786806000000,0.6823,0.6835,0.6819,0.6833,360401
1786809600000,0.6834,0.6837,0.6821,0.6826,386928
1786813200000,0.6826,0.6833,0.6807,0.6807,546542
1786816800000,0.681,0.6815,0.6778,0.6799,1139773
1786820400000,0.68,0.6815,0.6797,0.6813,293656
1786824000000,0.6813,0.6814,0.6786,0.6794,852860
1786827600000,0.6794,0.6811,0.6792,0.6804,363558
1786831200000,0.6804,0.6813,0.6794,0.6796,1032652
1786834800000,0.6795,0.6795,0.6765,0.6769,1860007
1786838400000,0.677,0.6779,0.676,0.6774,1091461
1786842000000,0.6774,0.6777,0.6741,0.6755,1477544
1786845600000,0.6754,0.6773,0.6736,0.676,1527490
1786849200000,0.676,0.6776,0.6756,0.6759,531161
1786852800000,0.6758,0.6763,0.6749,0.6759,695251
1786856400000,0.6758,0.6765,0.6741,0.6743,653086
1786860000000,0.6742,0.676,0.6722,0.6747,2104136
1786863600000,0.6746,0.6772,0.6744,0.6772,651282
1786867200000,0.6772,0.6774,0.6765,0.6774,472587
1786870800000,0.6773,0.6782,0.6751,0.6765,1765545
1786874400000,0.6765,0.6774,0.676,0.6773,287777
1786878000000,0.6774,0.6787,0.6759,0.6764,934858
1786881600000,0.6765,0.6779,0.6757,0.6779,881536
1786885200000,0.6779,0.6786,0.6776,0.6782,387918
1786888800000,0.6782,0.6795,0.6777,0.6789,573346
1786892400000,0.6789,0.6809,0.6782,0.6803,1099363
1786896000000,0.6802,0.6818,0.6783,0.6788,1013210
1786899600000,0.6789,0.679,0.6768,0.6772,636651
1786903200000,0.6772,0.6772,0.6751,0.6755,904083
1786906800000,0.6754,0.678,0.6754,0.6764,680265
1786910400000,0.6765,0.6778,0.6741,0.6747,2167946
1786914000000,0.6746,0.6751,0.6661,0.6683,5104367
1786917600000,0.6682,0.6713,0.6664,0.6707,1950190
1786921200000,0.6706,0.6715,0.6697,0.6707,1052949
1786924800000,0.6706,0.6712,0.6669,0.67,3180892
1786928400000,0.67,0.6752,0.6697,0.672,2301012
1786932000000,0.6721,0.678,0.6717,0.6777,2492042
1786935600000,0.6777,0.6797,0.6763,0.6769,2253347
1786939200000,0.677,0.6783,0.6769,0.6778,655393
1786942800000,0.6778,0.6785,0.6751,0.6752,921596
1786946400000,0.6752,0.6804,0.6747,0.6794,2581377
1786950000000,0.6795,0.6797,0.6772,0.6778,978596
1786953600000,0.6779,0.6781,0.6732,0.6746,2364529
1786957200000,0.6747,0.676,0.6745,0.6754,669398
1786960800000,0.6753,0.6789,0.6736,0.6788,981756
1786964400000,0.6789,0.6794,0.6773,0.6775,927412
1786968000000,0.6774,0.6778,0.6744,0.6756,1855602
1786971600000,0.6755,0.6783,0.6743,0.6763,763890
1786975200000,0.6764,0.6772,0.6737,0.6767,931035
1786978800000,0.6767,0.6785,0.6747,0.6782,1299708
1786982400000,0.6783,0.6787,0.6761,0.6777,1134697
1786986000000,0.6777,0.6793,0.6758,0.6774,745706
1786989600000,0.6773,0.6787,0.6764,0.6767,656714
1786993200000,0.6767,0.6768,0.6752,0.6759,720065
1786996800000,0.6759,0.6796,0.6737,0.6766,1720490
1787000400000,0.6766,0.6769,0.6756,0.6764,293354
1787004000000,0.6764,0.6771,0.6724,0.6728,1226936
1787007600000,0.6728,0.6765,0.6709,0.6747,2155350
1787011200000,0.6746,0.6758,0.6725,0.6755,3715168
1787014800000,0.6755,0.6759,0.6694,0.6709,1811174
1787018400000,0.6709,0.6712,0.631,0.6479,34684317
1787022000000,0.648,0.6526,0.6443,0.6455,10887464
1787025600000,0.6454,0.6482,0.6421,0.6467,7398435
1787029200000,0.6468,0.6491,0.6385,0.644,8243933
1787032800000,0.644,0.6504,0.6432,0.6488,3285142
1787036400000,0.6489,0.6501,0.6446,0.6466,3973130
1787040000000,0.6466,0.6474,0.6426,0.6472,3086104
1787043600000,0.6472,0.6481,0.6457,0.6479,1096738
1787047200000,0.6478,0.6488,0.6471,0.6481,1008026
1787050800000,0.6481,0.6529,0.6481,0.6502,2312248
1787054400000,0.6502,0.6537,0.6502,0.6528,1514557
1787058000000,0.6528,0.6536,0.6502,0.6512,1601650
1787061600000,0.6512,0.6601,0.6506,0.6549,4364226
1787065200000,0.655,0.657,0.6522,0.6551,2143539
1787068800000,0.6551,0.6564,0.6518,0.6539,906368
1787072400000,0.6539,0.655,0.6522,0.6538,848601
1787076000000,0.6538,0.6582,0.6536,0.6574,938303
1787079600000,0.6574,0.6585,0.655,0.6553,853249
1787083200000,0.6554,0.656,0.6508,0.6526,2181871
1787086800000,0.6525,0.6538,0.6467,0.6505,2141505
1787090400000,0.6504,0.652,0.6463,0.649,5601599
1787094000000,0.649,0.6526,0.649,0.6511,2475288
1787097600000,0.6511,0.6523,0.6478,0.6507,2410715
1787101200000,0.6506,0.6546,0.6504,0.6537,2237560
1787104800000,0.6536,0.6542,0.6515,0.6531,1070121
1787108400000,0.653,0.6572,0.6525,0.6567,1890750
1787112000000,0.6567,0.657,0.6542,0.6552,1723054
1787115600000,0.6552,0.6582,0.6537,0.6547,3366087
1787119200000,0.6546,0.6585,0.6528,0.657,4558049
1787122800000,0.657,0.6578,0.655,0.6568,1804431
1787126400000,0.6567,0.6605,0.656,0.6581,5420484
1787130000000,0.6581,0.6598,0.6564,0.6573,1429445
1787133600000,0.6573,0.6574,0.6553,0.6569,885532
1787137200000,0.6569,0.6583,0.6566,0.6575,943059
1787140800000,0.6575,0.659,0.6551,0.658,2404344
1787144400000,0.6581,0.6594,0.6539,0.6549,2996230
1787148000000,0.6549,0.6716,0.6545,0.6703,9030354
1787151600000,0.6703,0.7029,0.6695,0.6796,33547637
1787155200000,0.6796,0.6931,0.6796,0.6859,8054276
1787158800000,0.6859,0.6871,0.6775,0.6848,4565534
1787162400000,0.6849,0.6876,0.6818,0.6868,1464892
1787166000000,0.6868,0.6962,0.6853,0.6956,2449511
1787169600000,0.6957,0.7092,0.6938,0.7052,6219909
1787173200000,0.7052,0.7257,0.705,0.7221,12029896
1787176800000,0.7221,0.724,0.7031,0.7073,7528248
1787180400000,0.7073,0.7095,0.7021,0.7058,4332036
1787184000000,0.7058,0.7122,0.7057,0.7073,5382805
1787187600000,0.7074,0.7102,0.7031,0.7089,2513465
1787191200000,0.709,0.7103,0.7026,0.7033,2174361
1787194800000,0.7032,0.7033,0.6936,0.6991,4053306
1787198400000,0.6992,0.7018,0.697,0.7005,2180397
1787202000000,0.7005,0.7011,0.6983,0.7001,1393347
1787205600000,0.7001,0.7054,0.6982,0.7045,4647544
1787209200000,0.7044,0.7069,0.6995,0.7024,3798580
1787212800000,0.7025,0.7268,0.7019,0.722,11262508
1787216400000,0.722,0.7281,0.7186,0.7218,8834827
1787220000000,0.7219,0.7352,0.7203,0.7282,7144541
1787223600000,0.7282,0.735,0.7249,0.7283,4063344
1787227200000,0.7283,0.7298,0.7164,0.7227,5686356
1787230800000,0.7228,0.7277,0.7156,0.726,4751508
1787234400000,0.726,0.7306,0.7212,0.7278,4023307
1787238000000,0.7278,0.7423,0.7271,0.7394,7567511
1787241600000,0.7393,0.7508,0.7328,0.7489,8704137
1787245200000,0.749,0.7532,0.7406,0.7415,4743188
1787248800000,0.7415,0.7448,0.7245,0.7249,4858294
1787252400000,0.7248,0.7295,0.7216,0.7247,3751034
1787256000000,0.7247,0.7305,0.7233,0.73,1625950
1787259600000,0.7301,0.7375,0.7294,0.7341,1861033
1787263200000,0.7342,0.7354,0.7271,0.7306,3248728
1787266800000,0.7306,0.7385,0.7296,0.7336,3967426
1787270400000,0.7337,0.7417,0.733,0.7377,4502988
1787274000000,0.7376,0.7496,0.7364,0.749,4632005
1787277600000,0.7491,0.7496,0.7415,0.7444,3912901
1787281200000,0.7444,0.7496,0.7404,0.7452,3613737
1787284800000,0.7452,0.7574,0.7451,0.7574,5995951
1787288400000,0.7573,0.7738,0.7524,0.7695,13157998
1787292000000,0.7696,0.7788,0.7681,0.7717,11471839
1787295600000,0.7717,0.7822,0.7694,0.7777,12143285
1787299200000,0.7777,0.8142,0.7772,0.8129,15091734
1787302800000,0.8128,0.814,0.7768,0.797,27844603
1787306400000,0.797,0.8048,0.7882,0.8025,11724443
1787310000000,0.8024,0.8047,0.7821,0.7841,9888899
1787313600000,0.7841,0.8038,0.7807,0.7969,7964093
1787317200000,0.797,0.8066,0.7845,0.8038,10999734
1787320800000,0.8038,0.8044,0.7933,0.8027,8973154
1787324400000,0.8027,0.8238,0.8023,0.815,12382498
1787328000000,0.815,0.8191,0.8046,0.8101,6890202
1787331600000,0.8101,0.816,0.7999,0.8135,6371668
1787335200000,0.8135,0.8229,0.7964,0.7994,6547952
1787338800000,0.7994,0.8041,0.7901,0.8025,5730318
1787342400000,0.8026,0.8159,0.7984,0.8147,5133387
1787346000000,0.8148,0.8476,0.8139,0.8466,7777263
1787349600000,0.8465,0.8624,0.8389,0.854,11021327
1787353200000,0.854,0.8555,0.8394,0.8442,6261566
1787356800000,0.8442,0.8509,0.8335,0.8499,6658402
1787360400000,0.85,0.8725,0.8491,0.8558,11215096
1787364000000,0.8559,0.9077,0.8549,0.9064,13741207
1787367600000,0.9065,0.9252,0.9011,0.9134,15222255
1787371200000,0.9134,0.9545,0.9111,0.944,22305385
1787374800000,0.9439,0.9521,0.7672,0.8493,70510904
1787378400000,0.8494,0.8691,0.8308,0.8682,13718597
1787382000000,0.8682,0.8836,0.8586,0.8629,13319390
1787385600000,0.863,0.874,0.8359,0.8513,11606469
1787389200000,0.8513,0.8569,0.835,0.8431,6152562
1787392800000,0.8432,0.8441,0.8081,0.8286,17179199
1787396400000,0.8287,0.8332,0.8214,0.8294,5048279
1787400000000,0.8293,0.8428,0.8269,0.8286,5962961
1787403600000,0.8285,0.838,0.8227,0.8344,4199486
1787407200000,0.8345,0.8356,0.8147,0.8194,6065758
1787410800000,0.8193,0.824,0.8088,0.8157,5098821
1787414400000,0.8158,0.8416,0.8117,0.8345,6433615
1787418000000,0.8345,0.8378,0.8262,0.8337,4188943
1787421600000,0.8338,0.8382,0.8216,0.8293,4178484
1787425200000,0.8293,0.8357,0.8233,0.8333,3383270
1787428800000,0.8334,0.8393,0.8254,0.8291,3099028
1787432400000,0.8291,0.8305,0.8031,0.8086,6921987
1787436000000,0.8085,0.8207,0.8045,0.815,4032443
1787439600000,0.8151,0.8168,0.8084,0.8149,1945886
1787443200000,0.8148,0.8333,0.8098,0.8302,4488714
1787446800000,0.8302,0.8302,0.816,0.8188,3309630
1787450400000,0.8188,0.8192,0.8039,0.8084,4990401
1787454000000,0.8085,0.8097,0.7886,0.793,8714469
1787457600000,0.793,0.7995,0.7814,0.7838,6053861
1787461200000,0.7837,0.7988,0.7767,0.7853,8479700
1787464800000,0.7853,0.793,0.7812,0.785,4169742
1787468400000,0.7851,0.7958,0.7841,0.7921,2502899
1787472000000,0.7921,0.8023,0.7901,0.8004,3731018
1787475600000,0.8003,0.8065,0.7971,0.8,3415347
1787479200000,0.8,0.8162,0.7997,0.8039,5930502
1787482800000,0.804,0.82,0.8033,0.8192,5045596
1787486400000,0.8192,0.8192,0.809,0.8145,3425142
1787490000000,0.8145,0.8329,0.8136,0.8304,7843102
1787493600000,0.8305,0.8388,0.7963,0.8233,17630722
1787497200000,0.8233,0.8292,0.8147,0.8228,6471398
1787500800000,0.8228,0.829,0.8165,0.8231,3832927
1787504400000,0.8232,0.83,0.8168,0.8239,4105302
1787508000000,0.8238,0.8468,0.8214,0.8456,7308130
1787511600000,0.8456,0.8464,0.8298,0.8326,5157689
1787515200000,0.8326,0.8399,0.8275,0.8361,2563692
1787518800000,0.8361,0.8559,0.8353,0.8427,4747750
1787522400000,0.8427,0.8549,0.8344,0.8495,6277938
1787526000000,0.8496,0.8577,0.8413,0.8502,5489109
1787529600000,0.8502,0.8507,0.8236,0.8448,8331882
1787533200000,0.8448,0.8489,0.8178,0.8206,6286688
1787536800000,0.8205,0.8375,0.814,0.8285,6730565
1787540400000,0.8285,0.8306,0.8173,0.8201,5023770
1787544000000,0.8201,0.8323,0.82,0.8285,4041004
1787547600000,0.8285,0.8357,0.8195,0.8262,5148423
1787551200000,0.8261,0.8293,0.816,0.8206,4995243
1787554800000,0.8206,0.8298,0.8089,0.8158,4868803
1787558400000,0.8159,0.8178,0.804,0.8116,4968310
1787562000000,0.8116,0.8216,0.8108,0.8193,2700578
1787565600000,0.8193,0.8278,0.8151,0.8172,4752157
1787569200000,0.8173,0.8362,0.8103,0.8311,5600486
1787572800000,0.831,0.8409,0.8172,0.8379,7553392
1787576400000,0.838,0.8389,0.8093,0.8182,11566815
1787580000000,0.8181,0.8336,0.816,0.8277,6313045
1787583600000,0.8276,0.842,0.8182,0.8223,7949528
1787587200000,0.8223,0.8338,0.8193,0.8206,4619935
1787590800000,0.8207,0.8213,0.7968,0.8081,11607623
1787594400000,0.8081,0.8161,0.8011,0.8035,6074716
1787598000000,0.8036,0.8073,0.7982,0.8024,3897892
1787601600000,0.8025,0.807,0.7984,0.8059,1770836
1787605200000,0.806,0.8098,0.8055,0.8077,1468568
1787608800000,0.8077,0.8079,0.7986,0.8001,3480460
1787612400000,0.8,0.802,0.7894,0.7996,6028959
1787616000000,0.7996,0.8158,0.7926,0.8125,7332642
1787619600000,0.8126,0.8168,0.808,0.8119,3785568
1787623200000,0.8119,0.8345,0.8086,0.8197,10526355
1787626800000,0.8197,0.8321,0.8155,0.8189,5808047
1787630400000,0.8189,0.824,0.8153,0.8201,4630157
1787634000000,0.8201,0.8299,0.8185,0.8271,3259585
1787637600000,0.827,0.8285,0.8121,0.8153,3365461
1787641200000,0.8154,0.8228,0.7974,0.8012,5893174
1787644800000,0.8014,0.8093,0.799,0.8045,4862630
1787648400000,0.8046,0.8078,0.7932,0.8001,3870359
1787652000000,0.8,0.8036,0.7964,0.8008,3050102
1787655600000,0.8008,0.8052,0.7974,0.7992,3358760
1787659200000,0.7992,0.8032,0.793,0.8009,5192447
1787662800000,0.801,0.8023,0.7769,0.7886,11059449
1787666400000,0.7886,0.7976,0.7861,0.7925,4093161
1787670000000,0.7926,0.7932,0.786,0.7923,3606296
1787673600000,0.7924,0.794,0.7844,0.785,2529275
1787677200000,0.7851,0.7853,0.774,0.7754,2990436
