time,open,high,low,close,Volume,Volume MA,Lt Blue Wave,Blue Wave,VWAP,Mny Flow,Buy,Blue Wave Crossing UP,Blue Wave Crossing Down,Zero,100%,OB 1 Solid,OS 1 Solid,Trigger 1,Trigger 2,Plot,Plot
1567382400,10000,10412.65,10000,10391.63,3096.291,,,,,,0,,,0,100,60,-60,53,-53,-93,-103
1567987200,10316.62,10475.54,9884.31,10302.22,110846.484,,,,,,0,,,0,100,60,-60,53,-53,-93,-103
1568592000,10302,10353.81,9530.02,10023.04,160591.544,,,,,,0,,,0,100,60,-60,53,-53,-93,-103
1569196800,10027.69,10046.91,7700.67,8041.96,324501.177,,,,,,0,,,0,100,60,-60,53,-53,-93,-103
1569801600,8042.08,8499,7709.01,7852.79,257976.889,,,,,,0,,,0,100,60,-60,53,-53,-93,-103
1570406400,7851.01,8788,7764.42,8274.66,367955.166,,,,,,0,,,0,100,60,-60,53,-53,-93,-103
1571011200,8274.33,8408.62,7812,8218.23,508975.286,,,,,,0,,,0,100,60,-60,53,-53,-93,-103
1571616000,8218.23,10408.48,7172.76,9533.32,881463.175,,,,,,0,,,0,100,60,-60,53,-53,-93,-103
1572220800,9534.37,9930.13,8933,9197.88,697075.617,,,,,,0,,,0,100,60,-60,53,-53,-93,-103
1572825600,9197.86,9550,8669.85,9041.31,665125.812,,,,,,0,,,0,100,60,-60,53,-53,-93,-103
1573430400,9041.31,9072.91,8355.78,8504.04,632991.917,,,,,,0,,,0,100,60,-60,53,-53,-93,-103
1574035200,8504.13,8504.71,6762.73,6900.86,1196506.081,,,,,,0,,,0,100,60,-60,53,-53,-93,-103
1574640000,6899.77,7850,6510.19,7387.38,1524870.441,,,,,,0,,,0,100,60,-60,53,-53,-93,-103
1575244800,7388,7800,7070,7508.2,983668.839,,,,,,0,,,0,100,60,-60,53,-53,-93,-103
1575849600,7507.87,7676.48,7004.77,7115,766967.38,,,,,,0,,,0,100,60,-60,53,-53,-93,-103
1576454400,7115.45,7517.61,6427,7502.92,1031936.164,,,,,,0,,,0,100,60,-60,53,-53,-93,-103
1577059200,7502.92,7691,7078.89,7383.67,901439.862,,,,,,0,,,0,100,60,-60,53,-53,-93,-103
1577664000,7383.68,7495,6863.44,7354.36,774521.268,,,,,,0,,,0,100,60,-60,53,-53,-93,-103
1578268800,7354.36,8468.42,7345,8186.7,1484603.363,,,,,,0,,,0,100,60,-60,53,-53,-93,-103
1578873600,8186.22,9205.3,8053.78,8705.85,1316693.038,729590.2897000001,,,,,0,,,0,100,60,-60,53,-53,-93,-103
1579478400,8705.98,8820,8247,8611.21,850097.409,771940.3456000001,,,,,0,,,0,100,60,-60,53,-53,-93,-103
1580083200,8611.21,9599,8565,9338.2,1180388.341,825417.4384500001,,,,,0,,,0,100,60,-60,53,-53,-93,-103
1580688000,9340.49,10184.34,9105,10167.38,1122176.4,873496.6812500001,,,,,0,,,0,100,60,-60,53,-53,-93,-103
1581292800,10167.37,10540,9626.64,9921.86,1171759.356,915859.5902000001,,,,,0,,,0,100,60,-60,53,-53,-93,-103
1581897600,9921.87,10286,9293.07,9943.12,936567.245,949789.1080000002,,,,,0,,,0,100,60,-60,53,-53,-93,-103
1582502400,9943.12,10000,8409,8537.84,1268174.767,994800.0880500001,,,,,0,,,0,100,60,-60,53,-53,-93,-103
1583107200,8537.84,9204,7997.7,8038.46,1065944.442,1022648.5458500003,,,,,0,,,0,100,60,-60,53,-53,-93,-103
1583712000,8038.99,8182.31,3621.81,5357.32,3204795.803,1138815.1772500002,19.673692555410202,,,,0,,,0,100,60,-60,53,-53,-93,-103
1584316800,5354.81,6911,4413.62,5810.17,3303441.243,1269133.4585500003,-0.503947144263833,,,,0,,,0,100,60,-60,53,-53,-93,-103
1584921600,5810.3,6960.71,5670,5876.27,2461138.433,1358934.0896000005,-11.007303178224905,2.720814077640488,-13.728117255865394,,0,,,0,100,60,-60,53,-53,-93,-103
1585526400,5876.27,7290,5850,6768.9,2542714.864,1454420.2369500005,-15.24719752683463,-8.919482616441123,-6.327714910393507,,0,,,0,100,60,-60,53,-53,-93,-103
1586131200,6768.9,7457,6741,6900.52,2493042.328,1519247.0493000005,-15.10472032830617,-13.786407011121902,-1.318313317184268,,0,,,0,100,60,-60,53,-53,-93,-103
1586736000,6900.19,7290,6465.33,7118.03,2263527.378,1556179.8961500006,-15.6378012457341,-15.3299063669583,-0.3078948787757998,,0,,,0,100,60,-60,53,-53,-93,-103
1587340800,7118.04,7802.38,6735.95,7694.17,2303688.83,1622180.8957000007,-10.396696943012154,-13.713072839017476,3.3163758960053222,,0,-13.713072839017476,,0,100,60,-60,53,-53,-93,-103
1587945600,7693.63,9479.77,7623.98,8900,3488311.037,1758248.0785500004,6.612992415043292,-6.473835257900987,13.08682767294428,,0,,,0,100,60,-60,53,-53,-93,-103
1588550400,8899.99,10080,7940,8719.53,3809614.655,1897132.0031000008,19.29055255355305,5.1689493418613965,14.121603211691653,,0,,,0,100,60,-60,53,-53,-93,-103
1589155200,8723.23,9950,8151.12,9678.57,3249863.08,2014553.1640000003,29.611197996577253,18.50491432172453,11.106283674852722,,0,,,0,100,60,-60,53,-53,-93,-103
1589760000,9677.31,9958.67,8674,8711.37,2353150.109,2093484.6060500003,34.544580736164235,27.81544376209818,6.729136974066055,,0,,,0,100,60,-60,53,-53,-93,-103
1590364800,8711.37,9753,8623.38,9446.43,1892020.349,2113855.4553500004,38.51023158498826,34.22200343924325,4.288228145745009,,0,,,0,100,60,-60,53,-53,-93,-103
1590969600,9446.49,10497.25,9264.15,9743.92,1781429.763,2137092.2916,44.72620767062011,39.26033999725754,5.465867673362574,,0,,,0,100,60,-60,53,-53,-93,-103
1591574400,9743.92,10015.99,9055.07,9339.61,1433222.938,2166248.56805,44.78633373184027,42.67425766248289,2.1120760693573857,,0,,,0,100,60,-60,53,-53,-93,-103
1592179200,9339.7,9595,8888.43,9293.51,1509977.518,2182728.0269,41.920860439684354,43.811133947381585,-1.8902735076972306,,0,,43.811133947381585,0,100,60,-60,53,-53,-93,-103
1592784000,9293.39,9795,8816.4,9114,1639283.625,2208583.38815,38.99515404856309,41.900782740029236,-2.9056286914661484,,0,,,0,100,60,-60,53,-53,-93,-103
1593388800,9114.01,9293,8900,9071.86,1049228.403,2202456.8405,33.991937785900866,38.30265075804943,-4.310712972148565,,0,,,0,100,60,-60,53,-53,-93,-103
1593993600,9071.87,9470,9058.1,9300.69,1029744.937,2207115.7251000004,33.118205900332654,35.36843257826553,-2.2502266779328792,,0,,,0,100,60,-60,53,-53,-93,-103
1594598400,9300.7,9345,9044.02,9210.51,737747.854,2180594.3794500004,30.502583341159145,32.537575675797555,-2.0349923346384102,,0,,,0,100,60,-60,53,-53,-93,-103
1595203200,9210.68,10300,9131.01,9939.69,1074581.53,2181026.2338500004,39.44051251180776,34.35376725109986,5.0867452607079,,0,34.35376725109986,,0,100,60,-60,53,-53,-93,-103
1595808000,9939.68,12154.25,9928.61,11079.72,3017281.552,2171650.5213,57.40757836619598,42.450224739720966,14.957353626475012,,0,,,0,100,60,-60,53,-53,-93,-103
1596412800,11080.7,11920,10923,11685.99,1492775.024,2081117.21035,68.12725270985983,54.99178119595453,13.135471513905301,,0,,,0,100,60,-60,53,-53,-93,-103
1597017600,11685.99,12100,11127,11921.23,1636310.535,2039875.81545,73.14059276000987,66.22514127868857,6.915451481321298,,0,,,0,100,60,-60,53,-53,-93,-103
1597622400,11921.32,12499.42,11385.06,11654,1484444.409,1986962.2927,74.6286414625904,71.96549564415336,2.6631458184370302,,0,,,0,100,60,-60,53,-53,-93,-103
1598227200,11654,11831.96,11130,11714.14,1126558.79,1918638.1158,71.31473473027619,73.02798965095882,-1.7132549206826297,,0,,73.02798965095882,0,100,60,-60,53,-53,-93,-103
1598832000,11714.13,12061.07,9808.58,10258.13,2129256.684,1911924.5811,59.142870676129945,68.36208228966551,-9.219211613535563,,0,,,0,100,60,-60,53,-53,-93,-103
1599436800,10258.13,10580,9842.01,10327.72,1307550.016,1862117.6404000004,43.574542954294465,58.01071612023353,-14.436173165939067,,0,,,0,100,60,-60,53,-53,-93,-103
1600041600,10327.72,11177,10241.57,10914.28,1305000.991,1752952.1381,38.15239306127344,46.95660223056595,-8.804209169292506,,0,,,0,100,60,-60,53,-53,-93,-103
1600646400,10915.52,10980.69,10132.21,10768,1361333.926,1630538.10165,30.894762964336547,37.540566326634824,-6.6458033622982775,,0,,,0,100,60,-60,53,-53,-93,-103
1601251200,10768,11024,10371.03,10660.16,1112422.487,1523666.0720000002,26.024147791369323,31.69043460565977,-5.666286814290448,,0,,,0,100,60,-60,53,-53,-93,-103
1601856000,10660.16,11494,10510.66,11369.59,1130181.676,1462517.65035,31.660110939495198,29.526340565067017,2.133770374428181,,0,29.526340565067017,,0,100,60,-60,53,-53,-93,-103
1602460800,11369.59,11732,11157,11501.1,1262233.929,1431028.32935,40.65892806750721,32.781062266123904,7.877865801383308,,0,,,0,100,60,-60,53,-53,-93,-103
1603065600,11501.5,13369,11404.01,13023.81,2097989.994,1446856.3409,57.6526568076812,43.32389860489453,14.328758202786666,,0,,,0,100,60,-60,53,-53,-93,-103
1603670400,13024.21,14140,12729,13752.86,2466497.961,1498520.0920499999,71.09276246889542,56.468115781361284,14.624646687534131,,0,,,0,100,60,-60,53,-53,-93,-103
1604275200,13752.87,15984.2,13195,15473.2,3153224.529,1580682.4426,82.20215094721853,70.31585674126505,11.886294205953476,,0,,,0,100,60,-60,53,-53,-93,-103
1604880000,15473.2,16479.99,14822,15952.27,2303969.205,1613916.7215999998,88.31258846485309,80.53583396032236,7.776754504530729,,0,,,0,100,60,-60,53,-53,-93,-103
1605484800,15951.93,18986,15862,18435.2,3130110.809,1717960.8418999997,94.6505867984857,88.3884420701858,6.262144728299901,,0,,,0,100,60,-60,53,-53,-93,-103
1606089600,18434.17,19554.19,16181,18181.09,3042090.201,1818578.1050999996,95.0051512548684,92.6561088394024,2.3490424154659877,,0,,,0,100,60,-60,53,-53,-93,-103
1606694400,18180.43,19956,18050,19375.02,2253295.157,1894355.4702499993,94.93217438480679,94.86263747938698,0.06953690541980961,,0,,,0,100,60,-60,53,-53,-93,-103
1607299200,19375,19446.36,17555,19175.07,1791788.874,1930215.837449999,90.61332412458427,93.51688325475315,-2.903559130168887,,0,,93.51688325475315,0,100,60,-60,53,-53,-93,-103
1607904000,19175.06,24376,19004.72,23472.96,2678860.144,1913294.7670499992,93.5397307719845,93.02840976045853,0.5113210115259648,31.396147646405197,0,93.02840976045853,,0,100,60,-60,53,-53,-93,-103
1608508800,23472.96,28459.84,21920,26305.64,2627143.232,1970013.1774499994,97.40010393950834,93.85105294535906,3.549050994149283,32.39636355024184,0,,,0,100,60,-60,53,-53,-93,-103
1609113600,26301.76,34832.25,25913.01,33054.53,2460453.874,2011220.3443999994,102.97734568379897,97.97239346509728,5.004952218701689,34.15043430109744,0,,,0,100,60,-60,53,-53,-93,-103
1609718400,33053.93,42125.51,27800,38221.67,3119739.273,2092985.0875999995,106.31952572046404,102.23232511459047,4.087200605873576,36.625092408724875,0,,,0,100,60,-60,53,-53,-93,-103
1610323200,38200.01,40189.39,30448,35869.83,3133032.828,2193308.7894999995,103.44030258859866,104.24572466428724,-0.8054220756885826,39.856700333606355,0,,104.24572466428724,0,100,60,-60,53,-53,-93,-103
1610928000,35875.72,37961,28880,32275.63,2313482.811,2202520.095849999,95.70507509110014,101.82163446672097,-6.116559375620824,41.645634575754194,0,,,0,100,60,-60,53,-53,-93,-103
1611532800,32274.88,38641.1,29240,33126.21,2598835.991,2267084.3945999993,88.77158701644282,95.97232156538054,-7.200734548937717,42.4097674349435,0,,,0,100,60,-60,53,-53,-93,-103
1612137600,33125.11,40992.4,32322.47,38849.25,1831337.339,2293401.2119999994,86.16795079306594,90.21487096686964,-4.046920173803699,43.65066227404868,0,,,0,100,60,-60,53,-53,-93,-103
1612742400,38849.24,49875.16,38037,48655.21,2188250.932,2334747.0622999994,89.52100481422072,88.15351420790984,1.3674906063108807,46.65903542498573,0,88.15351420790984,,0,100,60,-60,53,-53,-93,-103
1613347200,48655.21,58472.14,45349.21,57487.43,1785080.647,2368379.970299999,93.93835877759746,89.87577146162805,4.0625873159694095,49.375093087631626,0,,,0,100,60,-60,53,-53,-93,-103
1613952000,57475.5,57591.87,43002.05,45163.36,2979812.103,2460861.4916499993,89.41943941527714,90.95960100236512,-1.5401615870879795,50.5982650162783,0,,90.95960100236512,0,100,60,-60,53,-53,-93,-103
1614556800,45162.64,52681.51,44972.49,50995.27,2144594.339,2504979.51215,84.74247533331464,89.36675784206311,-4.624282508748465,48.37426226186084,0,,,0,100,60,-60,53,-53,-93,-103
1615161600,50991.35,61950,49310,59037.12,2247594.591,2512459.7419999996,84.7817066098723,86.31454045282139,-1.5328338429490884,46.42183663693,0,,,0,100,60,-60,53,-53,-93,-103
1615766400,59037.11,60740,53335,57415.18,2133275.094,2495798.598649999,82.43221004597122,83.98546399638607,-1.553253950414856,45.72143542494723,0,,,0,100,60,-60,53,-53,-93,-103
1616371200,57415.19,58500,50452.08,55805.08,2087280.305,2442501.3874499993,76.86893675599302,81.36095113727886,-4.492014381285841,44.638925577562674,0,,,0,100,60,-60,53,-53,-93,-103
1616976000,55804.16,60397.85,54931.15,58234.61,1583892.695,2406497.561949999,73.78387209394045,77.69500629863491,-3.911134204694463,44.141180351463724,0,,,0,100,60,-60,53,-53,-93,-103
1617580800,58234.61,61800,55536.07,60090.2,1297659.8,2314875.011499999,71.00674400499986,73.88651761831112,-2.879773613311258,43.78091279860653,0,,,0,100,60,-60,53,-53,-93,-103
1618185600,60093.26,64986.11,50050,56140.05,1949480.599,2260244.5313999993,65.41840369404358,70.06967326432797,-4.6512695702843985,43.13084669720653,0,,,0,100,60,-60,53,-53,-93,-103
1618790400,56140.05,57532.7,46930.43,49063.94,2480262.616,2271592.904349999,52.567889116442466,62.99767893849532,-10.429789822052854,41.62277259490947,0,,,0,100,60,-60,53,-53,-93,-103
1619395200,49063.94,58488.17,48763,56630.33,1842402.041,2274123.562699999,47.27676507361325,55.08768596136645,-7.810920887753198,42.44360503793951,0,,,0,100,60,-60,53,-53,-93,-103
1620000000,56630.34,59590.96,52880.38,58292.53,2021025.882,2241231.8495999994,46.39998944640945,48.748214545488416,-2.3482250990789666,45.96018787900053,0,,,0,100,60,-60,53,-53,-93,-103
1620604800,58292.53,59654,43866,46429.28,3153583.658,2267553.870899999,31.946016046888438,41.874256855637064,-9.928240808748626,45.67898817078465,0,,,0,100,60,-60,53,-53,-93,-103
1621209600,46429.28,46655,28688,34651.6,6064182.157,2447740.285049999,5.1956783538463185,27.84722794904809,-22.65154959520177,43.31577490814093,0,,,0,100,60,-60,53,-53,-93,-103
1621814400,34656.53,40900,33356,35651.81,4505211.854,2517013.9140999992,-10.941871768046187,8.73327421089621,-19.675145978942396,41.31590781230539,0,,,0,100,60,-60,53,-53,-93,-103
1622419200,35651.8,39470,34150,35801.71,3950352.758,2557879.910599999,-21.204090977152404,-8.983428130450735,-12.22066284670167,39.58816274699002,0,,,0,100,60,-60,53,-53,-93,-103
1623024000,35801.71,39374.18,30969,38993.65,5304319.373,2707421.7386999996,-27.65649342741323,-19.93415205753725,-7.722341369875981,38.56591128347872,0,,,0,100,60,-60,53,-53,-93,-103
1623628800,38993.66,41413,33312,35588.64,4876593.304,2821309.6043499997,-31.24234975261852,-26.700978052394692,-4.541371700223827,37.44047802425173,0,,,0,100,60,-60,53,-53,-93,-103
1624233600,35588.63,35746.28,28780.01,34687.71,7746344.321,3117059.9534499994,-37.03461022571183,-31.97781780191453,-5.056792423797301,34.48446509183953,0,,,0,100,60,-60,53,-53,-93,-103
1624838400,34687.71,36623,32672.04,35280.16,4617547.366,3238524.7751499997,-38.22383102311647,-35.50026366714894,-2.723567355967525,32.746101309856975,0,,,0,100,60,-60,53,-53,-93,-103
1625443200,35280.17,35281.55,32066,34253.81,3727326.206,3335637.0530999997,-39.61531183199904,-38.29125102694245,-1.3240608050565896,30.653166819060917,0,,,0,100,60,-60,53,-53,-93,-103
1626048000,34253.88,34662.73,31018.59,31767,3380985.11,3355695.7034499994,-41.641866686458336,-39.82700318052462,-1.8148635059337153,28.630711060438003,0,,,0,100,60,-60,53,-53,-93,-103
1626652800,31765.23,35400,29242.24,35370.66,3458147.938,3421373.3833999992,-41.06465752054022,-40.77394534633253,-0.290712174207691,28.165448745055908,0,,,0,100,60,-60,53,-53,-93,-103
1627257600,35370.67,48168.6,35185.49,39846.78,4468092.58,3532398.2828499996,-26.631324265398092,-36.44594949079888,9.814625225400789,30.665716978794435,0,-36.44594949079888,,0,100,60,-60,53,-53,-93,-103
1627862400,39846.78,45350,37291,43787.71,3985788.573,3625023.9568,-13.90039620275733,-27.19879266289855,13.298396460141221,32.59912060558011,0,,,0,100,60,-60,53,-53,-93,-103
1628467200,43787.71,48300,42785,47006.02,3128981.054,3677108.9942499995,1.0870588097895393,-13.14822055278863,14.235279362578169,35.01599732670067,0,,,0,100,60,-60,53,-53,-93,-103
1629072000,47006.02,49833,43938.38,49273.28,2765858.08,3736207.2635,13.251273629296406,0.14597874544287257,13.105294883853533,37.12889693993764,0,,,0,100,60,-60,53,-53,-93,-103
1629676800,49273.28,50600,46280,48795.41,2560264.54,3799337.5005,22.234313672592087,12.190882037226011,10.043431635366076,39.13619332030431,0,,,0,100,60,-60,53,-53,-93,-103
1630281600,48795.42,51950,46550.99,51799.57,2423617.744,3823044.35775,29.791387598927145,21.758991633605216,8.032395965321928,39.77620445601796,0,,,0,100,60,-60,53,-53,-93,-103
1630886400,51799.56,52950,42088,46046.73,2567904.998,3827426.47685,29.93824917981135,27.321316817110198,2.616932362701153,39.65995680522124,0,,,0,100,60,-60,53,-53,-93,-103
1631491200,46048.02,48850,43323.93,47256.91,1877864.572,3829199.6034000004,28.657593667262,29.462410148666834,-0.8048164814048349,36.362838607217334,0,,29.462410148666834,0,100,60,-60,53,-53,-93,-103
1632096000,47256.92,47345,39503.58,43150,3255190.999,3890907.85925,20.108588795824637,26.234810547632662,-6.126221751808025,31.18830234572113,0,,,0,100,60,-60,53,-53,-93,-103
1632700800,43150.01,49304.12,40708.73,48187.3,2172031.719,3841830.2623000005,20.450493323944734,23.07222526234379,-2.621731938399055,28.56082737319927,0,,,0,100,60,-60,53,-53,-93,-103
1633305600,48187.99,56789,46885.29,54700,2031953.189,3640218.8139,34.5023711675482,25.020484429105853,9.481886738442345,29.73012890785592,0,25.020484429105853,,0,100,60,-60,53,-53,-93,-103
1633910400,54700,63997.61,53750,61571.45,2193200.82,3524618.2621999993,50.53582756528764,35.16289735226019,15.372930213027452,31.58265775785184,0,,,0,100,60,-60,53,-53,-93,-103
1634515200,61571.45,67150,59504.46,60902.82,2334605.056,3443830.877099999,60.404596744105646,48.48093182564716,11.923664918458485,33.357943601529676,0,,,0,100,60,-60,53,-53,-93,-103
1635120000,60902.82,63795.98,57550,61348.61,1706892.957,3263959.5562999994,62.689742288699215,57.87672219936417,4.813020089335048,35.27378388878242,0,,,0,100,60,-60,53,-53,-93,-103
1635724800,61347.14,64349.55,59400,63316.4,1314984.648,3085879.1234999998,63.99189355722764,62.36207753001083,1.6298160272168118,37.27883254330892,0,,,0,100,60,-60,53,-53,-93,-103
1636329600,63316.4,69198.7,62313,65568.39,1568358.989,2776979.8568999995,66.46709985171111,64.38291189921266,2.0841879524984535,38.43356626332912,0,,,0,100,60,-60,53,-53,-93,-103
1636934400,65568.38,66395.05,55604,58661.39,1947404.916,2643472.7343999995,60.05090673078522,63.50330004657465,-3.452393315789429,38.31372594259075,0,,63.50330004657465,0,100,60,-60,53,-53,-93,-103
1637539200,58648.87,59624.56,53245,57315.73,1727945.22,2543503.6850999994,48.65919568924116,58.39240075724583,-9.733205068004672,36.68588211321295,0,,,0,100,60,-60,53,-53,-93,-103
1638144000,57315.72,59224.99,40888.89,49376.6,2336025.411,2491255.700149999,28.699506660734656,45.803203026920336,-17.10369636618568,33.0864883801061,0,,,0,100,60,-60,53,-53,-93,-103
1638748800,49373.83,51929,46724.35,50057.01,1791084.508,2407902.5286499993,13.923010636007069,30.427237661994294,-16.504227025987227,29.5928253198657,0,,,0,100,60,-60,53,-53,-93,-103
1639353600,50057.02,50180,45373.11,46668.63,1935042.118,2281250.0055499994,0.41621507535504243,14.346244124032253,-13.930029048677211,25.631539173718295,0,,,0,100,60,-60,53,-53,-93,-103
1639958400,46668.65,51805,45530.67,50765.73,1550833.565,2159502.255149999,-6.287473426476564,2.6839174282951803,-8.971390854771744,23.07430353564994,0,,,0,100,60,-60,53,-53,-93,-103
1640563200,50765.73,52134,45650,47280,1708449.949,2088475.6998999994,-12.788029661970285,-6.219762671030601,-6.568266990939684,20.96590311932214,0,,,0,100,60,-60,53,-53,-93,-103
1641168000,47280.01,47575.22,40456.56,41851.22,2302005.988,2065283.0952999995,-24.514526386428788,-14.530009824958546,-9.984516561470242,18.147742595126946,0,,,0,100,60,-60,53,-53,-93,-103
1641772800,41851.22,44396.68,39610,43060.66,1982649.99,2036402.3677999997,-32.704215123088375,-23.335590390495813,-9.368624732592561,15.186606944851084,0,,,0,100,60,-60,53,-53,-93,-103
1642377600,43060.66,43495,33950,36230.01,3069957.673,2068719.3642499994,-42.39418784873573,-33.2043097860843,-9.189878062651431,11.982372831290547,0,,,0,100,60,-60,53,-53,-93,-103
1642982400,36230,38886.58,32853.83,37870.01,3010215.186,2090834.873649999,-48.67968343068539,-41.25936213416983,-7.42032129651556,9.552135083642025,0,,,0,100,60,-60,53,-53,-93,-103
1643587200,37870,42656.8,36204.3,42361.35,2305664.677,2112224.8788999994,-46.968765081471346,-46.014212120297486,-0.9545529611738601,9.153879274488892,0,,,0,100,60,-60,53,-53,-93,-103
1644192000,42361.34,45847.5,41540,42041.13,2613247.872,2080127.7225499996,-40.57264732344836,-45.40703194520169,4.83438462175333,8.473765199384637,0,-45.40703194520169,,0,100,60,-60,53,-53,-93,-103
1644796800,42041.12,44777,37905,38368.1,2163520.526,2079702.1628999996,-40.510040316691125,-42.68381757387027,2.1737772571791467,6.624750710088092,0,,,0,100,60,-60,53,-53,-93,-103
1645401600,38367.9,40441.1,34303.7,37672,3530988.288,2154653.91785,-44.774521935637985,-41.95240319192582,-2.822118743712167,3.250881541230967,0,,-41.95240319192582,0,100,60,-60,53,-53,-93,-103
1646006400,37672.1,45350,37414.4,38401.1,2816635.887,2185825.6711999997,-41.097288278598334,-42.12728351030915,1.0299952317108136,1.297707803706546,0,-42.12728351030915,,0,100,60,-60,53,-53,-93,-103
1646611200,38401.1,42647.5,37134,37743.7,2770619.507,2207626.39375,-40.66809109805473,-42.17996710409702,1.5118760060422858,-0.43813397631513085,0,,,0,100,60,-60,53,-53,-93,-103
1647216000,37743,42446.6,37522.1,41261,2321024.582,2238332.9749999996,-36.34752004418774,-39.370966473613606,3.023446429425867,0.43745015856721614,0,,,0,100,60,-60,53,-53,-93,-103
1647820800,41261,47047,40430,46820.8,2055378.868,2275352.6859999998,-19.4316183514622,-32.149076497901554,12.717458146439355,3.4044425720403098,0,,,0,100,60,-60,53,-53,-93,-103
1648425600,46820.9,48200,44206.2,46392.4,1911191.042,2292494.2886499995,-3.7601960591846204,-19.84644481827819,16.08624875909357,4.915821009816752,0,,,0,100,60,-60,53,-53,-93,-103
1649030400,46392.3,47188,41838,42140.4,1755971.488,2282922.6172499997,0.4146214428144175,-7.592397655944136,8.007019098758555,2.588183138755945,0,,,0,100,60,-60,53,-53,-93,-103
1649635200,42140.3,42399.9,39136.7,39649.1,1869008.525,2289975.7824999997,-7.877962465273183,-3.7411790272144643,-4.1367834380587185,-1.5180281780856484,0,,-3.7411790272144643,0,100,60,-60,53,-53,-93,-103
1650240000,39649.1,42966,38465.7,39433.4,1847726.305,2265560.8271999997,-14.089783758386961,-7.184374926948575,-6.905408831438386,-3.4947200269604703,0,,,0,100,60,-60,53,-53,-93,-103
1650844800,39433.4,40800,37350,38440.5,2427675.083,2297390.3559499993,-22.83400857805993,-14.933918267240024,-7.900090310819905,-5.209272996804667,0,,,0,100,60,-60,53,-53,-93,-103
1651449600,38440.2,40071.7,33665,34032,2616656.062,2331471.053149999,-35.66297008167361,-24.195587472706833,-11.46738260896678,-7.784666016448233,0,,,0,100,60,-60,53,-53,-93,-103
1652054400,34032.1,34243.3,26631,31324.4,5168460.373,2512352.3935499997,-51.32550117884248,-36.607493279525336,-14.718007899317143,-10.419576126210716,0,,,0,100,60,-60,53,-53,-93,-103
1652659200,31324.3,31327.4,28629.6,30284,2766796.107,2565269.7014499996,-59.29057090885783,-48.75968072312464,-10.530890185733192,-12.194238990091062,0,,,0,100,60,-60,53,-53,-93,-103
1653264000,30284,30658,27952.1,29452.8,2788872.197,2589613.0118999993,-63.27451093100238,-57.96352767290089,-5.310983258101494,-13.9738325092797,0,,,0,100,60,-60,53,-53,-93,-103
1653868800,29452.6,32427.5,29220,29909.9,2564334.626,2618697.2436999995,-62.25750301006259,-61.6075282833076,-0.6499747267549907,-14.881404838233072,0,,,0,100,60,-60,53,-53,-93,-103
1654473600,29910,31780,26538.7,26564.7,3289367.275,2629667.7237999993,-63.59954629497339,-63.043853412012794,-0.5556928829605994,-15.26552616112586,0,,,0,100,60,-60,53,-53,-93,-103
1655078400,26564.7,26877,17593.2,20564.2,8395919.941,2898952.9615499997,-71.07202773104574,-65.64302567869392,-5.429002052351819,-14.86099297378688,0,,,0,100,60,-60,53,-53,-93,-103
1655683200,20564.3,21888,19630,21029.1,4756201.668,3021479.8110999996,-73.90814909384694,-69.5265743732887,-4.381574720558248,-15.854248415162768,0,,,0,100,60,-60,53,-53,-93,-103
1656288000,21029.1,21560,18563,19305.9,4338897.741,3107762.3045499995,-74.48012839476205,-73.15343507321825,-1.3266933215438002,-17.860708178703266,0,,,0,100,60,-60,53,-53,-93,-103
1656892800,19306,22579.9,19046.3,20853.8,4579046.081,3228538.5822999994,-71.56825356341417,-73.31884368400772,1.750590120593543,-16.36714110815102,1,-73.31884368400772,,0,100,60,-60,53,-53,-93,-103
1657497600,20853.8,21674.1,18901,20794.4,4595214.651,3281749.9004499996,-68.34831241791075,-71.46556479202899,3.1172523741182374,-13.45730255027458,0,,,0,100,60,-60,53,-53,-93,-103
1658102400,20794.4,24277,20764.4,22570.6,5379868.4,3409911.5260999994,-61.52642781477425,-67.1476645986997,5.621236783925454,-10.846690081549076,0,,,0,100,60,-60,53,-53,-93,-103
1658707200,22570.6,24700,20689.6,23290.1,4280516.335,3485406.367499999,-54.83890837747943,-61.57121620338813,6.7323078259087055,-8.832517783929827,0,,,0,100,60,-60,53,-53,-93,-103
1659312000,23290.1,23650,22370,23167.8,3334300.374,3536070.1570999986,-48.65166555806738,-55.005667250107,6.354001692039624,-7.401208046167795,0,,,0,100,60,-60,53,-53,-93,-103
1659916800,23167.9,25065,22608,24294.1,3930706.635,3629836.545449999,-40.640879701053144,-48.04381787886663,7.402938177813489,-6.133835501549266,0,,,0,100,60,-60,53,-53,-93,-103
1660521600,24294.1,25200,20742.9,21505.6,4009446.574,3734749.322049999,-39.000284688398175,-42.76427664917289,3.7639919607747174,-5.908155971980864,0,,,0,100,60,-60,53,-53,-93,-103
1661126400,21505.6,21925.6,19508,19547.5,3869531.12,3840427.303649999,-43.823875631458364,-41.15501334030322,-2.6688622911551434,-7.4387744985468,0,,-41.15501334030322,0,100,60,-60,53,-53,-93,-103
1661731200,19547.6,20574,19524.4,19992.7,4120426.129,3952998.1838499987,-46.845318635381005,-43.22315965174584,-3.622158983635167,-8.11121858600536,0,,,0,100,60,-60,53,-53,-93,-103
1662336000,19992.7,21883.4,18500,21820.3,4430120.521,4082117.8946499983,-45.63794933607653,-45.43571453430528,-0.20223480177124742,-7.267130347682232,0,,,0,100,60,-60,53,-53,-93,-103
1662940800,21820.3,22850,19300,19404.5,4744240.359,4197946.158449998,-44.78114666519467,-45.75480487888405,0.973658213689383,-7.398592951768814,0,-45.75480487888405,,0,100,60,-60,53,-53,-93,-103
1663545600,19404.5,20154.1,18084.3,18799.7,5435488.339,4338887.7722999975,-48.80851517260615,-46.40920372462577,-2.3993114479803808,-11.788513935828123,0,,-46.40920372462577,0,100,60,-60,53,-53,-93,-103
1664150400,18799.7,20375,18460,19049.4,5992165.066,4380073.0069499975,-49.312038296078654,-47.63390004462647,-1.6781382514521823,-14.639021170138253,0,,,0,100,60,-60,53,-53,-93,-103
1664755200,19049.3,20500,18950.8,19430,4113950.007,4447430.701949998,-47.295484551650546,-48.4720126734451,1.1765281217945542,-16.93331258599103,0,-48.4720126734451,,0,100,60,-60,53,-53,-93,-103
1665360000,19430,19947.9,17917.8,19251.9,4046559.104,4510315.047299998,-47.710197249293145,-48.10590669900743,0.3957094497142819,-19.161126527687323,0,,,0,100,60,-60,53,-53,-93,-103
1665964800,19251.8,19706.4,18600,19560.7,3193205.908,4541758.611399998,-45.837736968035166,-46.94780625632628,1.1100692882911147,-19.774554829795363,0,,,0,100,60,-60,53,-53,-93,-103
1666569600,19560.6,21088,19146,20615.6,4083903.839,4581485.439599997,-37.31608240648456,-43.62133887460428,6.305256468119715,-18.44027726525035,0,,,0,100,60,-60,53,-53,-93,-103
1667174400,20615.5,21473.7,20026,20900,3222777.508,4322828.317949997,-26.30418761644172,-36.48600233032047,10.181814713878747,-15.978325440544255,0,,,0,100,60,-60,53,-53,-93,-103
1667779200,20900,21062.6,15462.6,16321.2,7773127.798,4473674.624449998,-39.14386280295166,-34.25471094195931,-4.889151860992349,-17.864460228601853,0,,-34.25471094195931,0,100,60,-60,53,-53,-93,-103
1668384000,16321.3,17188,15805.5,16272.6,3418007.843,4427630.129549998,-50.57300161896362,-38.673684012785664,-11.89931760617796,-18.482821492010725,0,,,0,100,60,-60,53,-53,-93,-103
1668988800,16272.7,16800,15443.2,16422.6,3016768.599,4349516.255449998,-56.53538887673018,-48.75075109954849,-7.784637777181693,-19.590981257651674,0,,,0,100,60,-60,53,-53,-93,-103
1669593600,16422.5,17348.5,15984.1,17099.5,2732312.307,4256371.138249999,-56.332638663310114,-54.4803430530013,-1.8522956103088148,-22.671276408056308,0,,,0,100,60,-60,53,-53,-93,-103
1670198400,17099.5,17430,16655,17077.3,2184362.288,4096595.8326499984,-53.79400374707351,-55.55401042903793,1.7600066819644198,-25.098819853013875,0,-55.55401042903793,,0,100,60,-60,53,-53,-93,-103
1670803200,17077.3,18400,16521.1,16730.3,3054017.016,4035270.8666999987,-50.070457109769634,-53.39903317338442,3.3285760636147828,-26.46205311062454,0,,,0,100,60,-60,53,-53,-93,-103
1671408000,16730.4,17049.6,16210,16824.4,1846302.999,3960870.997949999,-49.794008058479896,-51.21948963844102,1.4254815799611222,-27.444175582343597,0,,,0,100,60,-60,53,-53,-93,-103
1672012800,16824.5,16968,16320,16610.3,1499794.263,3839325.379349998,-49.01635847524116,-49.626941214496895,0.610582739255733,-28.664098784213312,0,,,0,100,60,-60,53,-53,-93,-103
1672617600,16610.4,17181.1,16541.2,17124.7,1497013.251,3713703.7131999983,-45.177099562053556,-47.99582203192487,2.818722469871311,-29.094969549785045,0,,,0,100,60,-60,53,-53,-93,-103
1673222400,17124.6,21544,17098.2,20882.7,4370293.052,3738741.809799998,-20.54283435045626,-38.245430795916995,17.702596445460735,-24.497536399677255,0,,,0,100,60,-60,53,-53,-93,-103
1673827200,20882.7,23390,20386,22704.6,4372914.039,3751366.2052999986,4.388565198383603,-20.443789571375405,24.832354769759007,-19.87951678054339,0,,,0,100,60,-60,53,-53,-93,-103
1674432000,22704.7,23962.7,22310.5,23740.3,3410383.576,3700379.358049999,22.29168738383193,2.0458060772530913,20.24588130657884,-15.56548669903778,0,,,0,100,60,-60,53,-53,-93,-103
1675036800,23740.2,24281.4,22484.2,22929.2,3188070.145,3622570.847349999,32.21245289822546,19.630901826813666,12.581551071411791,-13.101877316501422,0,,,0,100,60,-60,53,-53,-93,-103
1675641600,22929.3,23450,21405,21771.1,2886218.224,3495107.3415999995,34.64916639111388,29.71776889105709,4.931397500056789,-12.012418262779951,0,,,0,100,60,-60,53,-53,-93,-103
1676246400,21771,25290,21338,24265.9,4622323.325,3426615.2545499997,40.56400978762351,35.80854302565428,4.755466761969231,-11.370131505686881,0,,,0,100,60,-60,53,-53,-93,-103
1676851200,24265.9,25347.6,22700,23545.3,4271213.808,3434478.4445999996,44.28696590662702,39.83338069512147,4.453585211505548,-10.757854727431411,0,,,0,100,60,-60,53,-53,-93,-103
1677456000,23545.2,24022.7,21883.2,22419.4,3136273.226,3388964.150699999,41.76825629854676,42.20641066426577,-0.4381543657190079,-9.97404806948961,0,,42.20641066426577,0,100,60,-60,53,-53,-93,-103
1678060800,22419.3,22594.5,19521.6,21986.2,5220379.048,3490322.8076999993,32.052520344740024,39.369247516637934,-7.316727171897909,-11.059926558813556,0,,,0,100,60,-60,53,-53,-93,-103
1678665600,21986.2,28397,21804,27955.7,7785806.644,3675417.947949999,44.858667119240764,39.55981458750918,5.298852531731583,-6.392842728793267,0,39.55981458750918,,0,100,60,-60,53,-53,-93,-103
1679270400,27955.8,28881,26590,27954.3,4942784.889,3761418.316999999,55.66938972434886,44.193525729443216,11.475863994905644,-2.6826315068449533,0,,,0,100,60,-60,53,-53,-93,-103
1679875200,27954.3,29184.8,26480,28161.2,3839037.847,3564713.8194499984,60.58767644086665,53.7052444281521,6.882432012714553,-1.3085245330997601,0,,,0,100,60,-60,53,-53,-93,-103
1680480000,28161.3,28800,27166,28309.4,2757964.647,3531711.659649999,62.31476729332366,59.52394448617974,2.7908228071439254,-1.36687501452927,0,,,0,100,60,-60,53,-53,-93,-103
1681084800,28309.4,31059,28153.6,30286.6,3214743.263,3541610.392849998,65.98575698476145,62.96273357298392,3.0230234117775296,-0.7671428789356968,0,,,0,100,60,-60,53,-53,-93,-103
1681689600,30286.6,30480,27100,27576,3637374.01,3586863.4779999987,62.749263642173474,63.68326264008619,-0.9339989979127168,0.2523238822588012,0,,63.68326264008619,0,100,60,-60,53,-53,-93,-103
1682294400,27575.9,30048.2,26919.3,29223,4471210.643,3701205.8957499987,60.21806236005271,62.98436099566254,-2.7662986356098287,0.33176264350817936,0,,,0,100,60,-60,53,-53,-93,-103
1682899200,29223,29840,27650,28419.4,3603983.531,3728704.221499999,56.899772439671054,59.95569948063241,-3.0559270409613575,0.9502013033850678,0,,,0,100,60,-60,53,-53,-93,-103
1683504000,28419.5,28624.6,25751,26901.9,3393098.433,3806043.993199999,46.90029548509407,54.672710094939276,-7.772414609845207,-2.307783996668027,0,,,0,100,60,-60,53,-53,-93,-103
1684108800,26901.9,27650,26335.3,26732.8,2558920.912,3859000.325649999,37.474847852785,47.09163859251671,-9.616790739731712,-7.330917567669402,0,,,0,100,60,-60,53,-53,-93,-103
1684713600,26732.8,28252.8,25850,28055.7,2555206.915,3911910.0088499994,32.75440726094889,39.04318353294265,-6.288776271993761,-10.199573970668377,0,,,0,100,60,-60,53,-53,-93,-103
1685318400,28055.8,28442,26477.6,27102.4,2413685.061,3814079.6092999997,28.371448379402505,32.866901164378795,-4.49545278497629,-10.867494549157302,0,,,0,100,60,-60,53,-53,-93,-103
1685923200,27102.4,27394.4,25300,25909.9,3597099.903,3775288.902499999,14.88710827483533,25.337654638395573,-10.450546363560244,-10.845541090226266,0,,,0,100,60,-60,53,-53,-93,-103
1686528000,25910,26900,24777,26329.7,2752951.035,3742417.2754499987,3.3837643896094285,15.547440347949083,-12.163675958339654,-11.167897104122462,0,,,0,100,60,-60,53,-53,-93,-103
1687132800,26329.6,31500,26241.2,30458,4123381.737,3789182.855049999,20.85261191027059,13.041161524905112,7.811450385365477,-7.07655500483487,0,13.041161524905112,,0,100,60,-60,53,-53,-93,-103
1687737600,30458,31300,29500,30612.7,2796619.493,3784702.9184999987,35.518218719535035,19.918198339805013,15.600020379730022,-3.1989441070788804,0,,,0,100,60,-60,53,-53,-93,-103
1688342400,30612.7,31568,29680,30147.8,2326121.703,3669892.837399998,43.28575790601241,33.218862845272675,10.066895060739732,0.027241715079218902,0,,,0,100,60,-60,53,-53,-93,-103
1688947200,30147.8,31850,29876.6,30216.8,2673222.711,3589993.2825499983,47.898445092309444,42.23414057261896,5.664304519690482,2.151891583027974,0,,,0,100,60,-60,53,-53,-93,-103
1689552000,30216.9,30420,29400,30070.8,1979647.559,3532161.9991999986,46.55476566830566,45.9129895555425,0.6417761127631607,2.908042729609583,0,,,0,100,60,-60,53,-53,-93,-103
1690156800,30070.9,30091.7,28830,29271.1,1650826.99,3353684.3962999983,41.289067965726964,45.24742624211402,-3.9583582763870524,2.4861406743151537,0,,45.24742624211402,0,100,60,-60,53,-53,-93,-103
1690761600,29271.2,30059.9,28550,29075.9,1830684.759,3055928.3020499987,35.371942770357194,41.07192546812993,-5.6999826977727395,2.160502280046167,0,,,0,100,60,-60,53,-53,-93,-103
1691366400,29075.9,30250,28682.3,29293.3,1673050.527,2892441.583949999,32.18512146469783,36.28204406692732,-4.0969226022294905,3.640817335147703,0,,,0,100,60,-60,53,-53,-93,-103
1691971200,29293.3,29686.7,24581,26175.9,2501137.449,2825546.5640499988,7.956964621791506,25.17134295228217,-17.214378330490664,2.4738469386316977,0,,,0,100,60,-60,53,-53,-93,-103
1692576000,26175.9,26806,25280,26087.7,1670602.96,2771178.4796999986,-10.876472869168765,9.755204405773517,-20.631677274942284,1.8788230582253589,0,,,0,100,60,-60,53,-53,-93,-103
1693180800,26087.6,28168,25312,25962.1,2340290.81,2727455.857049999,-20.293429922832704,-7.737646056736661,-12.555783866096043,1.340854393133798,0,,,0,100,60,-60,53,-53,-93,-103
1693785600,25962.1,26451,25326,25828.4,1346601.181,2612917.2155999993,-29.364764180308462,-20.178222324103317,-9.186541856205146,0.556366972653293,0,,,0,100,60,-60,53,-53,-93,-103
1694390400,25828.4,26890,24888,26514.2,2241563.87,2501434.876949999,-33.52484083102539,-27.727678311388853,-5.797162519636533,-0.28040138914852764,0,,,0,100,60,-60,53,-53,-93,-103
1694995200,26514.2,27480,26081,26232.4,1951073.546,2418789.3776999987,-32.680606343189204,-31.85673711817435,-0.8238692250148532,-0.7880375005806858,0,,,0,100,60,-60,53,-53,-93,-103
1695600000,26232.4,28365.2,25965,27981.4,1841625.217,2341215.716899999,-24.545933477112847,-30.250460217109147,5.7045267399963,-0.3731949630958231,0,-30.250460217109147,,0,100,60,-60,53,-53,-93,-103
1696204800,27981.4,28613,27123,27901.2,2261205.384,2326329.940499999,-13.986153597068501,-23.737564472456853,9.751410875388352,0.011788286230854794,0,,,0,100,60,-60,53,-53,-93,-103
1696809600,27901.2,27977,26525,27139.8,1647949.085,2280967.048999999,-12.726339231165746,-17.086142101782368,4.3598028706166225,0.8056636622914456,0,,,0,100,60,-60,53,-53,-93,-103
1697414400,27139.8,30720,27095.4,29981.5,2775884.877,2299077.039799999,7.44624495906114,-6.422082623057702,13.868327582118841,4.724872621809723,0,,,0,100,60,-60,53,-53,-93,-103
1698019200,29981.4,35981.9,29869.4,34528.6,3307138.897,2284578.989499999,35.203352903709316,9.974419543868237,25.22893335984108,9.213795202862745,0,,,0,100,60,-60,53,-53,-93,-103
1698624000,34528.6,35999.9,34016.8,35025.5,2111887.281,2252525.801799999,51.81307473983864,31.487557534203034,20.325517205635606,11.952975752544017,0,,,0,100,60,-60,53,-53,-93,-103
1699228800,35025.5,38499.9,34520.3,37085.5,2236937.76,2158203.602949999,62.58591862642972,49.86744875665922,12.718469869770495,13.863365281051326,0,,,0,100,60,-60,53,-53,-93,-103
1699833600,37085.6,38000,34446.3,37375.9,2109104.644,2123827.860499999,66.50426393620371,60.30108576749069,6.203178168713023,15.608125548651412,0,,,0,100,60,-60,53,-53,-93,-103
1700438400,37375.8,38425,35610.7,37437.9,1892264.672,2102135.0089499988,68.07790672517768,65.72269642927037,2.3552102959073125,16.783083766470124,0,,,0,100,60,-60,53,-53,-93,-103
1701043200,37437.9,40410.1,36700,39979.7,1814849.988,2059216.3727999986,70.73907959067608,68.44041675068583,2.298662839990257,17.9731591134489,0,,,0,100,60,-60,53,-53,-93,-103
1701648000,39979.8,44779.3,39970.4,43810,2523679.104,2086417.9500499987,76.31955668794582,71.71218100126653,4.6073756866792905,20.57839520697816,0,,,0,100,60,-60,53,-53,-93,-103
1702252800,43810.1,43833.4,40228.3,41396.5,2378122.213,2122782.7111999984,75.52198677201753,74.1935410168798,1.3284457551377216,21.520515078519015,0,,,0,100,60,-60,53,-53,-93,-103
1702857600,41396.6,44484,40553.8,43008.4,1883795.71,2125438.258749998,74.29731562115401,75.37961969370578,-1.0823040725517643,20.372197690525194,0,,75.37961969370578,0,100,60,-60,53,-53,-93,-103
1703462400,43008.4,43850,41283.2,42314,1683481.496,2125959.8071999983,71.1730358041572,73.6641127324429,-2.4910769282857075,18.486844635654965,0,,,0,100,60,-60,53,-53,-93,-103
1704067200,42314,45950,40333,43916.9,2290222.292,2115414.049349998,69.02800759912823,71.49945300814647,-2.4714454090182443,21.35161791824626,0,,,0,100,60,-60,53,-53,-93,-103
1704672000,43916.9,49027.5,41370,41734.9,3238756.526,2193821.7276499984,67.11944731235471,69.1068302385467,-1.987382926191998,24.538745556407648,0,,,0,100,60,-60,53,-53,-93,-103
1705276800,41734.9,43589,40300,41580,1580586.555,2155836.514899998,59.329446692054184,65.15896720117904,-5.829520509124855,24.90424073581482,0,,,0,100,60,-60,53,-53,-93,-103
1705881600,41579.9,42836,38545,42021.2,2029471.884,2189980.0500499983,50.508918126993414,58.985937377134114,-8.4770192501407,23.86737193797998,0,,,0,100,60,-60,53,-53,-93,-103
1706486400,42021.2,43888,41768.3,42570.3,1517494.627,2153776.5878999983,48.71607381241066,52.85147954381943,-4.135405731408767,23.83184727826169,0,,,0,100,60,-60,53,-53,-93,-103
1707091200,42570.3,48600,42235.1,48303.4,1898340.985,2151139.9598499984,56.671192002411814,51.96539464727198,4.705797355139836,25.920851345829043,0,51.96539464727198,,0,100,60,-60,53,-53,-93,-103
1707696000,48303.4,52859,47702,52175.9,2270079.511,2172562.6745499982,68.03554187515502,57.807602563325844,10.227939311829175,28.984016395616447,0,,,0,100,60,-60,53,-53,-93,-103
1708300800,52175.9,53090.9,50512.7,51764.9,1580169.269,2138510.8687999984,73.28778984455938,65.99817457404208,7.289615270517302,31.525004310903658,0,,,0,100,60,-60,53,-53,-93,-103
1708905600,51764.9,64300,50922.5,63178.5,3159006.21,2214063.725049998,82.93007739327003,74.75113637099481,8.178941022275211,33.4573645725965,0,,,0,100,60,-60,53,-53,-93,-103
1709510400,63178.5,70330.8,59112,69001.8,3304081.79,2240473.570699998,90.45165791609357,82.22317505130768,8.228482864785889,31.160794046327187,0,,,0,100,60,-60,53,-53,-93,-103
1710115200,69001.8,73881.4,64559.8,68447.9,3102943.926,2230263.8221499985,93.02379286151302,88.80184272362555,4.221950137887461,29.25581897018193,0,,,0,100,60,-60,53,-53,-93,-103
1710720000,68447.9,69044.4,60800,67260.9,2887497.782,2269044.347199998,88.78656852606466,90.75400643455708,-1.9674379084924283,27.741501107948732,0,,90.75400643455708,0,100,60,-60,53,-53,-93,-103
1711324800,67260.9,71888,66427.6,71363,1764530.701,2245423.994249998,86.83635993032388,89.54890710596719,-2.7125471756433086,27.3180198216531,0,,,0,100,60,-60,53,-53,-93,-103
1711929600,71363,71388,64500,69362.7,1995659.421,2239751.733099998,81.82892511688445,85.81728452442434,-3.988359407539889,27.408884283778544,0,,,0,100,60,-60,53,-53,-93,-103
1712534400,69362.7,72890.4,59652.5,65615.9,2551569.246,2272716.961799998,74.16512019517786,80.94346841412874,-6.778348218950882,26.503956816723257,0,,,0,100,60,-60,53,-53,-93,-103
1713139200,65615.9,66874.9,59541,64912.6,2526888.926,2308318.9086999977,64.46187331272309,73.48530620826182,-9.023432895538733,24.69277769520333,0,,,0,100,60,-60,53,-53,-93,-103
1713744000,64912.7,67222,62332.8,63088.3,1476326.133,2255951.2601499977,56.87534001910489,65.16744450900197,-8.292104489897078,24.12457192757144,0,,,0,100,60,-60,53,-53,-93,-103
1714348800,63088.4,64700,56537.7,63988,2244853.803,2249287.839649998,45.635563789267806,55.65759237369863,-10.02202858443082,24.98811424421552,0,,,0,100,60,-60,53,-53,-93,-103
1714953600,63987.9,65500,60117.4,61455.8,1552769.741,2232736.541199998,37.610617537313836,46.70717378189554,-9.096556244581706,21.87744599827049,0,,,0,100,60,-60,53,-53,-93,-103
1715558400,61455.7,67750,60750,66239.4,1585981.099,2227861.5213499977,37.55285057854605,40.266343968375935,-2.7134933898298854,20.340878727870066,0,,,0,100,60,-60,53,-53,-93,-103
1716163200,66239.4,72132.8,66010,68524.3,1479821.032,2187341.4583499976,45.42712304460982,40.19686372015661,5.230259324453215,20.84868787679176,0,40.19686372015661,,0,100,60,-60,53,-53,-93,-103
1716768000,68524.4,70750,66700.5,67805.9,1099829.822,2080395.1231499973,48.329489930941236,43.769821184699076,4.55966874624216,21.29106146047733,0,,,0,100,60,-60,53,-53,-93,-103
1717372800,67805.9,72144,67642.6,69667.1,1239540.064,2063342.7985999975,51.943649337058716,48.56675410420329,3.376895232855425,21.670930374594825,0,,,0,100,60,-60,53,-53,-93,-103
1717977600,69667.1,70222.7,65052.4,66653.6,1409836.722,2032361.0404999976,47.38384074925105,49.2189933390837,-1.8351525898326528,21.439555276148376,0,,49.2189933390837,0,100,60,-60,53,-53,-93,-103
1718582400,66653.5,67280.6,63137.9,63194.9,1291090.197,2021040.8189999976,34.66668844579292,44.664726177367605,-9.998037731574684,20.069117075823986,0,,,0,100,60,-60,53,-53,-93,-103
1719187200,63194.9,63357,58218,62766,1464339.287,1999340.7340999977,16.414514268253814,32.82168115443263,-16.407166886178818,18.379141464746848,0,,,0,100,60,-60,53,-53,-93,-103
1719792000,62766.1,63849,53329.5,55830.9,2064134.321,1989043.4745999977,-3.5612416188879052,15.839987031719645,-19.40122865060755,18.62140356083581,0,,,0,100,60,-60,53,-53,-93,-103
1720396800,55831,61412.4,54243.1,60766,1872787.527,2003674.3874999979,-14.06654766084301,-0.4044250038256685,-13.662122657017342,19.778458873789752,0,,,0,100,60,-60,53,-53,-93,-103
1721001600,60766,68351.2,60622.6,68138,1862437.93,1938845.9734999978,-4.298811416347535,-7.308866898692784,3.0100554823452494,21.470835300800314,0,-7.308866898692784,,0,100,60,-60,53,-53,-93,-103
1721606400,68138,69381.7,63456.7,68215.5,1681468.041,1857715.286049998,5.860322088903812,-4.168345662762213,10.028667751666024,22.866335972793884,0,,,0,100,60,-60,53,-53,-93,-103
1722211200,68215.5,70081,57040,58144.5,2289743.689,1817055.274199998,-1.227631195893836,0.1112931588875125,-1.3389243547813485,23.895342675234968,0,,0.1112931588875125,0,100,60,-60,53,-53,-93,-103
1722816000,58144.5,62737.2,48888,58693.1,3192302.281,1832295.499149998,-17.102685387209405,-4.156664831399778,-12.946020555809628,23.634603816812344,0,,,0,100,60,-60,53,-53,-93,-103
1723420800,58693.1,61839.7,55969,58390,1775042.09,1832821.0685999983,-23.01650580307601,-13.782274128726385,-9.234231674349626,19.784669056706793,0,,,0,100,60,-60,53,-53,-93,-103
1724025600,58390.1,65175.4,57750,64190.2,1613554.406,1813715.8178499981,-16.917839771798405,-19.01234365402791,2.0945038822295032,17.928267875449816,0,-19.01234365402791,,0,100,60,-60,53,-53,-93,-103
1724630400,64190.1,64455.8,57123,57268.1,1642985.336,1768286.6223499984,-20.8966455187801,-20.27699703121814,-0.6196484875619603,16.4793536467536,0,,-20.27699703121814,0,100,60,-60,53,-53,-93,-103
1725235200,57268.1,59790,52510.8,54839.6,1821930.027,1733038.6773999985,-33.16232164256107,-23.658935644379863,-9.503385998181205,14.400073806451696,0,,,0,100,60,-60,53,-53,-93,-103
1725840000,54839.6,60597,54557,59100.5,1651627.445,1741803.7429999984,-34.38274209814252,-29.480569753161234,-4.902172344981288,14.004887458471584,0,,,0,100,60,-60,53,-53,-93,-103
1726444800,59100.5,64126.7,57446.3,63558.4,1711804.303,1715151.2679999985,-22.524931321905363,-30.023331687536324,7.49840036563096,16.34845724263267,0,-30.023331687536324,,0,100,60,-60,53,-53,-93,-103
1727049600,63558.5,66450,62534.4,65568.1,1384777.693,1706751.6655999986,-4.8542087411861985,-20.5872940537447,15.7330853125585,19.591402430174046,0,,,0,100,60,-60,53,-53,-93,-103
1727654400,65568.2,65588.8,59815,62789.3,1745345.295,1714719.8753999986,1.4446626351150273,-8.644825809325516,10.089488444440544,21.039269981890634,0,,,0,100,60,-60,53,-53,-93,-103
1728259200,62789.2,64448.2,58900,62839.8,1501647.264,1715811.1869999985,3.830431537761814,0.14029514389687714,3.690136393864937,23.977346622935443,0,,,0,100,60,-60,53,-53,-93,-103
1728864000,62839.7,69425.8,62420,69020.1,1654556.811,1743547.5364499986,20.91294049880044,8.72934489055909,12.183595608241351,27.3592733595848,0,,,0,100,60,-60,53,-53,-93,-103
1729468800,69020.2,69566,65222.3,67992.6,1463662.761,1754753.6712999984,32.22586855643408,18.98974686433211,13.236121692101971,29.4861638487324,0,,,0,100,60,-60,53,-53,-93,-103
1730073600,67992.7,73660,67446.6,68762.5,1788417.312,1773682.7007999984,43.22367113855602,32.12082673126351,11.102844407292508,32.18497687833791,0,,,0,100,60,-60,53,-53,-93,-103
1730678400,68762.5,81699.8,66810,80410,2241649.612,1821210.6715499987,57.70210369177347,44.38388112892119,13.318222562852284,34.70433458912382,0,,,0,100,60,-60,53,-53,-93,-103
1731283200,80409.9,93421.1,80261.2,89899.9,2784493.37,1887218.3756999983,73.5764273282382,58.16740071952256,15.409026608715635,36.72366053222376,0,,,0,100,60,-60,53,-53,-93,-103
1731888000,89900,99660,89422.1,97960.4,1904767.833,1879250.051299998,83.56124080766249,71.61325727589139,11.9479835317711,37.29943074503371,0,,,0,100,60,-60,53,-53,-93,-103
1732492800,97960.5,98999,90866.4,97265.1,1462135.424,1858717.446149998,85.77306472396702,80.97024428662257,4.802820437344451,36.73515400813642,0,,,0,100,60,-60,53,-53,-93,-103
1733097600,97265,104630.4,90200,101200,1808426.429,1856016.871099998,85.86151635470982,85.06527396211311,0.7962423925967101,37.164791224645754,0,,,0,100,60,-60,53,-53,-93,-103
1733702400,101200.1,105374.6,94039.7,104460.4,1473342.897,1845610.613899998,84.62517844117671,85.41991983995119,-0.7947413987744767,35.61244311259077,0,,85.41991983995119,0,100,60,-60,53,-53,-93,-103
1734307200,104460.5,108366.8,92272.6,95153.5,1879282.076,1825087.5332499978,79.73993121657594,83.40887533748749,-3.668944120911547,32.71131915571765,0,,,0,100,60,-60,53,-53,-93,-103
1734912000,95153.4,99950,92464.4,93700,1147424.556,1722843.6469999976,72.21813302084297,78.86108089286522,-6.642947872022248,30.076816986645458,0,,,0,100,60,-60,53,-53,-93,-103
1735516800,93699.9,98949,91510,98340.2,945958.461,1681389.4655499975,66.20480104088445,72.7209550927678,-6.516154051883348,27.915001957253835,0,,,0,100,60,-60,53,-53,-93,-103
1736121600,98340.2,102762.1,91055.8,94499.9,1389880.503,1670205.7703999975,60.502659894374034,66.30853131870049,-5.805871424326455,26.472631504427955,0,,,0,100,60,-60,53,-53,-93,-103
1736726400,94499.9,106450,88909,101311.5,1708093.169,1673461.1620499976,58.21507096834582,61.64084396786811,-3.4257729995222874,27.273627241367898,0,,,0,100,60,-60,53,-53,-93,-103
1737331200,101311.5,110000,99501,102560.1,1680366.755,1666382.9984499975,60.42745181984646,59.715060894188774,0.7123909256576866,28.896331108941645,0,59.715060894188774,,0,100,60,-60,53,-53,-93,-103
1737936000,102560,106450,96029.6,97664.5,1298600.088,1648731.6305999975,56.23958039402693,58.29403439407307,-2.0544540000461424,27.69201452491776,0,,58.29403439407307,0,100,60,-60,53,-53,-93,-103
1738540800,97664.5,102456,91130.3,96423.6,1424336.263,1634358.2285999977,47.437477475443956,54.70150322977245,-7.264025754328493,25.575823258912195,0,,,0,100,60,-60,53,-53,-93,-103
1739145600,96423.6,98792.8,94003.9,96067,881010.477,1609169.8677999978,39.26344003139428,47.64683263362173,-8.383392602227445,23.533804419833885,0,,,0,100,60,-60,53,-53,-93,-103
1739750400,96067,99431.5,93321.6,96218.4,924636.507,1568134.4283999975,32.444604651171076,39.715174052669774,-7.2705694014986975,22.298482255214033,0,,,0,100,60,-60,53,-53,-93,-103
1740355200,96218.4,96470,78200.2,94222.8,2408387.043,1613471.4173499977,12.84858979469183,28.185544825752398,-15.336955031060569,19.58316450907278,0,,,0,100,60,-60,53,-53,-93,-103
1740960000,94222,94373.4,79933.4,80688.8,2220716.652,1641779.4093999977,-6.711741138059633,12.860484435934424,-19.572225573994057,16.656860963075005,0,,,0,100,60,-60,53,-53,-93,-103
1741564800,80690.7,85270.2,76560,82541.6,1846147.52,1660903.6473499977,-22.58294911461526,-5.4820334859943545,-17.100915628620907,16.025996297787305,0,,,0,100,60,-60,53,-53,-93,-103
1742169600,82541.6,87500,81113.5,86044.2,1154005.86,1629183.0747499976,-27.969723821352183,-19.08813802467569,-8.881585796676493,17.062879257685907,0,,,0,100,60,-60,53,-53,-93,-103
1742774400,86044.1,88752,81501.4,82352.8,1203185.347,1577259.8614999976,-32.131317819794376,-27.561330251920605,-4.5699875678737705,16.743157790141286,0,,,0,100,60,-60,53,-53,-93,-103
1743379200,82353.1,88500,77111,78390,1731330.812,1524601.7335999976,-38.219459593688,-32.773500411611515,-5.445959182076486,13.687783828897704,0,,,0,100,60,-60,53,-53,-93,-103
1743984000,78390.1,86100,74457,83713.7,2537384.087,1556232.5462999975,-41.3013175447788,-37.217364986087055,-4.083952558691742,10.326878288547192,0,,,0,100,60,-60,53,-53,-93,-103
1744588800,83713.8,86443,83063.9,85138.8,963597.377,1531305.6439499976,-37.00206340404479,-38.84094684750386,1.8388834434590677,9.58510033466445,0,-38.84094684750386,,0,100,60,-60,53,-53,-93,-103
1745193600,85138.9,95769.6,85100,93697.1,1346100.977,1508189.3713499974,-20.522113487797128,-32.941831478873574,12.419717991076446,10.49728333742792,0,,,0,100,60,-60,53,-53,-93,-103
1745798400,93697,97865.4,92700,94230.2,1002587.607,1484651.6068499975,-3.633544469509168,-20.385907120450362,16.752362650941194,11.001362373123523,0,,,0,100,60,-60,53,-53,-93,-103
1746403200,94230.2,105000.1,93327,104072.7,1247679.932,1453071.4996499973,14.300471915334168,-3.285062013990712,17.58553392932488,11.74096997011088,0,,,0,100,60,-60,53,-53,-93,-103
1747008000,104072.7,106629.8,100678,106407.6,1100629.232,1450731.7334499974,28.468025645715713,13.044984363846899,15.423041281868814,12.697105374826231,0,,,0,100,60,-60,53,-53,-93,-103
1747612800,106407.5,111959.5,102038.8,108955.9,1747774.645,1490822.5426499974,38.986831174684596,27.251776245244827,11.73505492943977,13.14390798846576,0,,,0,100,60,-60,53,-53,-93,-103
1748217600,108956,110700,103032.1,105583.3,1162840.521,1479470.5435499975,43.53769651493373,36.99751777844468,6.540178736489047,13.538654103449693,0,,,0,100,60,-60,53,-53,-93,-103
1748822400,105583.3,106775,100305.1,105676.5,991480.907,1443639.9304499975,43.499281595173144,42.007936428263825,1.4913451669093192,13.963589636352388,0,,,0,100,60,-60,53,-53,-93,-103
1749427200,105676.5,110653.6,102614,105534.6,1070052.276,1413124.2064999978,44.866596639003824,43.96785824970357,0.8987383893002558,15.406732115870259,0,,,0,100,60,-60,53,-53,-93,-103
1750032000,105534.7,108900,98115.4,100904.7,1266718.207,1411530.1124499976,40.39775727028422,42.92121183482039,-2.5234545645361735,15.463923909997368,0,,42.92121183482039,0,100,60,-60,53,-53,-93,-103
1750636800,100904.7,108499,99547.6,108309.8,949139.331,1387770.2658499978,40.737042630546355,42.00046551327813,-1.2634228827317742,17.39156106754564,0,,,0,100,60,-60,53,-53,-93,-103
1751241600,108309.8,110484,105010,109145.8,795526.443,1383496.0641499977,44.190011670593925,41.77493719047484,2.415074480119088,20.265989458503967,0,41.77493719047484,,0,100,60,-60,53,-53,-93,-103
1751846400,109145.8,119655,107400,119038.3,948552.759,1384691.8767499975,53.73636092948815,46.22113841020948,7.515222519278673,22.53064528362253,0,,,0,100,60,-60,53,-53,-93,-103
1752451200,119038.3,123300,115678.1,117216,1112132.596,1319879.1543999976,60.897332236639684,52.94123494557392,7.956097291065767,22.69561593154319,0,,,0,100,60,-60,53,-53,-93,-103
1753056000,117216.1,120300.1,114667.3,119423.4,996667.125,1258676.6780499977,62.85380430481003,59.16249915697929,3.6913051478307466,22.51276344974245,0,,,0,100,60,-60,53,-53,-93,-103
1753660800,119423.5,119812,111850,114150.8,868856.532,1209812.1286499978,59.48918621147922,61.080107584309644,-1.5909213728304223,21.31858479178143,0,,61.080107584309644,0,100,60,-60,53,-53,-93,-103
1754265600,114150.9,119291.9,112582.4,119255.3,733737.668,1188798.7190499979,58.07695595686387,60.139982157717704,-2.063026200853834,21.59962493764541,0,,,0,100,60,-60,53,-53,-93,-103
1754870400,119255.3,124545.6,116736.3,117353.8,1012275.833,1179253.2433499978,58.83447301369535,58.80020506067948,0.03426795301587049,23.496814939658144,0,58.80020506067948,,0,100,60,-60,53,-53,-93,-103
1755475200,117353.9,117499.4,110484,113446.3,926428.186,1139008.112049998,49.6894908608272,55.53363994379547,-5.844149082968272,23.680311389353996,0,,55.53363994379547,0,100,60,-60,53,-53,-93,-103
1756080000,113446.2,113621.3,107281,108208.4,872248.223,1055751.318849998,34.50780337549295,47.677255750005166,-13.169452374512218,22.79817412941946,0,,,0,100,60,-60,53,-53,-93,-103
1756684800,108208.4,113344.3,107211.5,111076,847545.276,1049948.713799998,24.126303234245817,36.10786582352199,-11.981562589276173,22.3141568671627,0,,,0,100,60,-60,53,-53,-93,-103
1757289600,111075.5,116605.7,110566.5,115210,727991.907,1019043.260299998,24.20248318772895,27.61219659915591,-3.40971341142696,21.503774979749775,0,,,0,100,60,-60,53,-53,-93,-103
1757894400,115210,117875.2,114338.5,115183.9,635999.008,1000713.830349998,27.943853203337675,25.424213208437493,2.5196399949001815,21.422513165456184,0,25.424213208437493,,0,100,60,-60,53,-53,-93,-103
1758499200,115183.9,115344.6,108566,112119.6,771095.215,976884.594499998,19.495604432454613,23.880646941173755,-4.385042508719142,21.36685358583069,0,,23.880646941173755,0,100,60,-60,53,-53,-93,-103
1759104000,112119.7,125877.3,111501,123426.7,964102.563,970058.261049998,33.68105196506322,27.040169866951846,6.640882098111373,25.389760334315675,0,27.040169866951846,,0,100,60,-60,53,-53,-93,-103
1759708800,123426.7,126208.5,101516.5,114894.4,1386360.101,951987.533849998,27.4087054980515,26.861787298523122,0.5469181995283776,25.849671062900622,0,,,0,100,60,-60,53,-53,-93,-103
1760313600,114894.5,115912,103470,108586.2,1205336.469,954112.331249998,9.26091428339464,23.45022391550313,-14.18930963210849,23.63610721349092,0,,23.45022391550313,0,100,60,-60,53,-53,-93,-103
1760918400,108586.2,115521.7,106360.3,114497.8,944673.477,951771.9597499978,3.6962592154821223,13.455292998976098,-9.759033783493976,23.170390880800362,0,,,0,100,60,-60,53,-53,-93,-103
1761523200,114497.9,116380.2,106200,110494.9,874162.132,941977.4525499977,-4.087158016585088,2.956671827430569,-7.043829844015656,23.609381652100026,0,,,0,100,60,-60,53,-53,-93,-103
1762128000,110494.9,110711,98888.8,104670.6,1095827.199,933432.9021499979,-23.621870038406918,-8.004256279836616,-15.617613758570302,22.167122113908665,0,,,0,100,60,-60,53,-53,-93,-103
1762732800,104670.7,107473.7,92922.8,94221.7,1142972.998,943124.5854999978,-42.70519122710907,-23.471406427367015,-19.233784799742054,18.345405709797536,0,,,0,100,60,-60,53,-53,-93,-103
1763337600,94221.7,96012.2,80600,86807.7,1623735.37,984535.0318499978,-60.24731244091445,-42.19145790214347,-18.05585453877098,13.39842048206296,0,,,0,100,60,-60,53,-53,-93,-103
1763942400,86807.6,93080,85226.4,90320.6,900839.496,982149.3686999979,-66.17331159692678,-56.37527175498342,-9.798039841943357,11.292891497665403,0,,,0,100,60,-60,53,-53,-93,-103
1764547200,90320.5,94185,83786,90345.4,1238563.004,988470.8890999978,-67.7930055785944,-64.73787653881186,-3.0551290397825426,10.609519445052843,0,,,0,100,60,-60,53,-53,-93,-103
1765152000,90345.4,94555,87504.3,88118.8,959210.347,986598.0501999978,-66.44606268312151,-66.80412661954755,0.35806393642603496,9.024062004366893,1,-66.80412661954755,,0,100,60,-60,53,-53,-93,-103
1765756800,88118.8,90363.2,84408.6,88621.3,1056544.25,995982.4360999977,-65.90948802816634,-66.71618542996073,0.8066974017943949,7.656391209102387,0,,,0,100,60,-60,53,-53,-93,-103
1766361600,88621.3,90599,86355,87920.5,642316.987,991411.4020499976,-63.46427365416034,-65.27327478848271,1.8090011343223722,5.571621721794132,0,,,0,100,60,-60,53,-53,-93,-103
1766966400,87920.4,91779.7,86760,91497.1,768785.875,979236.9041499976,-58.54665342923653,-62.64013837052105,4.0934849412845224,3.7951063884689247,0,,,0,100,60,-60,53,-53,-93,-103
1767571200,91497.2,94760.3,89242,90964.4,903531.956,978092.0926499976,-51.753280329900925,-57.92140247109925,6.1681221411983245,3.346393260972957,0,,,0,100,60,-60,53,-53,-93,-103
1768176000,90964.4,97932.1,90066,93614,903799.248,979669.6438999975,-41.987896812571826,-50.76261019056975,8.774713377997927,3.6882021822311013,0,,,0,100,60,-60,53,-53,-93,-103
1768780800,93614,93614.1,86021.7,86628.9,890751.242,981829.9421999974,-43.59232789598646,-45.77783501281973,2.1855071168332714,1.4867991309487676,0,,,0,100,60,-60,53,-53,-93,-103
1769385600,86628.9,90592.7,75500,76931.5,1316509.162,1011255.8049499973,-54.22871962321798,-46.60298144392541,-7.6257381792925685,-2.0201939791979053,0,,-46.60298144392541,0,100,60,-60,53,-53,-93,-103
1769990400,76931.6,79311,59800,70288.1,2519186.317,1105415.1703999974,-68.05675233889865,-55.29259995270102,-12.76415238619763,-5.335063887448498,0,,,0,100,60,-60,53,-53,-93,-103
1770595200,70288.2,71434.9,65081,68796.9,1311761.885,1132448.5038999976,-73.95533792059715,-65.41360329423792,-8.54173462635923,-7.054651893506294,0,,,0,100,60,-60,53,-53,-93,-103
1771200000,68796.9,70110.9,65595.7,67613.5,1007313.748,1134609.0631499975,-75.42726410775903,-72.47978478908493,-2.947479318674098,-7.45387983203743,0,,,0,100,60,-60,53,-53,-93,-103
1771804800,67613.6,69999,62401.7,65750,1660369.324,1148309.5242999974,-75.27103986225191,-74.88454729686936,-0.3864925653825537,-7.4504180600381344,0,,,0,100,60,-60,53,-53,-93,-103
1772409600,65749.9,74046.5,65234.4,65934.3,1581860.546,1167135.7281499975,-71.30540471469618,-74.0012362282357,2.6958315135395168,-6.737981466000773,1,-74.0012362282357,,0,100,60,-60,53,-53,-93,-103
1773014400,65934.3,73870,65770.5,72778.9,1390993.957,1189451.7521499975,-64.80362182258095,-70.46002213317634,5.656400310595387,-7.464156331600606,0,,,0,100,60,-60,53,-53,-93,-103
1773619200,72778.8,75998.9,67300,67830.6,1327964.576,1212141.8743499976,-59.40951903759136,-65.17284852495615,5.763329487364793,-9.318539880298943,0,,,0,100,60,-60,53,-53,-93,-103
1774224000,67830.7,71999.9,64918.2,65977.9,1252284.027,1219964.7157499974,-57.644543133006785,-60.61922799772635,2.9746848647195634,-10.338513707770288,0,,,0,100,60,-60,53,-53,-93,-103
1774828800,65978,69288,65676.1,68997.9,1010983.63,1213365.2473499975,-54.792057825063665,-57.28203999855392,2.4899821734902545,-10.13561119247759,0,,,0,100,60,-60,53,-53,-93,-103
1775433600,68997.9,73773.4,67711,70711.1,1130332.757,1188695.1166999973,-47.58046635761802,-53.3390224385628,5.758556080944778,-8.087254931288276,0,,,0,100,60,-60,53,-53,-93,-103
1776038400,70711.2,78300,70517.3,73758.4,1159987.022,1201652.4929999975,-34.79447137664488,-45.722331853108834,10.927860476463955,-4.720726417496205,0,,,0,100,60,-60,53,-53,-93,-103
1776643200,73758.4,79444,73669,78613.5,948801.558,1187164.4206999973,-19.269922814685565,-33.8816201829828,14.611697368297236,0.013048652313118698,0,,,0,100,60,-60,53,-53,-93,-103
1777248000,78614.4,79455,74868,78529,835780.758,1180992.9412499974,-7.206310840069138,-20.42356834379984,13.217257503730702,3.4168964707641987,0,,,0,100,60,-60,53,-53,-93,-103
1777852800,78529,82828.7,78128.3,82177.7,1002437.32,1178287.5947499974,6.928107673116834,-6.516041993879267,13.4441496669961,6.456879068641517,0,,,0,100,60,-60,53,-53,-93,-103
1778457600,82177.7,82350,76666,77430.4,885080.272,1190425.7589999973,12.748212966533789,4.15666993319385,8.591543033339939,7.275330975460979,0,,,0,100,60,-60,53,-53,-93,-103
1779062400,77430.4,78180,74203.6,77030.3,863280.948,1195150.5126499974,11.878315673435857,10.518212104362183,1.360103569073674,6.892582505119695,0,,,0,100,60,-60,53,-53,-93,-103
1779667200,77030.3,78077.1,72436,73653.2,822731.955,1191110.5125999972,6.188645673126284,10.271724771031998,-4.083079097905714,6.285684545709369,0,,10.271724771031998,0,100,60,-60,53,-53,-93,-103
1780272000,73653.2,74070.5,59080,63298.5,2172651.19,1254553.1096999974,-15.923703342661078,0.7144193346336879,-16.638122677294767,4.08442409161212,0,,,0,100,60,-60,53,-53,-93,-103
1780876800,63299,65775,60691.9,65702.1,1131507.992,1266590.9471999973,-30.19305342412615,-13.309370364553645,-16.883683059572505,1.1887955038338915,0,,,0,100,60,-60,53,-53,-93,-103
1781481600,65702.1,67255.4,62232.1,64165.9,945384.597,1248034.7189499973,-37.540866763993876,-27.885874510260365,-9.65499225373351,-2.784398328813244,0,,,0,100,60,-60,53,-53,-93,-103