side,entry_dt,entry_px,exit_dt,exit_px,pnl,r_multiple,reason,cost
-1,2021-01-09 12:00:00,40639.69,2021-01-13 16:00:00,36035.43,1128.5131075064799,0.11285131075064798,reverse,9.433526682905306
1,2021-01-13 20:00:00,36035.42,2021-01-15 16:00:00,35255.64,-246.14605124064477,-0.022128445290772215,reverse,11.003160784001281
-1,2021-01-15 20:00:00,35255.38,2021-01-18 12:00:00,36448.42,-373.5211096187185,-0.03435686156268918,reverse,11.055755927882426
1,2021-01-18 16:00:00,36448.41,2021-01-20 00:00:00,35097.16,-394.0527401883403,-0.03755441128982032,reverse,10.298347879217085
-1,2021-01-20 04:00:00,35098.12,2021-01-22 20:00:00,32986.34,602.56448338582,0.0596979789800709,reverse,9.789895321038795
1,2021-01-23 00:00:00,32990.08,2021-01-26 04:00:00,31640.7,-442.4193024337023,-0.04138214730003689,reverse,10.472420624323037
-1,2021-01-26 08:00:00,31640.71,2021-01-26 20:00:00,32474.14,-275.06956683777264,-0.02685360315871548,reverse,10.378208500753571
1,2021-01-27 00:00:00,32474.81,2021-01-27 00:00:00,31817.08,-206.66896583902235,-0.020743417436468438,reverse,9.862216625949127
-1,2021-01-27 04:00:00,31817.42,2021-01-28 12:00:00,31937.9,-41.81912025039818,-0.004288498250329637,reverse,9.769922720851106
1,2021-01-28 16:00:00,31937.9,2021-01-31 04:00:00,33632.41,509.7900834010975,0.052529871876360115,reverse,9.962215364674393
-1,2021-01-31 08:00:00,33631.01,2021-02-02 08:00:00,34821.61,-366.72795938956097,-0.03591955177676788,reverse,10.390424300662229
1,2021-02-02 12:00:00,34821.6,2021-02-05 08:00:00,37745.41,820.7088797579223,0.08342342956670587,reverse,10.250890714059604
-1,2021-02-05 12:00:00,37745.4,2021-02-05 12:00:00,38006.64,-79.09883366163564,-0.0074245688216311905,reverse,10.690527808994009
1,2021-02-05 16:00:00,38006.64,2021-02-05 16:00:00,37638.22,-107.68699866828352,-0.010188722549533404,reverse,10.518007773133416
-1,2021-02-05 20:00:00,37638.77,2021-02-06 00:00:00,39441.31,-506.23430554859266,-0.04841445815046562,reverse,10.706640859353337
1,2021-02-06 04:00:00,39440.83,2021-02-07 04:00:00,39056.38,-101.86100332303441,-0.010242639163526843,reverse,9.896331988440815
-1,2021-02-07 08:00:00,39056.38,2021-02-08 12:00:00,43785.81,-1196.8174858755558,-0.1216529259752184,reverse,10.433618546098911
1,2021-02-08 16:00:00,43785.81,2021-02-10 12:00:00,44397.24,116.2188870005046,0.013457130974623978,reverse,8.696529301706438
-1,2021-02-10 16:00:00,44397.24,2021-02-17 04:00:00,51181.48,-1341.8242728867147,-0.1533841009035698,reverse,9.416522331026602
1,2021-02-17 08:00:00,51188.71,2021-02-18 20:00:00,51619.7,58.58941077797319,0.00791542021668446,reverse,7.433093853339455
-1,2021-02-19 00:00:00,51612.46,2021-02-19 12:00:00,53944.7,-340.85229500503334,-0.045710131817006935,reverse,7.625299231799447
1,2021-02-19 16:00:00,53939.51,2021-02-22 00:00:00,55954.31,261.9742475562702,0.03683427685939297,reverse,7.245072422545116
-1,2021-02-22 04:00:00,55949.88,2021-02-25 04:00:00,50406.0,727.0129269569828,0.09863608286559322,reverse,7.005492404962791
1,2021-02-25 08:00:00,50414.54,2021-02-25 20:00:00,47089.37,-537.6316358620289,-0.06642358900825036,reverse,7.827060763202057
-1,2021-02-26 00:00:00,47087.97,2021-02-27 04:00:00,47198.4,-21.496568835672097,-0.0028463575728577867,reverse,7.561163697801093
1,2021-02-27 08:00:00,47198.02,2021-02-28 00:00:00,44646.33,-410.49789136338086,-0.05453646498306487,reverse,7.323566274114297
-1,2021-02-28 04:00:00,44646.32,2021-03-01 00:00:00,46351.91,-275.4162306705667,-0.038721353854024344,reverse,7.248635777389897
1,2021-03-01 04:00:00,46351.91,2021-03-04 16:00:00,48019.76,242.35628118873066,0.03546434483498088,reverse,6.956749233851927
-1,2021-03-04 20:00:00,48019.76,2021-03-07 00:00:00,49582.55,-233.83187378234229,-0.033060999784255495,reverse,7.187830756187596
1,2021-03-07 04:00:00,49582.55,2021-03-12 04:00:00,56718.79,979.8812331773089,0.14335447864218354,reverse,7.327267712848732
-1,2021-03-12 08:00:00,56714.76,2021-03-13 08:00:00,59905.92,-443.6729646020746,-0.05679496765921244,reverse,8.031609489024243
1,2021-03-13 12:00:00,59914.58,2021-03-14 16:00:00,60019.15,9.164415898277854,0.0012444454254707236,reverse,7.370683455410615
-1,2021-03-14 20:00:00,60019.15,2021-03-17 20:00:00,58959.0,126.5558216883,0.017172360821504494,reverse,7.3046514556319355
1,2021-03-18 00:00:00,58959.01,2021-03-21 00:00:00,57813.98,-149.1858882386934,-0.019911070250331522,reverse,7.419854039797349
-1,2021-03-21 04:00:00,57812.51,2021-03-24 08:00:00,56591.65,151.4038580584511,0.02062813351297151,reverse,7.262179916622232
1,2021-03-24 12:00:00,56589.25,2021-03-24 20:00:00,52311.54,-569.4512007845049,-0.0760544762476972,reverse,7.204416790150173
-1,2021-03-25 00:00:00,52307.89,2021-03-26 08:00:00,52759.34,-63.160989455887936,-0.009134944460577497,reverse,6.944054150288944
1,2021-03-26 12:00:00,52759.33,2021-03-31 08:00:00,58076.84,686.3872771537629,0.10023765616432193,reverse,7.1926771077071425
-1,2021-03-31 12:00:00,58076.84,2021-03-31 12:00:00,59367.07,-171.1472487214626,-0.022727020530042674,reverse,7.614211667126748
1,2021-03-31 16:00:00,59367.07,2021-03-31 16:00:00,58644.25,-93.1912962052358,-0.012669348933676525,reverse,7.310870852826435
-1,2021-03-31 20:00:00,58644.26,2021-04-05 16:00:00,59082.46,-57.89536923581989,-0.007975908128092964,reverse,7.285900286491769
1,2021-04-05 20:00:00,59082.45,2021-04-06 16:00:00,58301.21,-98.71947969151823,-0.013716266082398376,reverse,7.149671879208244
-1,2021-04-06 20:00:00,58296.91,2021-04-08 16:00:00,57778.71,59.55081811073109,0.008393423339247386,reverse,7.0634046125343115
1,2021-04-08 20:00:00,57778.71,2021-04-12 12:00:00,60075.19,280.50464756442346,0.039226254878310766,reverse,7.293052453188803
-1,2021-04-12 16:00:00,60075.19,2021-04-13 04:00:00,61133.17,-134.5910530348966,-0.018119736034126498,reverse,7.493276371370408
1,2021-04-13 08:00:00,61133.16,2021-04-14 20:00:00,63019.1,221.12372860745924,0.030334280936892433,reverse,7.402006003040662
-1,2021-04-15 00:00:00,63018.34,2021-04-20 08:00:00,56293.57,797.733616811688,0.10626467176063345,reverse,7.1065011750859455
1,2021-04-20 12:00:00,56292.06,2021-04-22 20:00:00,51714.61,-678.8198376595968,-0.08177542809767482,reverse,7.963521153141187
-1,2021-04-23 00:00:00,51714.62,2021-04-24 16:00:00,50698.61,145.93372020810196,0.019156298450999004,reverse,7.543220260912825
1,2021-04-24 20:00:00,50698.62,2021-04-29 04:00:00,54469.06,572.9533495523506,0.07383249228479975,reverse,8.048739910696089
-1,2021-04-29 08:00:00,54469.07,2021-04-30 12:00:00,57138.23,-412.5289102111552,-0.04952772490883365,reverse,8.53333227280112
1,2021-04-30 16:00:00,57139.14,2021-05-02 04:00:00,56682.01,-67.22743451176505,-0.008496295271507366,reverse,7.880907231193786
-1,2021-05-02 08:00:00,56682.01,2021-05-03 08:00:00,58727.95,-287.09702676949195,-0.036613097788875074,reverse,7.982892331612788
1,2021-05-03 12:00:00,58727.95,2021-05-03 12:00:00,57682.93,-138.06096843111925,-0.018285355865477967,reverse,7.483180723278332
-1,2021-05-03 16:00:00,57682.93,2021-05-05 16:00:00,57243.4,52.775106847589896,0.007123568445638923,reverse,7.380295488496332
1,2021-05-05 20:00:00,57243.4,2021-05-07 00:00:00,55770.02,-195.58275341633808,-0.026225993040245765,reverse,7.361616939502568
-1,2021-05-07 04:00:00,55770.01,2021-05-07 12:00:00,57558.06,-236.45422439931704,-0.03257716880452407,reverse,7.374634721276326
1,2021-05-07 16:00:00,57558.07,2021-05-09 12:00:00,57461.83,-15.238010928994335,-0.0021712144795681646,reverse,7.012329601859216
-1,2021-05-09 16:00:00,57461.84,2021-05-10 00:00:00,59428.55,-243.18524531691273,-0.03474347975978504,reverse,7.119232751099341
1,2021-05-10 04:00:00,59428.56,2021-05-10 08:00:00,58168.62,-146.46961210899445,-0.021690317079868585,reverse,6.6811825060582715
-1,2021-05-10 12:00:00,58168.63,2021-05-12 04:00:00,57177.01,109.31697852443249,0.016555856567362776,reverse,6.546637839070352
1,2021-05-12 08:00:00,57176.69,2021-05-12 08:00:00,56472.06,-85.99221371633884,-0.012817566564276536,reverse,6.667594893567863
-1,2021-05-12 12:00:00,56472.06,2021-05-14 16:00:00,50188.78,733.5770792948683,0.11081914861968908,reverse,6.25132844872088
1,2021-05-14 20:00:00,50190.35,2021-05-15 20:00:00,46793.41,-500.8727568826221,-0.06814729733903022,reverse,7.1011317647516
-1,2021-05-16 00:00:00,46794.62,2021-05-16 00:00:00,48436.0,-243.65045047167592,-0.03559379261974982,reverse,6.965361228128584
1,2021-05-16 04:00:00,48428.12,2021-05-16 16:00:00,45573.29,-392.0694983132505,-0.05942036661757676,reverse,6.403751820708235
-1,2021-05-16 20:00:00,45572.68,2021-05-18 04:00:00,45175.91,50.92965673605548,0.008210665798017514,reverse,6.175863593322705
1,2021-05-18 08:00:00,45175.9,2021-05-19 00:00:00,40635.3,-631.0643496944534,-0.10095908769941492,reverse,5.936567296331331
-1,2021-05-19 04:00:00,40638.04,2021-05-20 08:00:00,40458.36,22.037386511316072,0.003923683819396808,reverse,5.604087553379436
1,2021-05-20 12:00:00,40458.36,2021-05-21 20:00:00,37211.02,-454.93682548607467,-0.08072362572284203,reverse,5.409560733098633
-1,2021-05-22 00:00:00,37210.01,2021-05-22 08:00:00,38136.03,-131.51422219679213,-0.02539875735050855,reverse,5.242409007910455
1,2021-05-22 12:00:00,38137.97,2021-05-23 12:00:00,33306.95,-641.1211966536964,-0.1271088491338161,reverse,4.724416036006588
-1,2021-05-23 16:00:00,33307.0,2021-05-24 04:00:00,36612.34,-439.0913351776315,-0.09978821779205563,reverse,4.6185687021159065
1,2021-05-24 08:00:00,36612.34,2021-05-28 00:00:00,38225.25,172.33942080646338,0.04353169928499527,reverse,4.04614385663408
-1,2021-05-28 04:00:00,38225.24,2021-05-30 12:00:00,35489.78,293.582540461033,0.07109739821123423,reverse,3.9815510393464058
1,2021-05-30 16:00:00,35490.0,2021-06-04 04:00:00,36631.46,139.90468119027372,0.03164678134685824,reverse,4.491911741791234
-1,2021-06-04 08:00:00,36631.46,2021-06-07 08:00:00,36382.01,28.77846302064455,0.006313125248079031,reverse,4.542991822661788
1,2021-06-07 12:00:00,36382.01,2021-06-07 16:00:00,35642.68,-95.41935909928927,-0.020811146497953296,reverse,4.5384254085352165
-1,2021-06-07 20:00:00,35642.68,2021-06-09 08:00:00,34933.0,87.14748219759716,0.01942091616006429,reverse,4.442627033699365
1,2021-06-09 12:00:00,34932.99,2021-06-12 00:00:00,35576.0,81.83217608573307,0.017897752239358897,reverse,4.614284274471448
-1,2021-06-12 04:00:00,35576.0,2021-06-13 16:00:00,37610.33,-268.4582823109363,-0.05771124255115813,reverse,4.784749873114499
1,2021-06-13 20:00:00,37610.11,2021-06-16 04:00:00,40130.0,291.1889478877354,0.06646683564605367,reverse,4.527729108952991
-1,2021-06-16 08:00:00,40129.99,2021-06-22 20:00:00,32496.0,886.4837627352379,0.1898266608090358,reverse,4.225777197991989
1,2021-06-23 00:00:00,32496.0,2021-06-25 16:00:00,32192.38,-54.64487719916352,-0.009838632139340196,reverse,5.528166373609102
-1,2021-06-25 20:00:00,32195.99,2021-06-27 00:00:00,33119.04,-160.4157379869316,-0.029184054287505968,reverse,5.575485622521462
1,2021-06-27 04:00:00,33119.04,2021-06-30 12:00:00,34191.68,169.98601198086712,0.0318712184894248,reverse,5.419896812446387
-1,2021-06-30 16:00:00,34191.69,2021-07-03 04:00:00,34477.46,-48.74881903528828,-0.008862057710513774,reverse,5.5238341922642
1,2021-07-03 08:00:00,34476.47,2021-07-05 04:00:00,34237.24,-40.51843609272798,-0.007435465985931948,reverse,5.430440911539154
-1,2021-07-05 08:00:00,34237.24,2021-07-07 04:00:00,34699.66,-75.75627189572675,-0.014013098894654052,reverse,5.442612491961475
1,2021-07-07 08:00:00,34699.66,2021-07-07 20:00:00,33845.64,-133.72102195668757,-0.025099462646031807,reverse,5.262083431796185
-1,2021-07-08 00:00:00,33845.63,2021-07-09 16:00:00,33420.44,62.65283670624878,0.012068907566501055,reverse,5.158652038518468
1,2021-07-09 20:00:00,33420.44,2021-07-12 16:00:00,32828.59,-95.57590322097414,-0.01820036764925913,reverse,5.204818803118595
-1,2021-07-12 20:00:00,32828.58,2021-07-15 00:00:00,32619.72,30.22467413099534,0.005865320400699651,reverse,5.13672319305407
1,2021-07-15 04:00:00,32620.19,2021-07-15 08:00:00,31866.95,-122.16072440701984,-0.02357967488846625,reverse,5.12094865032685
-1,2021-07-15 12:00:00,31866.95,2021-07-16 16:00:00,31898.02,-7.460039573120621,-0.0014754788268095851,reverse,5.0584774071046175
1,2021-07-16 20:00:00,31898.02,2021-07-16 20:00:00,31382.95,-83.96243551683976,-0.016639323537949995,reverse,5.005284495326338
-1,2021-07-17 00:00:00,31382.96,2021-07-17 12:00:00,31737.92,-58.603163543261715,-0.011816251876814652,reverse,4.987586802328769
1,2021-07-17 16:00:00,31737.87,2021-07-19 12:00:00,30672.99,-166.72174859332924,-0.03403556996736068,reverse,4.81627884714605
-1,2021-07-19 16:00:00,30672.99,2021-07-21 04:00:00,30797.85,-21.62568634124564,-0.0045727177233128215,reverse,4.738910928388069
1,2021-07-21 08:00:00,30797.85,2021-07-27 16:00:00,37780.52,1063.9261256442621,0.22611252863430403,reverse,5.238700980015395
-1,2021-07-27 20:00:00,37780.57,2021-07-27 20:00:00,39442.33,-256.66316159012626,-0.04450650598971911,reverse,5.8936948191025795
1,2021-07-28 00:00:00,39448.06,2021-07-29 00:00:00,39595.02,17.75308468570763,0.0032235422984045127,reverse,5.517580274887559
-1,2021-07-29 04:00:00,39595.02,2021-07-31 00:00:00,41824.68,-313.88753782106085,-0.05683978288178674,reverse,5.6778066425381795
1,2021-07-31 04:00:00,41824.69,2021-07-31 16:00:00,41296.62,-68.29573191438945,-0.013119483013502305,reverse,5.172809618958097
-1,2021-07-31 20:00:00,41296.62,2021-08-01 00:00:00,42420.62,-142.39412436736453,-0.027731332733768526,reverse,5.204652359553288
1,2021-08-01 04:00:00,42421.51,2021-08-01 04:00:00,41704.99,-86.73313214886124,-0.017382042624131105,reverse,4.94767223567319
-1,2021-08-01 08:00:00,41705.0,2021-08-04 16:00:00,39745.16,227.95765584200393,0.046516422970866715,reverse,4.785437979560552
1,2021-08-04 20:00:00,39745.17,2021-08-08 20:00:00,43787.71,518.5586326475074,0.10116062266182285,reverse,5.3867829288802405
-1,2021-08-09 00:00:00,43787.71,2021-08-09 12:00:00,45872.11,-271.5322189185285,-0.048126199223480784,reverse,5.776375774208409
1,2021-08-09 16:00:00,45871.79,2021-08-10 08:00:00,45360.61,-62.47020547527397,-0.011638096202480878,reverse,5.337825944937395
-1,2021-08-10 12:00:00,45360.61,2021-08-13 16:00:00,46466.14,-131.95052877107395,-0.02488421275639809,reverse,5.367197306441478
1,2021-08-13 20:00:00,46466.15,2021-08-15 04:00:00,45788.25,-77.9425182531517,-0.015081820314357902,reverse,5.130280063302146
-1,2021-08-15 08:00:00,45788.25,2021-08-16 08:00:00,47541.9,-197.48610570744597,-0.03881827652290711,reverse,5.184874148296658
1,2021-08-16 12:00:00,47541.91,2021-08-16 12:00:00,46350.8,-124.83143781127669,-0.025541367605971248,reverse,4.826197362373472
-1,2021-08-16 16:00:00,46350.8,2021-08-19 16:00:00,46719.82,-40.296735537357776,-0.008465439862958066,reverse,4.779095545995146
1,2021-08-19 20:00:00,46719.82,2021-08-22 16:00:00,48680.23,195.49200679549597,0.04144001164816139,reverse,4.81644473874212
-1,2021-08-22 20:00:00,48680.23,2021-08-23 00:00:00,50306.81,-166.61809661443306,-0.03393027117990187,reverse,4.992643529630862
1,2021-08-23 04:00:00,50306.82,2021-08-23 16:00:00,49287.3,-98.41474803286867,-0.020755906455625632,reverse,4.693483739524604
-1,2021-08-23 20:00:00,49287.29,2021-08-27 16:00:00,48292.5,91.39292083352846,0.019693591390397013,reverse,4.593911011337746
1,2021-08-27 20:00:00,48292.5,2021-08-30 00:00:00,47989.05,-32.07025132494715,-0.006780442615312876,reverse,4.714956688397054
-1,2021-08-30 04:00:00,47989.04,2021-09-01 16:00:00,48200.44,-23.041998900048725,-0.004907375100648011,reverse,4.705723613243855
1,2021-09-01 20:00:00,48200.43,2021-09-04 12:00:00,49917.51,163.94444150106546,0.03510593671052316,reverse,4.753173249868107
-1,2021-09-04 16:00:00,49917.51,2021-09-05 20:00:00,51799.57,-184.67469915175317,-0.038222254775929276,reverse,4.922685293284323
1,2021-09-06 00:00:00,51799.56,2021-09-07 12:00:00,46644.0,-464.3547904105341,-0.09997926623314941,reverse,4.413379052763402
-1,2021-09-07 16:00:00,46640.55,2021-09-10 00:00:00,46732.16,-10.298998572062647,-0.0024651527479843307,reverse,4.181936829641499
1,2021-09-10 04:00:00,46732.16,2021-09-10 20:00:00,44860.83,-168.79931514493208,-0.04052370819153237,reverse,4.082045928728688
-1,2021-09-11 00:00:00,44860.83,2021-09-11 08:00:00,45568.06,-65.00298101996977,-0.016272860533342693,reverse,4.026050992695967
1,2021-09-11 12:00:00,45575.02,2021-09-17 08:00:00,47416.58,156.6588067226936,0.03988701946812103,reverse,4.006914593499487
-1,2021-09-17 12:00:00,47416.57,2021-09-18 08:00:00,48383.15,-85.29899634006449,-0.020895049452121946,reverse,4.123866778101293
1,2021-09-18 12:00:00,48384.34,2021-09-19 00:00:00,47850.55,-46.04851657900117,-0.011526772401979517,reverse,3.9728819760615353
-1,2021-09-19 04:00:00,47850.54,2021-09-22 16:00:00,43375.74,367.3075792936124,0.09306294411724512,reverse,3.7623243134864945
1,2021-09-22 20:00:00,43373.59,2021-09-24 16:00:00,42337.69,-105.09389113012618,-0.024371255526692497,reverse,4.2607120489601655
-1,2021-09-24 20:00:00,42337.68,2021-09-25 16:00:00,42637.26,-31.871487593530105,-0.007579504356403132,reverse,4.219833761787874
1,2021-09-25 20:00:00,42637.02,2021-09-26 04:00:00,41214.97,-141.1285182428138,-0.03383579539564434,reverse,4.10142643817194
-1,2021-09-26 08:00:00,41214.97,2021-09-26 08:00:00,43058.87,-182.3007108324534,-0.04526096792015138,reverse,4.11786708420317
1,2021-09-26 12:00:00,43058.86,2021-09-28 04:00:00,41762.05,-117.61772154335655,-0.03060208804877783,reverse,3.7855771892481873
-1,2021-09-28 08:00:00,41763.93,2021-09-29 08:00:00,42374.1,-56.29546320263543,-0.015117280629480949,reverse,3.7511178277071977
1,2021-09-29 12:00:00,42374.1,2021-09-29 12:00:00,41694.15,-60.62552272571095,-0.016538335327475912,reverse,3.6363462282471506
-1,2021-09-29 16:00:00,41694.15,2021-09-30 00:00:00,43566.97,-163.73574151647796,-0.045440511078892354,reverse,3.6842254372094674
1,2021-09-30 04:00:00,43566.97,2021-10-03 12:00:00,47863.5,337.1401227333688,0.09806966722725952,reverse,3.6072757223745064
-1,2021-10-03 16:00:00,47863.51,2021-10-03 16:00:00,48774.37,-73.72753280782734,-0.019539878813735152,reverse,3.809085224981927
1,2021-10-03 20:00:00,48774.38,2021-10-03 20:00:00,48187.3,-46.33285930013145,-0.01253062878503006,reverse,3.675315417266771
-1,2021-10-04 00:00:00,48187.99,2021-10-05 08:00:00,49850.0,-127.75545429171842,-0.03500737424408036,reverse,3.7123208512174246
1,2021-10-05 12:00:00,49849.99,2021-10-07 20:00:00,53814.99,278.0607325850118,0.0789988624872342,reverse,3.6597870981462126
-1,2021-10-08 00:00:00,53814.99,2021-10-11 12:00:00,57500.0,-261.96850787951513,-0.06900976846785631,reverse,3.9260778611061466
1,2021-10-11 16:00:00,57500.0,2021-10-12 08:00:00,57259.99,-16.5026299135029,-0.004671999913043514,reverse,3.5248691168403266
-1,2021-10-12 12:00:00,57259.99,2021-10-14 00:00:00,58117.79,-54.42539541659951,-0.015488282394041684,reverse,3.5402933511702592
1,2021-10-14 04:00:00,58117.79,2021-10-17 00:00:00,61175.2,180.08454899901415,0.05208082413319563,reverse,3.548742123570569
-1,2021-10-17 04:00:00,61175.21,2021-10-19 16:00:00,64219.99,-182.88486388538504,-0.05029635362101738,reverse,3.7266337309989925
1,2021-10-19 20:00:00,64219.99,2021-10-21 12:00:00,63040.21,-65.10017886467784,-0.018861729891269042,reverse,3.419739562539988
-1,2021-10-21 16:00:00,63040.21,2021-10-25 00:00:00,62129.81,47.211332020475645,0.01394879704556824,reverse,3.3601771422699596
1,2021-10-25 04:00:00,62129.8,2021-10-26 20:00:00,60358.75,-99.44440996952153,-0.028991391811980766,reverse,3.381246650713827
-1,2021-10-27 00:00:00,60358.74,2021-10-28 12:00:00,61186.92,-47.3640848947573,-0.014227822847196618,reverse,3.3518146676478007
1,2021-10-28 16:00:00,61186.92,2021-10-31 08:00:00,60523.94,-37.161494903435646,-0.01132990465936177,reverse,3.2621780700776073
-1,2021-10-31 12:00:00,60523.94,2021-11-01 08:00:00,61881.04,-74.33161690419954,-0.02293374357320423,reverse,3.277483599875822
1,2021-11-01 12:00:00,61881.04,2021-11-01 20:00:00,60942.87,-49.54567849977753,-0.0156532830572983,reverse,3.141200519129982
-1,2021-11-02 00:00:00,60942.87,2021-11-02 04:00:00,61576.57,-33.95409881852541,-0.01090346229181522,reverse,3.130256218851483
1,2021-11-02 08:00:00,61579.48,2021-11-04 00:00:00,62475.04,43.21023804329932,0.014035884681065798,reverse,3.100940600056619
-1,2021-11-04 04:00:00,62475.0,2021-11-07 00:00:00,62185.28,12.916778105620903,0.004139693637455001,reverse,3.1129907820745726
1,2021-11-07 04:00:00,62185.29,2021-11-10 04:00:00,66504.39,215.83054483255626,0.06892060493727695,reverse,3.2403348196737154
-1,2021-11-10 08:00:00,66504.4,2021-11-14 04:00:00,64677.59,90.28013409751867,0.026982744074076265,reverse,3.2998934770812802
1,2021-11-14 08:00:00,64677.6,2021-11-15 20:00:00,63654.49,-56.01836947724776,-0.016310704865362978,reverse,3.4072900864389375
-1,2021-11-16 00:00:00,63654.49,2021-11-19 16:00:00,58049.62,295.7852683148772,0.08759547346934984,reverse,3.228056160520246
1,2021-11-19 20:00:00,58048.02,2021-11-22 08:00:00,57211.86,-54.68569340973199,-0.014897423374647339,reverse,3.6443771900926576
-1,2021-11-22 12:00:00,57212.2,2021-11-22 12:00:00,58206.7,-64.66459789751984,-0.017891347474839284,reverse,3.6457074697313425
1,2021-11-22 16:00:00,58206.71,2021-11-22 16:00:00,56007.95,-135.72599775733474,-0.0382561387681936,reverse,3.4808131578055406
-1,2021-11-22 20:00:00,56008.25,2021-11-23 16:00:00,57815.12,-111.77985497647286,-0.03277691340115077,reverse,3.4653326385396594
1,2021-11-23 20:00:00,57815.12,2021-11-26 08:00:00,53766.35,-232.4092273219579,-0.07049458991004436,reverse,3.1813996570191723
-1,2021-11-26 12:00:00,53766.35,2021-11-28 16:00:00,54644.88,-51.60154739245024,-0.016847943741764113,reverse,3.087802701463624
1,2021-11-28 20:00:00,54642.3,2021-12-02 00:00:00,56328.39,91.31701541169899,0.03034143520679028,reverse,3.0560813331984096
-1,2021-12-02 04:00:00,56328.4,2021-12-06 00:00:00,49001.78,401.7977011771276,0.1296347687844853,reverse,2.8978864594673155
1,2021-12-06 04:00:00,49001.53,2021-12-09 12:00:00,48454.96,-40.76656671292904,-0.011648564442783721,reverse,3.48018924434714
-1,2021-12-09 16:00:00,48452.02,2021-12-11 08:00:00,48222.24,14.675065941089242,0.00424479474746355,reverse,3.448993207689014
1,2021-12-11 12:00:00,48222.23,2021-12-13 12:00:00,47239.07,-72.44922783591224,-0.02087791325701867,reverse,3.434762643050916
-1,2021-12-13 16:00:00,47239.07,2021-12-15 00:00:00,48250.16,-74.42021771439728,-0.021914383157839553,reverse,3.432296062563217
1,2021-12-15 04:00:00,48250.17,2021-12-17 04:00:00,46990.01,-88.32140300830416,-0.026604155073443186,reverse,3.2764825002039606
-1,2021-12-17 08:00:00,46990.0,2021-12-19 00:00:00,47685.96,-49.475595771915565,-0.015318216216216197,reverse,3.2537719740185382
1,2021-12-19 04:00:00,47685.96,2021-12-20 08:00:00,46074.13,-108.9808207831717,-0.0342840338120487,reverse,3.1250404952356288
-1,2021-12-20 12:00:00,46074.13,2021-12-20 20:00:00,46898.14,-56.4344433510604,-0.01839338192603967,reverse,3.0956293290568473
1,2021-12-21 00:00:00,46896.82,2021-12-23 04:00:00,48118.0,76.84108997133704,0.025526698825208197,reverse,3.0494170314573017
-1,2021-12-23 08:00:00,48118.01,2021-12-23 16:00:00,51082.35,-191.72569045786994,-0.06213642615311806,reverse,3.180604245028113
1,2021-12-23 20:00:00,51082.35,2021-12-25 12:00:00,50669.01,-24.8378293435418,-0.008587594443090355,reverse,2.8805901486721974
-1,2021-12-25 16:00:00,50669.01,2021-12-27 16:00:00,51207.92,-31.930788657751208,-0.011141207613884626,reverse,2.881249137692304
1,2021-12-27 20:00:00,51207.93,2021-12-27 20:00:00,50707.72,-29.072359558551017,-0.010263329527282183,reverse,2.818809137146003
-1,2021-12-28 00:00:00,50707.72,2021-12-31 00:00:00,47185.18,193.35506211846055,0.0690022625746139,reverse,2.704825986575237
1,2021-12-31 04:00:00,47185.18,2021-12-31 20:00:00,46210.56,-63.3101032087226,-0.021144886593629668,reverse,2.9631873909494435
-1,2022-01-01 00:00:00,46210.57,2022-01-01 00:00:00,46789.56,-38.1853561279919,-0.013035649203201733,reverse,2.9476533952265163
1,2022-01-01 04:00:00,46789.55,2022-01-03 20:00:00,46445.81,-22.663076901003596,-0.007842838945875846,reverse,2.8790377784543706
-1,2022-01-04 00:00:00,46445.8,2022-01-04 12:00:00,46925.28,-31.02981150789955,-0.010828592466918342,reverse,2.880335432176752
1,2022-01-04 16:00:00,46925.28,2022-01-04 16:00:00,46058.09,-53.74636671538834,-0.018970990583327414,reverse,2.8069037224723865
-1,2022-01-04 20:00:00,46058.09,2022-01-05 12:00:00,46611.46,-34.78125909198093,-0.012520617550575862,reverse,2.794606622761172
1,2022-01-05 16:00:00,46611.47,2022-01-05 16:00:00,44673.22,-115.32430944263957,-0.042062320926587383,reverse,2.6847433781401335
-1,2022-01-05 20:00:00,44671.93,2022-01-08 08:00:00,41918.02,160.5962027649073,0.061178260934775,reverse,2.544139506797955
1,2022-01-08 12:00:00,41918.02,2022-01-13 20:00:00,42534.32,39.52409981577241,0.014195156164341801,reverse,2.804805459002509
-1,2022-01-14 00:00:00,42538.72,2022-01-15 12:00:00,43370.01,-56.59539187061866,-0.02005173181045412,reverse,2.8500473114432987
1,2022-01-15 16:00:00,43370.0,2022-01-16 08:00:00,42960.0,-27.503118155910627,-0.00994881254323265,reverse,2.7513954185591043
-1,2022-01-16 12:00:00,42960.0,2022-01-20 00:00:00,41915.36,65.1853318706962,0.023828731843575403,reverse,2.702317115941212
1,2022-01-20 04:00:00,41915.35,2022-01-21 00:00:00,38447.91,-232.86333553467816,-0.08318346274097664,reverse,2.6836048755436495
-1,2022-01-21 04:00:00,38447.92,2022-01-23 20:00:00,36230.01,146.76381869099188,0.057214928531894485,reverse,2.4911453575560576
1,2022-01-24 00:00:00,36230.0,2022-01-31 00:00:00,36998.67,56.12537162401324,0.020705787054926806,reverse,2.7393675259763985
-1,2022-01-31 04:00:00,36998.67,2022-01-31 20:00:00,38439.04,-109.09375561011119,-0.03944978346518949,reverse,2.819211492600477
1,2022-02-01 00:00:00,38439.04,2022-02-02 12:00:00,37419.51,-71.7091113389291,-0.027010033419148833,reverse,2.619697994496333
-1,2022-02-02 16:00:00,37419.53,2022-02-04 08:00:00,37800.02,-27.557081301961784,-0.010673303753414272,reverse,2.5949963731528864
1,2022-02-04 12:00:00,37800.02,2022-02-08 16:00:00,42985.41,348.7707839769119,0.13661096726932967,reverse,2.728133050040832
-1,2022-02-08 20:00:00,42985.41,2022-02-14 12:00:00,42565.0,26.9318298395265,0.009285185368710067,reverse,2.886332168068733
1,2022-02-14 16:00:00,42565.0,2022-02-14 16:00:00,42102.29,-33.25464568690656,-0.011365233055327125,reverse,2.9100939165138735
-1,2022-02-14 20:00:00,42102.28,2022-02-14 20:00:00,42525.14,-30.499125586353188,-0.010548658409948359,reverse,2.905799530329042
1,2022-02-15 00:00:00,42525.14,2022-02-17 04:00:00,43902.4,91.12920661543544,0.031870766327871045,reverse,2.9056378701015593
-1,2022-02-17 08:00:00,43902.3,2022-02-21 04:00:00,39266.2,310.1004192603975,0.10515319015176895,reverse,2.793325207125208
1,2022-02-21 08:00:00,39266.0,2022-02-21 08:00:00,37549.9,-143.93200180998502,-0.044182624917231156,reverse,3.1864735431898534
-1,2022-02-21 12:00:00,37550.0,2022-02-21 12:00:00,38804.5,-105.579522037803,-0.033925492676431426,reverse,3.16408563350737
1,2022-02-21 16:00:00,38804.5,2022-02-21 20:00:00,36986.4,-142.22311931151373,-0.04732938705562495,reverse,2.9345688020153333
-1,2022-02-22 00:00:00,36986.4,2022-02-22 12:00:00,37744.7,-60.121439705075666,-0.02101238157809345,reverse,2.8905694616799
1,2022-02-22 16:00:00,37744.6,2022-02-24 00:00:00,34907.8,-211.7128426807477,-0.07562019202746872,reverse,2.694477553587433
-1,2022-02-24 04:00:00,34907.8,2022-02-24 20:00:00,38315.1,-253.891276858682,-0.09815736167847862,reverse,2.7128098488037025
1,2022-02-25 00:00:00,38316.2,2022-02-27 16:00:00,37574.7,-46.26048185354785,-0.01984245175669821,reverse,2.3088307350499875
-1,2022-02-27 20:00:00,37574.7,2022-02-28 12:00:00,40792.8,-196.8507187717602,-0.08618821707159355,reverse,2.381768697248805
1,2022-02-28 16:00:00,40792.8,2022-03-03 00:00:00,43312.7,127.74956936514357,0.061242269469121854,reverse,2.150399022577343
-1,2022-03-03 04:00:00,43312.8,2022-03-07 12:00:00,39062.3,216.14321745911414,0.09768402989416522,reverse,2.104106622353917
1,2022-03-07 16:00:00,39062.3,2022-03-07 16:00:00,37288.7,-111.38762154798063,-0.04588169027425435,reverse,2.372599554522195
-1,2022-03-07 20:00:00,37290.0,2022-03-08 00:00:00,38678.5,-87.40429786667558,-0.03775380128720837,reverse,2.3582143353669616
1,2022-03-08 04:00:00,38678.6,2022-03-10 12:00:00,39155.7,26.337464273884475,0.01182881877834251,reverse,2.2402828972682665
-1,2022-03-10 16:00:00,39154.3,2022-03-14 08:00:00,38885.1,14.363621481749924,0.006378800029626487,reverse,2.2440339662797957
1,2022-03-14 12:00:00,38885.0,2022-03-18 08:00:00,40380.7,85.94696992610706,0.03794547126141178,reverse,2.308574103216417
-1,2022-03-18 12:00:00,40380.7,2022-03-18 16:00:00,42020.3,-96.63395252244482,-0.041123857436844984,reverse,2.3975327146476695
1,2022-03-18 20:00:00,42020.3,2022-03-20 08:00:00,41587.9,-24.288284837164376,-0.010785119335178507,reverse,2.2404312505965716
-1,2022-03-20 12:00:00,41587.9,2022-03-22 08:00:00,42977.0,-75.52249184205625,-0.03391824304665536,reverse,2.2637898899552598
1,2022-03-22 12:00:00,42976.9,2022-03-23 08:00:00,42028.8,-48.48104539066958,-0.022549658072127082,reverse,2.12625320610531
-1,2022-03-23 12:00:00,42028.7,2022-03-23 12:00:00,42588.7,-29.050569394970708,-0.013830890558118621,reverse,2.114405249872112
1,2022-03-23 16:00:00,42588.7,2022-03-23 16:00:00,42192.8,-20.27092525812716,-0.009791245095529899,reverse,2.0606885932012027
-1,2022-03-23 20:00:00,42192.9,2022-03-23 20:00:00,42867.9,-33.820780057631374,-0.0165059512382415,reverse,2.0653951522080245
1,2022-03-24 00:00:00,42867.8,2022-03-26 12:00:00,44193.6,61.254991871892784,0.030412178838195466,reverse,2.0453065350133466
-1,2022-03-26 16:00:00,44193.6,2022-03-27 20:00:00,46820.8,-124.41726830242474,-0.059977245574019865,reverse,2.136067040290831
1,2022-03-28 00:00:00,46820.9,2022-03-29 20:00:00,47418.5,23.888611894043066,0.012257149050957981,reverse,1.9613911286490398
-1,2022-03-30 00:00:00,47418.5,2022-04-02 08:00:00,46534.5,35.793011936371805,0.01815183419973217,reverse,1.9534872179883598
1,2022-04-02 12:00:00,46534.4,2022-04-02 16:00:00,46099.0,-19.769438465921905,-0.00985184078874986,reverse,1.997286834415922
-1,2022-04-02 20:00:00,46099.1,2022-04-03 12:00:00,46397.9,-13.871383506577903,-0.006984929206860935,reverse,1.9923378014243909
1,2022-04-03 16:00:00,46398.0,2022-04-04 04:00:00,46158.3,-11.16314389944654,-0.005663587870166755,reverse,1.9659461104512195
-1,2022-04-04 08:00:00,46158.3,2022-04-04 20:00:00,46580.9,-18.922919848490224,-0.009660027557340684,reverse,1.9678560601747699
1,2022-04-05 00:00:00,46580.9,2022-04-05 16:00:00,46019.5,-24.326764440400215,-0.01254612405513851,reverse,1.9273019639788953
-1,2022-04-05 20:00:00,46019.5,2022-04-08 12:00:00,43636.3,98.19648773700999,0.05131263594780467,reverse,1.8641382936969366
1,2022-04-08 16:00:00,43636.3,2022-04-08 16:00:00,42722.1,-43.11427917233566,-0.021439971995792593,reverse,1.989864887211911
-1,2022-04-08 20:00:00,42722.0,2022-04-09 20:00:00,42727.7,-1.24594946531911,-0.0006334874303636789,reverse,1.9669412893341083
1,2022-04-10 00:00:00,42727.8,2022-04-11 08:00:00,41055.1,-77.85287829513952,-0.039628240864261775,reverse,1.9261262069926244
-1,2022-04-11 12:00:00,41055.1,2022-04-13 04:00:00,40112.0,42.3973178552248,0.022483053262566614,reverse,1.8640862938748437
1,2022-04-13 08:00:00,40112.0,2022-04-18 00:00:00,39788.4,-16.503341240328957,-0.0085633775428799,reverse,1.9194262471371941
-1,2022-04-18 04:00:00,39788.3,2022-04-18 16:00:00,40670.4,-43.31450046895801,-0.02268091876255076,reverse,1.930902295744757
1,2022-04-18 20:00:00,40670.4,2022-04-21 20:00:00,40449.8,-11.046119736642531,-0.00592138016837795,reverse,1.860404472835647
-1,2022-04-22 00:00:00,40449.7,2022-04-25 16:00:00,40204.0,10.337344257651386,0.00557724779170172,reverse,1.8478556160811452
1,2022-04-25 20:00:00,40204.0,2022-04-26 16:00:00,38250.8,-91.38981213203836,-0.04905793950850654,reverse,1.8176436385336454
-1,2022-04-26 20:00:00,38250.6,2022-04-27 20:00:00,39209.0,-45.27064993127518,-0.025568344025976103,reverse,1.7927557774103278
1,2022-04-28 00:00:00,39209.0,2022-04-29 16:00:00,38314.2,-40.195983134983955,-0.02330988038460565,reverse,1.704741524394295
-1,2022-04-29 20:00:00,38315.2,2022-05-02 00:00:00,38653.7,-15.720952175424342,-0.009339031246085107,reverse,1.690795975616445
1,2022-05-02 04:00:00,38653.6,2022-05-03 16:00:00,37707.3,-41.618778557157675,-0.024969308162758337,reverse,1.6463945339300516
-1,2022-05-03 20:00:00,37707.3,2022-05-04 04:00:00,38673.1,-42.43745570887789,-0.02612588411262529,reverse,1.6451474884504038
1,2022-05-04 08:00:00,38673.1,2022-05-05 12:00:00,36886.4,-73.80075573053975,-0.046676971848649246,reverse,1.5445722540521238
-1,2022-05-05 16:00:00,36886.5,2022-05-11 00:00:00,31190.0,232.01734786889446,0.15401041031271603,reverse,1.390177179709641
1,2022-05-11 04:00:00,31190.0,2022-05-11 20:00:00,29074.7,-118.66508718312902,-0.06828590413594098,reverse,1.6788408465944873
-1,2022-05-12 00:00:00,29077.9,2022-05-12 20:00:00,29020.7,2.3757514085231595,0.0014681132406398234,reverse,1.6166428019815258
1,2022-05-13 00:00:00,29020.8,2022-05-18 12:00:00,28971.9,-3.537897987948467,-0.002184155846840811,reverse,1.618436393599103
-1,2022-05-18 16:00:00,28971.9,2022-05-19 12:00:00,30386.4,-79.71871240114037,-0.049347581622192535,reverse,1.6548890511337015
1,2022-05-19 16:00:00,30386.4,2022-05-20 16:00:00,29271.7,-57.04683359215479,-0.03716583241186849,reverse,1.5067730751326667
-1,2022-05-20 20:00:00,29269.5,2022-05-22 08:00:00,29891.1,-32.12386321062278,-0.021747742530620565,reverse,1.4927973511545043
1,2022-05-22 12:00:00,29891.1,2022-05-23 20:00:00,29097.7,-39.03771437178506,-0.027029746312447447,reverse,1.4250827422641672
-1,2022-05-24 00:00:00,29097.8,2022-05-25 00:00:00,30188.9,-53.39370516385875,-0.03801642907711243,reverse,1.4308228449067606
1,2022-05-25 04:00:00,30189.0,2022-05-25 20:00:00,29536.7,-29.838859125658367,-0.022096404319454085,reverse,1.3358052053296605
-1,2022-05-26 00:00:00,29536.7,2022-05-26 00:00:00,29826.3,-13.607508626070612,-0.010309653752788854,reverse,1.326350823551353
1,2022-05-26 04:00:00,29826.4,2022-05-26 08:00:00,28992.8,-37.1243441169618,-0.02843442051337078,reverse,1.2873679345204119
-1,2022-05-26 12:00:00,28992.9,2022-05-28 16:00:00,29013.5,-1.5351893081900305,-0.001210874041575646,reverse,1.2682860858182243
1,2022-05-28 20:00:00,29013.4,2022-06-01 12:00:00,30733.7,74.37518142901831,0.058763645419013244,reverse,1.3031893368832974
-1,2022-06-01 16:00:00,30733.6,2022-06-05 12:00:00,29958.3,33.13573827111565,0.024739075474399328,reverse,1.3225146420598133
1,2022-06-05 16:00:00,29958.4,2022-06-07 04:00:00,29569.0,-18.50868506892281,-0.013491524914548221,reverse,1.3629591183875083
-1,2022-06-07 08:00:00,29569.1,2022-06-07 20:00:00,31118.1,-71.5729680049517,-0.05291196045872212,reverse,1.3881109261776041
1,2022-06-08 00:00:00,31118.0,2022-06-08 00:00:00,30006.0,-46.37346873651524,-0.036217076932964845,reverse,1.257552953741364
-1,2022-06-08 04:00:00,30006.0,2022-06-15 16:00:00,21617.3,344.37900496637656,0.27920720355928813,reverse,1.0610056841499114
1,2022-06-15 20:00:00,21616.8,2022-06-18 16:00:00,18059.4,-260.20966469613273,-0.16498416509381583,reverse,1.4474042062874122
-1,2022-06-18 20:00:00,18059.5,2022-06-19 08:00:00,19685.4,-119.21338238525352,-0.09057519311165876,reverse,1.3754293987658182
1,2022-06-19 12:00:00,19685.4,2022-06-22 20:00:00,19977.4,17.138229916024954,0.014325911589299682,reverse,1.2051825326029748
-1,2022-06-23 00:00:00,19977.5,2022-06-23 04:00:00,20446.2,-29.07580386388676,-0.02397312476536107,reverse,1.2270775544681363
1,2022-06-23 08:00:00,20446.2,2022-06-26 20:00:00,21029.1,33.12243864333937,0.027994710508554052,reverse,1.2000331939465778
-1,2022-06-27 00:00:00,21029.1,2022-07-02 08:00:00,19188.6,105.84520996567282,0.08706533803158481,reverse,1.1624986750645978
1,2022-07-02 12:00:00,19188.7,2022-07-09 08:00:00,21437.4,154.06098323785002,0.11663016775498082,reverse,1.3983353907200247
-1,2022-07-09 12:00:00,21437.4,2022-07-13 20:00:00,20220.1,83.0233229011801,0.05631233031990834,reverse,1.4324771647394436
1,2022-07-14 00:00:00,20220.1,2022-07-17 20:00:00,20794.4,43.41145012123766,0.027888230028536107,reverse,1.5787285689993849
-1,2022-07-18 00:00:00,20794.4,2022-07-18 04:00:00,22243.4,-112.29504384055593,-0.07021706324779749,reverse,1.654975622169398
1,2022-07-18 08:00:00,22243.3,2022-07-21 00:00:00,22774.4,34.724026910292494,0.02336491437871189,reverse,1.5039035273322767
-1,2022-07-21 04:00:00,22774.4,2022-07-27 12:00:00,21516.4,83.25069837784275,0.054765078333567516,reverse,1.4781576562433036
1,2022-07-27 16:00:00,21516.5,2022-07-30 20:00:00,23629.9,156.53423524907285,0.09767318337090147,reverse,1.681339805459869
-1,2022-07-31 00:00:00,23630.0,2022-08-03 12:00:00,23346.0,20.26451237380491,0.011524629707998307,reverse,1.7477990307091464
1,2022-08-03 16:00:00,23345.9,2022-08-03 20:00:00,22801.5,-42.32329005091832,-0.023807210259617385,reverse,1.757023353509097
-1,2022-08-04 00:00:00,22801.5,2022-08-04 00:00:00,23083.7,-22.345311667548728,-0.012882566936385795,reverse,1.7452724133925832
1,2022-08-04 04:00:00,23083.7,2022-08-04 04:00:00,22935.0,-11.874129174240046,-0.006938554044628925,reverse,1.7058141889915182
-1,2022-08-04 08:00:00,22934.9,2022-08-05 04:00:00,23176.9,-18.781177360348142,-0.011056880561938357,reverse,1.7075578446197006
1,2022-08-05 08:00:00,23176.9,2022-08-07 04:00:00,23000.0,-13.647950221296815,-0.008128783400713704,reverse,1.6725584728603928
-1,2022-08-07 08:00:00,23000.0,2022-08-07 16:00:00,23154.9,-12.0477448885565,-0.007238150000000065,reverse,1.6700834273856051
1,2022-08-07 20:00:00,23155.0,2022-08-09 12:00:00,23061.7,-7.477368770042556,-0.004527352623623376,reverse,1.6482710444226494
-1,2022-08-09 16:00:00,23061.6,2022-08-10 16:00:00,23626.3,-41.080469877799935,-0.02499883572692271,reverse,1.6634146763241509
1,2022-08-10 20:00:00,23626.3,2022-08-12 08:00:00,23663.2,1.699138903644828,0.001061037911141459,reverse,1.602643750377117
-1,2022-08-12 12:00:00,23663.2,2022-08-12 20:00:00,24387.5,-49.86974651128427,-0.031124013235741547,reverse,1.6268136889754796
1,2022-08-13 00:00:00,24387.5,2022-08-14 12:00:00,24512.1,7.147727515278168,0.004606620194771852,reverse,1.5555845081381814
-1,2022-08-14 16:00:00,24512.0,2022-08-21 04:00:00,21241.7,207.1865305468871,0.13298299404373365,reverse,1.454061876409387
1,2022-08-21 08:00:00,21241.7,2022-08-26 12:00:00,20770.1,-40.03514421124525,-0.022690512058827782,reverse,1.744813943476033
-1,2022-08-26 16:00:00,20769.6,2022-08-29 08:00:00,19812.0,78.64062714948751,0.045628899930667835,reverse,1.683751545714992
1,2022-08-29 12:00:00,19812.0,2022-09-01 16:00:00,19857.4,3.2249695091379684,0.0017903947102766735,reverse,1.80332558217196
-1,2022-09-01 20:00:00,19857.5,2022-09-01 20:00:00,20122.5,-24.98283490066034,-0.01385175626337656,reverse,1.8156205923742443
1,2022-09-02 00:00:00,20122.6,2022-09-03 04:00:00,19808.2,-28.650168084549534,-0.01611641139812936,reverse,1.7638138582745921
-1,2022-09-03 08:00:00,19808.1,2022-09-04 16:00:00,19872.7,-6.578200212496335,-0.0037629227437261615,reverse,1.7510130761166662
1,2022-09-04 20:00:00,19872.8,2022-09-06 16:00:00,18813.0,-93.65457400202698,-0.05380250895696626,reverse,1.6942948433850795
-1,2022-09-06 20:00:00,18813.1,2022-09-08 04:00:00,19164.0,-31.542921931715508,-0.019161222764988307,reverse,1.66153746996098
1,2022-09-08 08:00:00,19164.0,2022-09-12 00:00:00,21649.2,208.36957682541862,0.12911581089542895,reverse,1.7184597803734982
-1,2022-09-12 04:00:00,21649.2,2022-09-12 04:00:00,22180.9,-45.66583026107377,-0.02507207887589383,reverse,1.8437482705580828
1,2022-09-12 08:00:00,22180.8,2022-09-13 04:00:00,22267.8,6.070455580567385,0.0034203500324605065,reverse,1.7782860323544212
-1,2022-09-13 08:00:00,22267.9,2022-09-17 00:00:00,19875.0,190.48251722240312,0.10701334656613337,reverse,1.6843499792909054
1,2022-09-17 04:00:00,19875.1,2022-09-19 00:00:00,18766.2,-110.81952181094728,-0.05626553325517848,reverse,1.9146361007124966
-1,2022-09-19 04:00:00,18766.2,2022-09-19 20:00:00,19528.6,-76.44109027798336,-0.04114654538478743,reverse,1.8955138588881444
1,2022-09-20 00:00:00,19528.6,2022-09-21 20:00:00,18447.5,-99.40393335399115,-0.055832151306289164,reverse,1.7311251421628246
-1,2022-09-22 00:00:00,18447.6,2022-09-22 04:00:00,18923.8,-44.23158754682402,-0.026326562804917755,reverse,1.7017974344367723
1,2022-09-22 08:00:00,18923.8,2022-09-25 20:00:00,18799.7,-11.534560212456512,-0.007054600555913641,reverse,1.6296796669607043
-1,2022-09-26 00:00:00,18799.7,2022-09-26 12:00:00,19103.9,-27.08137742107226,-0.01668919982765686,reverse,1.6358172390918244
1,2022-09-26 16:00:00,19103.8,2022-09-28 00:00:00,18736.0,-31.4861986746102,-0.01974308776264404,reverse,1.5794439886304212
-1,2022-09-28 04:00:00,18736.0,2022-09-29 00:00:00,19497.3,-64.30257948748023,-0.04115332248078561,reverse,1.594257257514607
1,2022-09-29 04:00:00,19497.4,2022-09-29 12:00:00,19280.7,-17.383267553307817,-0.011608745268599953,reverse,1.4891071952237498
-1,2022-09-29 16:00:00,19280.7,2022-09-29 16:00:00,19399.3,-9.843690453659333,-0.0066543045636309126,reverse,1.4838463968824052
1,2022-09-29 20:00:00,19399.3,2022-10-01 00:00:00,19408.0,-0.07601244195197354,-5.175444474796889e-05,reverse,1.4690426486877288
-1,2022-10-01 04:00:00,19408.0,2022-10-03 16:00:00,19537.7,-10.54857457470865,-0.0071861526174773665,reverse,1.4728078019365205
1,2022-10-03 20:00:00,19537.8,2022-10-06 12:00:00,20004.4,34.041175451253416,0.023369970006858615,reverse,1.4740138563179086
-1,2022-10-06 16:00:00,20004.3,2022-10-12 08:00:00,19107.2,66.10503345226822,0.0443677809271006,reverse,1.456524986112497
1,2022-10-12 12:00:00,19107.2,2022-10-13 08:00:00,18744.9,-30.25350074451213,-0.01945195790068661,reverse,1.5405480491375538
-1,2022-10-13 12:00:00,18745.0,2022-10-13 16:00:00,19360.9,-50.869492337797226,-0.03337319018404916,reverse,1.5493033614420517
1,2022-10-13 20:00:00,19360.9,2022-10-15 08:00:00,19160.8,-15.94873010241986,-0.010830095708360778,reverse,1.4650205655520994
-1,2022-10-15 12:00:00,19160.8,2022-10-16 16:00:00,19369.9,-16.62451309688773,-0.011418361968185157,reverse,1.4638898305899142
1,2022-10-16 20:00:00,19369.8,2022-10-18 16:00:00,19209.6,-12.611384969285137,-0.008766471517516998,reverse,1.4326440279781163
-1,2022-10-18 20:00:00,19209.6,2022-10-21 20:00:00,19150.9,3.6448115693849057,0.0025572916666665156,reverse,1.42308473265809
1,2022-10-22 00:00:00,19151.0,2022-10-25 08:00:00,19291.0,9.72124619576067,0.006806668059109185,reverse,1.433414827479802
-1,2022-10-25 12:00:00,19291.0,2022-10-25 12:00:00,19740.3,-34.20870445578064,-0.023802298999533424,reverse,1.4539383779900685
1,2022-10-25 16:00:00,19740.3,2022-10-27 20:00:00,20285.5,38.00839290405363,0.027104818569120056,reverse,1.4216388364974661
-1,2022-10-28 00:00:00,20285.6,2022-10-29 12:00:00,20913.2,-45.28012825792479,-0.03145367156998078,reverse,1.461850679134567
1,2022-10-29 16:00:00,20913.2,2022-10-29 20:00:00,20796.7,-8.456057494834237,-0.00606785905552474,reverse,1.3897001517505412
-1,2022-10-30 00:00:00,20796.7,2022-11-04 04:00:00,20603.3,12.188791642992994,0.008804202108988515,reverse,1.377991593097114
1,2022-11-04 08:00:00,20603.3,2022-11-06 16:00:00,21186.7,38.809092881065325,0.027801694388763034,reverse,1.4156888642089926
-1,2022-11-06 20:00:00,21186.6,2022-11-10 20:00:00,17588.0,242.97967283695746,0.16943756902948084,reverse,1.3122491330149728
1,2022-11-11 00:00:00,17588.0,2022-11-20 20:00:00,16272.6,-126.1452634185813,-0.0752522344780532,reverse,1.6136143400491605
-1,2022-11-21 00:00:00,16272.7,2022-11-22 16:00:00,16160.5,9.913190589861996,0.006398431114689064,reverse,1.5439745727352872
1,2022-11-22 20:00:00,16160.6,2022-11-26 12:00:00,16506.4,32.551469737440655,0.02088702152147823,reverse,1.575128044337808
-1,2022-11-26 16:00:00,16506.4,2022-11-29 08:00:00,16488.0,0.9784290557478961,0.0006152764988126699,reverse,1.5893402735803348
1,2022-11-29 12:00:00,16488.0,2022-12-02 04:00:00,16947.1,43.466810716886165,0.02733057071809792,reverse,1.6125519962267698
-1,2022-12-02 08:00:00,16947.0,2022-12-05 00:00:00,17190.1,-24.254353904094057,-0.014851894140555764,reverse,1.6447945731540092
1,2022-12-05 04:00:00,17190.1,2022-12-05 16:00:00,16919.5,-26.10403918362296,-0.01623374791304289,reverse,1.5953542833348597
-1,2022-12-05 20:00:00,16919.5,2022-12-08 16:00:00,17241.9,-30.933424710227218,-0.019564464079907886,reverse,1.5961664887010194
1,2022-12-08 20:00:00,17241.9,2022-12-11 00:00:00,17147.7,-9.235386160797146,-0.005960703286760781,reverse,1.5451461432813276
-1,2022-12-11 04:00:00,17147.6,2022-12-13 04:00:00,17157.0,-1.6139598055206226,-0.001048455760572993,reverse,1.5397904592835405
1,2022-12-13 08:00:00,17156.9,2022-12-15 08:00:00,17712.1,48.943713317778226,0.03184397822450426,reverse,1.5618534255551086
-1,2022-12-15 12:00:00,17712.1,2022-12-18 20:00:00,16730.3,87.11841584013762,0.05495874853913423,reverse,1.5412265780973209
1,2022-12-19 00:00:00,16730.4,2022-12-19 20:00:00,16429.2,-30.91271906815089,-0.018494154353751298,reverse,1.656439934011281
-1,2022-12-20 00:00:00,16429.2,2022-12-20 00:00:00,16718.0,-29.65833702906459,-0.01808724709663278,reverse,1.6541495111536455
1,2022-12-20 04:00:00,16717.9,2022-12-22 16:00:00,16658.3,-6.538836506585061,-0.004063258543238216,reverse,1.6063907395505268
-1,2022-12-22 20:00:00,16658.3,2022-12-22 20:00:00,16815.5,-15.925374928236746,-0.009941455610716625,reverse,1.6094742404048386
1,2022-12-23 00:00:00,16815.5,2022-12-25 12:00:00,16784.1,-3.75117831637295,-0.0023663911272338886,reverse,1.5837094464698347
-1,2022-12-25 16:00:00,16784.2,2022-12-26 00:00:00,16887.1,-10.485736830549936,-0.0066338312222207685,reverse,1.5854909895656415
1,2022-12-26 04:00:00,16887.2,2022-12-27 12:00:00,16790.7,-9.74818668860685,-0.0062115300345824045,reverse,1.5648856526063009
-1,2022-12-27 16:00:00,16790.7,2022-12-30 00:00:00,16593.9,17.500490530814208,0.0112266343868927,reverse,1.54970138725878
1,2022-12-30 04:00:00,16593.9,2022-12-30 04:00:00,16467.5,-12.783207152721083,-0.008113448315344881,reverse,1.569557131696058
-1,2022-12-30 08:00:00,16467.6,2022-12-30 20:00:00,16601.2,-13.459573504288294,-0.008616956933615232,reverse,1.5683229820684401
1,2022-12-31 00:00:00,16601.2,2023-01-06 00:00:00,16825.1,20.090108062041335,0.01298023335662469,reverse,1.5581835023668873
-1,2023-01-06 04:00:00,16825.0,2023-01-06 20:00:00,16943.8,-11.853968818229319,-0.007564451708766674,reverse,1.572594980624256
1,2023-01-07 00:00:00,16943.9,2023-01-08 08:00:00,16918.6,-3.0970615293684918,-0.0019924161497649837,reverse,1.5532645232311024
-1,2023-01-08 12:00:00,16918.5,2023-01-08 12:00:00,16991.0,-7.423095049288023,-0.004787392499335048,reverse,1.553873002659606
1,2023-01-08 16:00:00,16990.9,2023-01-08 16:00:00,16920.3,-7.176701104360219,-0.004653087829367613,reverse,1.5391480188829236
-1,2023-01-08 20:00:00,16920.3,2023-01-08 20:00:00,17124.7,-19.31232835684696,-0.012586204145316658,reverse,1.543672435312745
1,2023-01-09 00:00:00,17124.6,2023-01-15 16:00:00,20877.2,330.9185890942928,0.21852547796736874,reverse,1.6802458118246169
-1,2023-01-15 20:00:00,20877.3,2023-01-20 20:00:00,22661.1,-158.5978019038958,-0.08598480406949172,reverse,1.9232847823832588
1,2023-01-21 00:00:00,22661.0,2023-01-22 20:00:00,22704.6,2.3977886939851505,0.0014230484091610496,reverse,1.6865873035264167
-1,2023-01-23 00:00:00,22704.7,2023-01-29 08:00:00,23430.0,-54.74601131858129,-0.03246090016604489,reverse,1.7134595689228542
1,2023-01-29 12:00:00,23430.0,2023-01-30 12:00:00,23178.6,-18.306349454558838,-0.011224468629961648,reverse,1.6221825739445412
-1,2023-01-30 16:00:00,23178.6,2023-02-01 16:00:00,23379.9,-14.81105216635544,-0.009189077424866167,reverse,1.6188096487351875
1,2023-02-01 20:00:00,23379.8,2023-02-03 08:00:00,23532.9,9.649171953203394,0.0060451137306564715,reverse,1.6014198648835962
-1,2023-02-03 12:00:00,23532.9,2023-02-07 16:00:00,23086.1,29.686390435578804,0.018495678390678706,reverse,1.5898078545514769
1,2023-02-07 20:00:00,23086.1,2023-02-09 00:00:00,22511.6,-41.45711623724048,-0.02537266147162145,reverse,1.613598319513712
-1,2023-02-09 04:00:00,22511.6,2023-02-11 20:00:00,21851.3,45.91320001405478,0.028846210398194683,reverse,1.5683116378892334
1,2023-02-12 00:00:00,21851.2,2023-02-17 08:00:00,23792.6,144.5301560631431,0.08830195595665218,reverse,1.709482479177132
-1,2023-02-17 12:00:00,23792.6,2023-02-17 20:00:00,24581.5,-59.95591105128548,-0.03367394694148607,reverse,1.8100016985879979
1,2023-02-18 00:00:00,24581.3,2023-02-18 04:00:00,24522.8,-4.950265237387144,-0.0028786679305000144,reverse,1.717591223768764
-1,2023-02-18 08:00:00,24522.7,2023-02-26 08:00:00,23244.2,88.53878406351514,0.05166143613876124,reverse,1.6691518750479115
1,2023-02-26 12:00:00,23244.2,2023-03-03 00:00:00,22306.3,-73.55503887741772,-0.04082967579008963,reverse,1.7651639417591158
-1,2023-03-03 04:00:00,22306.4,2023-03-05 04:00:00,22365.2,-5.418341448293735,-0.0031373327834163856,reverse,1.7293297322591683
1,2023-03-05 08:00:00,22365.2,2023-03-08 04:00:00,21962.2,-31.85157824151215,-0.018510055800976515,reverse,1.7052682469595906
-1,2023-03-08 08:00:00,21962.2,2023-03-11 16:00:00,20210.0,133.90098635598972,0.07932242671499216,reverse,1.6207207921502749
1,2023-03-11 20:00:00,20209.9,2023-03-15 16:00:00,24379.8,374.6517710890529,0.20572640636519712,reverse,2.0089916895997093
-1,2023-03-15 20:00:00,24379.8,2023-03-17 04:00:00,26046.9,-151.25768297737454,-0.06891457066916062,reverse,2.269900405888378
1,2023-03-17 08:00:00,26046.9,2023-03-18 20:00:00,26907.0,66.39092376707937,0.03250469345680286,reverse,2.076225637305269
-1,2023-03-19 00:00:00,26907.0,2023-03-26 20:00:00,27954.3,-83.13958343648258,-0.03944241832980263,reverse,2.1488946731699183
1,2023-03-27 00:00:00,27954.3,2023-03-27 12:00:00,26887.3,-78.2159078741232,-0.03865035611694802,reverse,1.9850574961820153
-1,2023-03-27 16:00:00,26887.3,2023-03-29 04:00:00,28077.7,-87.1032955812435,-0.04479582739806532,reverse,1.987495106797262
1,2023-03-29 08:00:00,28077.8,2023-03-31 04:00:00,27733.3,-23.693561999709463,-0.012763345062647358,reverse,1.8449871913611169
-1,2023-03-31 08:00:00,27733.3,2023-03-31 16:00:00,28459.0,-48.87152593744983,-0.026680182307911453,reverse,1.8557196644646277
1,2023-03-31 20:00:00,28458.9,2023-04-01 12:00:00,28387.2,-5.37826517872913,-0.0030181630351138215,reverse,1.779721656657489
-1,2023-04-01 16:00:00,28387.2,2023-04-04 20:00:00,28155.2,13.631643463105389,0.00767678390260399,reverse,1.7684410536693111
1,2023-04-05 00:00:00,28155.1,2023-04-06 00:00:00,28117.4,-3.2877659625930464,-0.0018383418989808983,reverse,1.7872435950866967
-1,2023-04-06 04:00:00,28117.4,2023-04-08 04:00:00,28073.8,1.8759994399766626,0.0010514165605639988,reverse,1.7828756072876133
1,2023-04-08 08:00:00,28073.8,2023-04-09 12:00:00,27873.6,-13.617187239538087,-0.0076276385811682315,reverse,1.7788773843760872
-1,2023-04-09 16:00:00,27873.6,2023-04-09 16:00:00,28132.4,-17.334438185525595,-0.009789413638712005,reverse,1.778953466971241
1,2023-04-09 20:00:00,28132.5,2023-04-12 20:00:00,29875.0,107.61845368816356,0.061408068959388606,reverse,1.8067877290448675
-1,2023-04-13 00:00:00,29874.9,2023-04-14 04:00:00,30739.9,-54.78955957064748,-0.029468548848699073,reverse,1.8861719413883238
1,2023-04-14 08:00:00,30739.9,2023-04-14 12:00:00,30226.7,-30.99659648198845,-0.01718656696996414,reverse,1.7884813047775479
-1,2023-04-14 16:00:00,30226.7,2023-04-18 12:00:00,30170.2,2.4273971591967713,0.0013701429530845247,reverse,1.7699821016625839
1,2023-04-18 16:00:00,30170.1,2023-04-19 08:00:00,29299.9,-52.00505654797837,-0.029328704578373863,reverse,1.7476074406221551
-1,2023-04-19 12:00:00,29300.0,2023-04-22 20:00:00,27807.2,86.83028855760205,0.05047427986348121,reverse,1.676464509182893
1,2023-04-23 00:00:00,27807.2,2023-04-29 04:00:00,29333.9,98.21635151855769,0.05437559516959639,reverse,1.855842490928705
-1,2023-04-29 08:00:00,29333.8,2023-05-03 00:00:00,28505.4,52.8328187050646,0.027754580040772005,reverse,1.8766923182365036
1,2023-05-03 04:00:00,28505.5,2023-05-06 12:00:00,28557.9,2.6150704820150805,0.0013373226219502011,reverse,1.9572495110105002
-1,2023-05-06 16:00:00,28557.9,2023-05-10 08:00:00,27660.7,60.53783780530062,0.030932584328679652,reverse,1.926346738560166
1,2023-05-10 12:00:00,27660.6,2023-05-11 12:00:00,27166.3,-37.02819068016368,-0.01836124849063286,reverse,1.998629908870051
-1,2023-05-11 16:00:00,27166.3,2023-05-13 04:00:00,26759.3,28.66868437561945,0.014489288198981827,reverse,1.9637907518830062
1,2023-05-13 08:00:00,26759.2,2023-05-17 00:00:00,27052.1,20.946277958672844,0.010440295300307849,reverse,2.0172719165790887
-1,2023-05-17 04:00:00,27052.1,2023-05-17 16:00:00,27377.1,-25.368180000023663,-0.012519861674324728,reverse,2.038406292237054
1,2023-05-17 20:00:00,27377.0,2023-05-18 16:00:00,26719.3,-49.020017635596005,-0.024511803703839017,reverse,1.9758314927894185
-1,2023-05-18 20:00:00,26719.3,2023-05-20 16:00:00,27054.3,-25.433673384721313,-0.013044022485619011,reverse,1.9620568714957356
1,2023-05-20 20:00:00,27054.3,2023-05-21 20:00:00,26732.8,-23.807321214226636,-0.012377566597546416,reverse,1.9119964960380162
-1,2023-05-22 00:00:00,26732.8,2023-05-23 00:00:00,27354.6,-45.13379729731833,-0.023771445564998772,reverse,1.9207371749856197
1,2023-05-23 04:00:00,27354.7,2023-05-24 04:00:00,26664.2,-47.666406262511025,-0.025729841672546216,reverse,1.8291911048486966
-1,2023-05-24 08:00:00,26664.2,2023-05-26 04:00:00,26491.3,10.801497150818536,0.00598759197725795,reverse,1.798131343744563
1,2023-05-26 08:00:00,26491.2,2023-05-30 16:00:00,27836.4,91.154232050199,0.050253737090052576,reverse,1.8599332827694286
-1,2023-05-30 20:00:00,27836.4,2023-06-02 16:00:00,27231.6,40.43948839892053,0.02123781092382646,reverse,1.8834415290122308
1,2023-06-02 20:00:00,27231.5,2023-06-05 00:00:00,26835.9,-29.193146621523013,-0.015020030112186203,reverse,1.9294966585751785
-1,2023-06-05 04:00:00,26835.8,2023-06-06 16:00:00,27073.2,-17.89231157907917,-0.009350814956140733,reverse,1.921912994988721
1,2023-06-06 20:00:00,27073.3,2023-06-10 04:00:00,25637.2,-101.39590500021775,-0.053518359416842375,reverse,1.8443509699281875
-1,2023-06-10 08:00:00,25637.3,2023-06-11 20:00:00,25909.9,-19.962629169378832,-0.011138261439387228,reverse,1.8017856778875603
1,2023-06-12 00:00:00,25910.0,2023-06-14 20:00:00,25115.9,-55.1490787135088,-0.03113307410266301,reverse,1.7442531716991283
-1,2023-06-15 00:00:00,25115.9,2023-06-16 00:00:00,25545.7,-30.226803820999496,-0.017621222014739635,reverse,1.730040878533275
1,2023-06-16 04:00:00,25545.7,2023-06-19 04:00:00,26415.3,56.46366303838328,0.033523933577862354,reverse,1.7129464054282124
-1,2023-06-19 08:00:00,26415.2,2023-06-19 20:00:00,26828.5,-28.10656060503928,-0.016154117704957723,reverse,1.753512193331407
1,2023-06-20 00:00:00,26828.6,2023-06-23 04:00:00,29927.0,196.63814267591434,0.11493095055276839,reverse,1.8097203834839988
-1,2023-06-23 08:00:00,29926.9,2023-06-23 12:00:00,31232.9,-84.20301321690967,-0.044161488493629476,reverse,1.9483108914630836
1,2023-06-23 16:00:00,31232.9,2023-06-24 00:00:00,30719.5,-30.838077327822006,-0.01692957586391278,reverse,1.806579360327781
-1,2023-06-24 04:00:00,30719.5,2023-06-30 00:00:00,30734.3,-1.757620230656018,-0.000982019564120486,reverse,1.7902327884916442
1,2023-06-30 04:00:00,30734.4,2023-06-30 12:00:00,30052.0,-40.55404577513329,-0.022692032380654946,reverse,1.767308967622054
-1,2023-06-30 16:00:00,30052.0,2023-07-03 00:00:00,30747.9,-41.317449871499534,-0.02366810694795692,reverse,1.7659136964331252
1,2023-07-03 04:00:00,30748.0,2023-07-04 16:00:00,30685.3,-4.323745561852374,-0.002538137439833509,reverse,1.7017743389348197
-1,2023-07-04 20:00:00,30685.2,2023-07-08 20:00:00,30269.3,22.181185121897173,0.01306054221579137,reverse,1.6868262794084825
1,2023-07-09 00:00:00,30269.2,2023-07-12 16:00:00,30268.1,-0.9222963185280911,-0.000536322400327798,reverse,1.719636471602068
-1,2023-07-12 20:00:00,30268.1,2023-07-13 12:00:00,30915.4,-37.61524183380768,-0.02189624390034402,reverse,1.7362545533147047
1,2023-07-13 16:00:00,30915.5,2023-07-14 16:00:00,30099.9,-45.123093544365666,-0.026868397729294318,reverse,1.6572586333430188
-1,2023-07-14 20:00:00,30099.9,2023-07-19 04:00:00,29984.0,5.476032537421245,0.0033524363868318984,reverse,1.630303798386449
1,2023-07-19 08:00:00,29984.1,2023-07-21 04:00:00,29757.8,-13.17621887771991,-0.008043559753335911,reverse,1.6319262393411227
-1,2023-07-21 08:00:00,29757.8,2023-07-21 16:00:00,29865.1,-6.671172917706487,-0.004107580197460809,reverse,1.6270407340562085
1,2023-07-21 20:00:00,29865.1,2023-07-24 08:00:00,29259.6,-33.56828113915313,-0.020764363755688076,reverse,1.600241233261236
-1,2023-07-24 12:00:00,29259.7,2023-07-26 08:00:00,29163.9,4.391961920961677,0.002775764959996147,reverse,1.5796625656827454
1,2023-07-26 12:00:00,29163.9,2023-07-31 16:00:00,29146.5,-1.7386184708632964,-0.0010963297089895882,reverse,1.5853805678719326
-1,2023-07-31 20:00:00,29146.4,2023-08-01 20:00:00,29701.2,-30.945172888327072,-0.019544458320753137,reverse,1.598391326247281
1,2023-08-02 00:00:00,29701.2,2023-08-03 00:00:00,29170.1,-28.50648748819813,-0.018372491683837765,reverse,1.5377129874310755
-1,2023-08-03 04:00:00,29170.1,2023-08-06 16:00:00,29076.9,4.105118351733423,0.002696649994343423,reverse,1.5198710719114077
1,2023-08-06 20:00:00,29077.0,2023-08-07 12:00:00,28853.2,-12.499559361034182,-0.008192956632389836,reverse,1.5197756541389262
-1,2023-08-07 16:00:00,28853.2,2023-08-07 16:00:00,29144.9,-16.05373854873476,-0.01061485207879891,reverse,1.5200295255472234
1,2023-08-07 20:00:00,29144.9,2023-08-10 04:00:00,29504.0,17.670266068207436,0.011815034534343866,reverse,1.5047882775675996
-1,2023-08-10 08:00:00,29504.0,2023-08-14 12:00:00,29592.9,-5.31590910621522,-0.0035146573345987476,reverse,1.5147758137288494
1,2023-08-14 16:00:00,29592.8,2023-08-15 04:00:00,29396.9,-10.720538870893666,-0.007116543551133986,reverse,1.5014388088619899
-1,2023-08-15 08:00:00,29396.9,2023-08-20 00:00:00,26090.9,167.46005195947876,0.11201706812623098,reverse,1.4108894808641024
1,2023-08-20 04:00:00,26090.9,2023-08-25 16:00:00,25961.9,-9.04240955673216,-0.005441780467519326,reverse,1.6575559473812076
-1,2023-08-25 20:00:00,25961.8,2023-08-25 20:00:00,26051.7,-6.548542329307843,-0.003964511320478606,reverse,1.6546504422623114
1,2023-08-26 00:00:00,26051.7,2023-08-31 12:00:00,26909.5,53.29613546955303,0.03241037053244123,reverse,1.6714888191945736
-1,2023-08-31 16:00:00,26909.4,2023-09-03 08:00:00,25930.4,60.91755405013101,0.03589952953243104,reverse,1.666022472740171
1,2023-09-03 12:00:00,25930.5,2023-09-09 12:00:00,25881.9,-4.169797537638877,-0.002373303638572281,reverse,1.7553126652998183
-1,2023-09-09 16:00:00,25881.9,2023-09-12 08:00:00,26087.2,-14.77938351994143,-0.008436150359903997,reverse,1.7588591103338747
1,2023-09-12 12:00:00,26087.2,2023-09-15 16:00:00,26386.9,19.068684344658234,0.010982648578613294,reverse,1.74622892420789
-1,2023-09-15 20:00:00,26386.9,2023-09-18 08:00:00,27184.7,-53.94920389446005,-0.030749817144113147,reverse,1.7809788145971914
1,2023-09-18 12:00:00,27184.6,2023-09-20 08:00:00,27085.4,-7.048874599163379,-0.004147300309734081,reverse,1.6965285756710033
-1,2023-09-20 12:00:00,27085.5,2023-09-24 12:00:00,26566.0,31.617765031273766,0.01868959406324417,reverse,1.6755072632639605
1,2023-09-24 16:00:00,26566.0,2023-09-24 16:00:00,26432.5,-9.512879663693571,-0.005522707596175563,reverse,1.7181748881131562
-1,2023-09-24 20:00:00,26432.5,2023-09-26 04:00:00,26256.3,10.56275419556582,0.006169369147829404,reverse,1.7064221791171374
1,2023-09-26 08:00:00,26256.3,2023-09-26 12:00:00,26114.8,-10.135563903062003,-0.005886488195214102,reverse,1.717195782031952
-1,2023-09-26 16:00:00,26114.8,2023-09-26 16:00:00,26235.8,-8.78636353018455,-0.00513570465789514,reverse,1.714802433617285
1,2023-09-26 20:00:00,26235.8,2023-09-30 20:00:00,26950.9,45.49515136106929,0.026743020986590923,reverse,1.7243816275355364
-1,2023-10-01 00:00:00,26951.0,2023-10-01 04:00:00,27092.1,-10.017718261216114,-0.005738044970501968,reverse,1.7504118267577273
1,2023-10-01 08:00:00,27092.1,2023-10-03 04:00:00,27528.1,27.03956928150885,0.01558520565035564,reverse,1.748911576655031
-1,2023-10-03 08:00:00,27528.0,2023-10-06 12:00:00,27926.5,-26.387626613481046,-0.014983407802964255,reverse,1.7738703266742974
1,2023-10-06 16:00:00,27926.6,2023-10-08 08:00:00,27799.2,-8.77274766950627,-0.005059677869844443,reverse,1.7299000920079746
-1,2023-10-08 12:00:00,27799.2,2023-10-13 04:00:00,26857.8,57.55640351681019,0.03338121600621606,reverse,1.695020646126959
1,2023-10-13 08:00:00,26857.9,2023-10-18 12:00:00,28235.3,90.39733653644626,0.05075908205779296,reverse,1.8265763292797526
-1,2023-10-18 16:00:00,28235.4,2023-10-20 00:00:00,29222.8,-66.37691117161899,-0.035487770670859904,reverse,1.9031209811989798
1,2023-10-20 04:00:00,29222.9,2023-10-22 04:00:00,29800.5,34.71956493169463,0.019255438371961666,reverse,1.8209238308612985
-1,2023-10-22 08:00:00,29800.4,2023-10-23 00:00:00,30724.0,-57.878428053859075,-0.031508369015180955,reverse,1.865388125878893
1,2023-10-23 04:00:00,30723.9,2023-10-26 04:00:00,34648.7,226.14258084098236,0.1271803270418142,reverse,1.8916980941756119
-1,2023-10-26 08:00:00,34648.6,2023-11-01 20:00:00,35437.4,-46.63284028955091,-0.023277093446777152,reverse,2.026183177484573
1,2023-11-02 00:00:00,35437.5,2023-11-03 00:00:00,34680.0,-42.76230119317493,-0.021864973544973545,reverse,1.9348418085749595
-1,2023-11-03 04:00:00,34680.1,2023-11-05 00:00:00,35292.1,-34.71402780498425,-0.01815583144223921,reverse,1.928874878493972
1,2023-11-05 04:00:00,35292.4,2023-11-06 04:00:00,34918.5,-20.806767832390815,-0.011089051750518565,reverse,1.8663950010165888
-1,2023-11-06 08:00:00,34918.5,2023-11-06 08:00:00,35253.1,-18.707435986579807,-0.010087104257055673,reverse,1.8634749638774943
1,2023-11-06 12:00:00,35253.1,2023-11-06 20:00:00,35057.4,-11.098739828941579,-0.006048509209119115,reverse,1.829861427525487
-1,2023-11-07 00:00:00,35057.5,2023-11-07 20:00:00,35406.5,-19.068029138402245,-0.01046005134422021,reverse,1.8320121313464983
1,2023-11-08 00:00:00,35406.5,2023-11-11 12:00:00,37071.5,83.84074552588005,0.046501751090901385,reverse,1.8453511985531221
-1,2023-11-11 16:00:00,37071.5,2023-11-15 16:00:00,37527.4,-24.147050875940756,-0.012804005772628607,reverse,1.8974944087668928
1,2023-11-15 20:00:00,37527.4,2023-11-16 16:00:00,35936.5,-79.77624779745994,-0.04287182831744275,reverse,1.821365512859059
-1,2023-11-16 20:00:00,35936.4,2023-11-18 12:00:00,36671.9,-37.34109450274841,-0.020976946772631646,reverse,1.798317917833388
1,2023-11-18 16:00:00,36672.0,2023-11-21 12:00:00,36975.9,13.556686026689519,0.007782832951570721,reverse,1.749087778222787
-1,2023-11-21 16:00:00,36975.8,2023-11-22 20:00:00,37413.4,-21.652424245268133,-0.012340684988560046,reverse,1.7649384916615354
1,2023-11-23 00:00:00,37413.5,2023-11-26 00:00:00,37721.0,13.362322055814797,0.007714848918171249,reverse,1.7391441339501643
-1,2023-11-26 04:00:00,37721.1,2023-11-28 16:00:00,38105.0,-18.635718201314344,-0.010682416472478307,reverse,1.7534000060859238
1,2023-11-28 20:00:00,38104.7,2023-11-30 12:00:00,37614.0,-23.06558202733932,-0.013371237668843926,reverse,1.7139076458748437
-1,2023-11-30 16:00:00,37613.9,2023-12-01 04:00:00,38234.9,-28.949277977910377,-0.01701810899693996,reverse,1.7151289935080887
1,2023-12-01 08:00:00,38234.9,2023-12-07 04:00:00,43899.4,246.64168029021556,0.14757591362864816,reverse,1.7950873881851486
-1,2023-12-07 08:00:00,43899.4,2023-12-13 16:00:00,42746.8,49.40082190681812,0.025768611871688416,reverse,1.8919257623108185
1,2023-12-13 20:00:00,42746.7,2023-12-15 16:00:00,42124.9,-29.559445165033125,-0.015038879024579573,reverse,1.9512396518638184
-1,2023-12-15 20:00:00,42124.9,2023-12-18 20:00:00,42671.7,-26.09712665359302,-0.013486936467504864,reverse,1.9475514614982337
1,2023-12-19 00:00:00,42671.8,2023-12-22 12:00:00,43699.9,44.991140515321995,0.023581148439953285,reverse,1.9309123469098175
-1,2023-12-22 16:00:00,43699.9,2023-12-27 16:00:00,43183.9,22.083973787110605,0.01131371124419049,reverse,1.9404412627631777
1,2023-12-27 20:00:00,43183.8,2023-12-28 16:00:00,42655.9,-25.094296868474647,-0.01271837934595847,reverse,1.9610135599442797
-1,2023-12-28 20:00:00,42656.0,2023-12-31 00:00:00,42209.4,19.42132914260323,0.009975039853713393,reverse,1.9368003197904726
1,2023-12-31 04:00:00,42209.4,2024-01-03 12:00:00,43014.0,36.46397895580257,0.018552573597350318,reverse,1.9841731851401754
-1,2024-01-03 16:00:00,43014.0,2024-01-06 00:00:00,43925.8,-43.436706079987594,-0.02170834844469249,reverse,2.022129246756802
1,2024-01-06 04:00:00,43925.8,2024-01-06 04:00:00,43645.3,-13.46565337807858,-0.0068825758438093325,reverse,1.9502377320009883
-1,2024-01-06 08:00:00,43645.4,2024-01-06 20:00:00,43956.7,-14.829514875931482,-0.0076360475559851815,reverse,1.948966449685157
1,2024-01-07 00:00:00,43956.6,2024-01-08 00:00:00,43501.9,-20.878751766808453,-0.010839121997606664,reverse,1.9162773328476186
-1,2024-01-08 04:00:00,43502.0,2024-01-08 08:00:00,44637.2,-50.672989879767464,-0.026608399613810795,reverse,1.929246229654889
1,2024-01-08 12:00:00,44637.2,2024-01-10 04:00:00,45766.4,45.92030801900409,0.024784637029204436,reverse,1.876208134065587
-1,2024-01-10 08:00:00,45766.3,2024-01-15 08:00:00,42699.9,126.26748218762384,0.06653476575558875,reverse,1.8341905960965672
1,2024-01-15 12:00:00,42700.0,2024-01-18 16:00:00,41014.2,-80.84321557745227,-0.03996035362997665,reverse,1.983149785139481
-1,2024-01-18 20:00:00,41014.2,2024-01-20 00:00:00,41638.0,-30.510269055293165,-0.015716971195342173,reverse,1.9559932766579098
1,2024-01-20 04:00:00,41638.1,2024-01-22 08:00:00,40809.4,-38.944564124547355,-0.020392493893813528,reverse,1.8907455998410025
-1,2024-01-22 12:00:00,40809.5,2024-01-24 08:00:00,40195.2,27.22576015861663,0.014560394025900902,reverse,1.8557772014390062
1,2024-01-24 12:00:00,40195.1,2024-01-29 04:00:00,42040.0,86.03870301532028,0.045375680120213695,reverse,1.9396564868124986
-1,2024-01-29 08:00:00,42040.0,2024-01-29 12:00:00,42623.2,-28.48900359233892,-0.01437943862987624,reverse,1.9949742973823166
1,2024-01-29 16:00:00,42623.1,2024-01-31 00:00:00,42918.0,12.521123891685567,0.006415324084827276,reverse,1.9585042311340628
-1,2024-01-31 04:00:00,42918.1,2024-02-06 12:00:00,43232.0,-15.348250703698334,-0.007817587451448258,reverse,1.9704773139711311
1,2024-02-06 16:00:00,43232.0,2024-02-07 08:00:00,42917.4,-15.134516916558187,-0.007773378515914104,reverse,1.939883644808695
-1,2024-02-07 12:00:00,42917.3,2024-02-07 12:00:00,43057.8,-7.28971938278868,-0.0037753749653403174,reverse,1.9340202670856712
1,2024-02-07 16:00:00,43057.7,2024-02-11 16:00:00,48282.4,232.21440134838704,0.12078115644820799,reverse,2.0392507282680654
-1,2024-02-11 20:00:00,48282.3,2024-02-12 16:00:00,49545.9,-57.473897008922805,-0.02668416686860399,reverse,2.182042044335186
1,2024-02-12 20:00:00,49545.9,2024-02-13 12:00:00,48753.1,-34.558573035432474,-0.016493323362780837,reverse,2.0785429848727084
-1,2024-02-13 16:00:00,48753.2,2024-02-14 08:00:00,51601.2,-121.41087806643255,-0.05894588662898025,reverse,2.1198610338222488
1,2024-02-14 12:00:00,51601.1,2024-02-15 20:00:00,51898.5,10.191074320937688,0.005260561305863662,reverse,1.9428425152395357
-1,2024-02-16 00:00:00,51898.4,2024-02-24 16:00:00,51590.0,10.599279264148404,0.0054453509164059275,reverse,1.9406989476475829
1,2024-02-24 20:00:00,51589.9,2024-02-26 08:00:00,51126.4,-18.543563978436755,-0.00947982453929936,reverse,1.9473212058056129
-1,2024-02-26 12:00:00,51126.3,2024-02-26 12:00:00,52872.3,-67.13719433478114,-0.03466779622229655,reverse,1.969654652650018
1,2024-02-26 16:00:00,52872.2,2024-03-01 00:00:00,61183.4,292.6332048615006,0.1566155427616026,reverse,2.015338399740593
-1,2024-03-01 04:00:00,61183.3,2024-03-04 08:00:00,65314.0,-146.99438261154367,-0.06804727760679788,reverse,2.2331008985690195
1,2024-03-04 12:00:00,65313.9,2024-03-05 16:00:00,61510.2,-118.12690891614105,-0.05870810195073338,reverse,1.9535160170569665
-1,2024-03-05 20:00:00,61497.3,2024-03-08 16:00:00,68922.0,-229.60339268355315,-0.12129249576810684,reverse,2.007244095643876
1,2024-03-08 20:00:00,68921.9,2024-03-09 04:00:00,68336.3,-14.94904761305389,-0.008992325371180877,reverse,1.655360449776342
-1,2024-03-09 08:00:00,68336.3,2024-03-10 08:00:00,69639.5,-32.24114231439373,-0.019579926773910745,reverse,1.6623436999873644
1,2024-03-10 12:00:00,69639.6,2024-03-10 16:00:00,69465.0,-4.8503201283218145,-0.0030059405855290067,reverse,1.6115553994772336
-1,2024-03-10 20:00:00,69465.1,2024-03-11 04:00:00,71223.8,-41.53325778099301,-0.025830408363336367,reverse,1.6282755385572478
1,2024-03-11 08:00:00,71223.9,2024-03-12 16:00:00,71403.1,3.154262202093626,0.002014751368571668,reverse,1.56755336067383
-1,2024-03-12 20:00:00,71403.0,2024-03-13 08:00:00,73149.9,-39.16374710294736,-0.024977591277677326,reverse,1.5871356137067298
1,2024-03-13 12:00:00,73149.8,2024-03-13 12:00:00,72670.2,-10.77723727203571,-0.007053130698922019,reverse,1.5229984730717385
-1,2024-03-13 16:00:00,72670.2,2024-03-13 16:00:00,73399.9,-15.993071951725081,-0.010546275502200313,reverse,1.5240799658818394
1,2024-03-13 20:00:00,73399.9,2024-03-13 20:00:00,73127.6,-6.310740051357516,-0.004207959411388685,reverse,1.4969332159924913
-1,2024-03-14 00:00:00,73127.6,2024-03-17 20:00:00,68447.9,94.82179780511375,0.06352561891816512,reverse,1.4448942681727792
1,2024-03-18 00:00:00,68447.9,2024-03-19 00:00:00,65930.5,-59.121475634811326,-0.03725994880777927,reverse,1.5575512765171475
-1,2024-03-19 04:00:00,65930.4,2024-03-20 16:00:00,65821.6,1.7574408014091254,0.0011510501983908541,reverse,1.5255552863074762
1,2024-03-20 20:00:00,65821.6,2024-03-22 16:00:00,63907.2,-45.17752179892008,-0.02957013503166147,reverse,1.5055911962625181
-1,2024-03-22 20:00:00,63907.4,2024-03-23 12:00:00,65147.5,-29.5104183058179,-0.019914340905747983,reverse,1.4962452409407763
1,2024-03-23 16:00:00,65147.4,2024-03-27 12:00:00,68922.0,83.33789021251245,0.05741041085292733,reverse,1.4936692109648093
-1,2024-03-27 16:00:00,68922.1,2024-03-31 16:00:00,71135.1,-50.05384678662514,-0.03262476839794492,reverse,1.5588594681453345
1,2024-03-31 20:00:00,71135.1,2024-04-01 04:00:00,69637.0,-31.96653597074742,-0.02154939685190582,reverse,1.4677872301520387
-1,2024-04-01 08:00:00,69637.0,2024-04-04 08:00:00,66361.5,67.54498321618935,0.046560294814538244,reverse,1.4165811093289054
1,2024-04-04 12:00:00,66361.5,2024-04-09 12:00:00,69322.8,66.92478686440123,0.04410145340295205,reverse,1.5513775527913607
-1,2024-04-09 16:00:00,69322.8,2024-04-11 04:00:00,70789.1,-34.30633139185747,-0.021662347020028082,reverse,1.6004337477760662
1,2024-04-11 08:00:00,70789.1,2024-04-11 08:00:00,70043.3,-17.081302422410843,-0.011030252538879614,reverse,1.5404291205769742
-1,2024-04-11 12:00:00,70043.4,2024-04-12 00:00:00,71034.3,-22.431359149079587,-0.014654016652532697,reverse,1.541558691135509
1,2024-04-12 04:00:00,71034.3,2024-04-12 12:00:00,69374.1,-35.9699540067132,-0.023860121800313324,reverse,1.489917481567931
-1,2024-04-12 16:00:00,69374.0,2024-04-15 04:00:00,66224.8,66.06473414414981,0.0449172254735203,reverse,1.4374272841793263
1,2024-04-15 08:00:00,66224.9,2024-04-15 20:00:00,63392.7,-66.43038665866254,-0.04324500829748323,reverse,1.5032924089183375
-1,2024-04-16 00:00:00,63392.8,2024-04-16 20:00:00,63765.0,-9.363422463889343,-0.00637426490074578,reverse,1.4732538540752902
1,2024-04-17 00:00:00,63764.9,2024-04-17 12:00:00,60272.0,-80.60168942729663,-0.05525039637794463,reverse,1.4188875292964145
-1,2024-04-17 16:00:00,60274.0,2024-04-18 08:00:00,62563.0,-53.028118909701234,-0.03849556193383548,reverse,1.4036691329286923
1,2024-04-18 12:00:00,62563.0,2024-04-24 08:00:00,66550.7,83.67326005210344,0.06320708166168498,reverse,1.365984328009547
-1,2024-04-24 12:00:00,66550.7,2024-04-28 00:00:00,63989.8,53.458212158559384,0.037999676938033626,reverse,1.3797397427614895
1,2024-04-28 04:00:00,63989.9,2024-04-29 00:00:00,62259.9,-40.17005878982324,-0.027521998784183127,reverse,1.4398318216675112
-1,2024-04-29 04:00:00,62259.9,2024-04-29 20:00:00,63842.4,-36.78640642981631,-0.025930353245026093,reverse,1.4366915088623173
1,2024-04-30 00:00:00,63842.4,2024-04-30 08:00:00,61182.3,-58.21040251417267,-0.04214583333333331,reverse,1.3523919516392078
-1,2024-04-30 12:00:00,61182.3,2024-05-02 12:00:00,59230.7,41.537724773582205,0.031414063381075996,reverse,1.3011763785838089
1,2024-05-02 16:00:00,59230.8,2024-05-06 16:00:00,63200.0,90.62020719278166,0.06647892650445372,reverse,1.4088155809094398
-1,2024-05-06 20:00:00,63199.9,2024-05-10 00:00:00,62880.0,6.632219331145257,0.0045642477282401,reverse,1.4494029502337527
1,2024-05-10 04:00:00,62880.0,2024-05-10 12:00:00,60893.8,-46.79166567355724,-0.032071356552162804,reverse,1.4359435627391557
-1,2024-05-10 16:00:00,60893.7,2024-05-12 12:00:00,61395.9,-12.352128564479973,-0.008751282152340953,reverse,1.4172852994638259
1,2024-05-12 16:00:00,61395.9,2024-05-14 16:00:00,61563.6,3.118569642511983,0.002230087025355066,reverse,1.400316992037802
-1,2024-05-14 20:00:00,61563.6,2024-05-15 08:00:00,62447.4,-20.82057355734474,-0.014863063563534342,reverse,1.4108815691986287
1,2024-05-15 12:00:00,62447.3,2024-05-18 12:00:00,66781.4,94.99197114013413,0.06886941949451762,reverse,1.427170274084449
-1,2024-05-18 16:00:00,66781.3,2024-05-20 16:00:00,69996.4,-71.7172354346132,-0.04866778873726614,reverse,1.509080327650549
1,2024-05-20 20:00:00,69996.5,2024-05-22 04:00:00,69759.6,-5.440347759080344,-0.0038827627095639663,reverse,1.3987827378135256
-1,2024-05-22 08:00:00,69759.5,2024-05-25 16:00:00,69167.0,11.156913477865611,0.007997713573061732,reverse,1.3890886362768415
1,2024-05-25 20:00:00,69166.9,2024-05-26 20:00:00,68524.3,-13.753847530427397,-0.009785925782418922,reverse,1.398943471046216
-1,2024-05-27 00:00:00,68524.4,2024-05-27 12:00:00,70421.5,-39.225073185147856,-0.028198871496868352,reverse,1.4102708625608535
1,2024-05-27 16:00:00,70421.4,2024-05-28 00:00:00,68070.0,-45.7666221194782,-0.033873723044415396,reverse,1.3285383107478341
-1,2024-05-28 04:00:00,68070.0,2024-05-30 12:00:00,68566.4,-10.171256147761634,-0.007796139268400091,reverse,1.3094100430426598
1,2024-05-30 16:00:00,68566.4,2024-05-31 12:00:00,67252.7,-25.423682855780434,-0.01964995026718622,reverse,1.2814347927499288
-1,2024-05-31 16:00:00,67252.6,2024-06-01 20:00:00,67799.2,-10.942825447676462,-0.008631630598668174,reverse,1.2729106736632847
1,2024-06-02 00:00:00,67799.2,2024-06-06 16:00:00,70526.1,49.87058962700945,0.03970012846759267,reverse,1.2814440430632645
-1,2024-06-06 20:00:00,70526.0,2024-06-10 12:00:00,70090.9,7.404943411582111,0.005672440660182142,reverse,1.3013977558961465
1,2024-06-10 16:00:00,70090.9,2024-06-11 00:00:00,68472.3,-30.942864946099835,-0.02358132296774605,reverse,1.2970258377091533
-1,2024-06-11 04:00:00,68472.2,2024-06-12 12:00:00,69738.0,-24.325316101021166,-0.018995577767327514,reverse,1.2924144434077187
1,2024-06-12 16:00:00,69738.0,2024-06-13 12:00:00,66464.4,-59.53854421076328,-0.04741793857007666,reverse,1.2261421389951461
-1,2024-06-13 16:00:00,66464.3,2024-06-15 12:00:00,66311.9,2.144757558697198,0.0017941067610733696,reverse,1.1940753377844429
1,2024-06-15 16:00:00,66311.8,2024-06-18 08:00:00,65339.2,-18.146100713627085,-0.01515973929225275,reverse,1.18821473615123
-1,2024-06-18 12:00:00,65339.2,2024-06-20 00:00:00,65156.0,2.7161354897297842,0.0023052317751058645,reverse,1.1765965262690476
1,2024-06-20 04:00:00,65156.0,2024-06-21 04:00:00,64179.4,-18.273565736452944,-0.01548114832095277,reverse,1.1715292294302397
-1,2024-06-21 08:00:00,64179.5,2024-06-22 04:00:00,64490.1,-6.204761621729811,-0.00534197134599052,reverse,1.164322185726948
1,2024-06-22 08:00:00,64490.0,2024-06-23 20:00:00,63194.9,-23.755188919849235,-0.020572142192587975,reverse,1.1431313603987334
-1,2024-06-24 00:00:00,63194.9,2024-06-25 16:00:00,61957.9,21.572601244485515,0.019084151569193086,reverse,1.1193301514226666
1,2024-06-25 20:00:00,61957.1,2024-06-28 20:00:00,60429.8,-28.94460996073613,-0.025138602355500753,reverse,1.1372093727012262
-1,2024-06-29 00:00:00,60429.8,2024-06-29 00:00:00,60760.1,-6.696033339843333,-0.0059685792440152974,reverse,1.124946626313667
1,2024-06-29 04:00:00,60760.0,2024-07-02 12:00:00,61945.0,21.170281957501334,0.01899321099407505,reverse,1.1254928706617482
-1,2024-07-02 16:00:00,61945.0,2024-07-06 08:00:00,56713.2,95.36103708251545,0.08400102348857862,reverse,1.0872962517805544
1,2024-07-06 12:00:00,56713.2,2024-07-08 04:00:00,55828.4,-19.795495106057235,-0.016093505568368485,reverse,1.2204349905084535
-1,2024-07-08 08:00:00,55828.4,2024-07-08 08:00:00,57137.3,-28.9785876666796,-0.023956779166159185,reverse,1.2237993170074768
1,2024-07-08 12:00:00,57137.3,2024-07-11 20:00:00,57315.5,3.088442340554236,0.002617243901969416,reverse,1.181876270803043
-1,2024-07-12 00:00:00,57315.7,2024-07-12 20:00:00,57870.0,-12.033274220518512,-0.01017583314868357,reverse,1.188252689209643
1,2024-07-13 00:00:00,57870.0,2024-07-17 12:00:00,64695.8,137.33761135010153,0.11739160359426305,reverse,1.2389057843812772
-1,2024-07-17 16:00:00,64696.0,2024-07-19 16:00:00,67107.8,-49.388720025844684,-0.03779760572523808,reverse,1.33101817625302
1,2024-07-19 20:00:00,67107.8,2024-07-21 08:00:00,66845.4,-5.539399313123321,-0.0044081716283354356,reverse,1.2541638354167022
-1,2024-07-21 12:00:00,66845.4,2024-07-21 20:00:00,68138.0,-24.817520676854986,-0.019846825660404546,reverse,1.262543000753079
1,2024-07-22 00:00:00,68138.0,2024-07-22 04:00:00,67210.3,-17.28269933812116,-0.014108209075699275,reverse,1.2166708847996035
-1,2024-07-22 08:00:00,67210.4,2024-07-26 00:00:00,67014.0,2.9255974534616516,0.002423627890921557,reverse,1.2053512515345415
1,2024-07-26 04:00:00,67014.0,2024-07-28 12:00:00,67624.3,10.404180147747258,0.008602498731608364,reverse,1.2149441900522557
-1,2024-07-28 16:00:00,67624.2,2024-07-29 00:00:00,69323.1,-31.255400107817216,-0.025635224520216264,reverse,1.2345516821093705
1,2024-07-29 04:00:00,69323.1,2024-07-29 16:00:00,67276.6,-35.62877004648123,-0.03000642354424427,reverse,1.1698451251338247
-1,2024-07-29 20:00:00,67276.7,2024-08-06 08:00:00,55188.0,206.37352613211232,0.1792761238289036,reverse,1.0477261358001206
1,2024-08-06 12:00:00,55188.0,2024-08-11 12:00:00,60100.0,120.0360050558453,0.08846035370007974,reverse,1.417334359311166
-1,2024-08-11 16:00:00,60099.9,2024-08-13 20:00:00,60550.5,-11.812303768927514,-0.00800126539312043,reverse,1.481838766543523
1,2024-08-14 00:00:00,60550.4,2024-08-14 16:00:00,58854.0,-41.72038793944838,-0.028502322032554723,reverse,1.4432494942068546
-1,2024-08-14 20:00:00,58853.8,2024-08-16 16:00:00,59649.2,-19.92892824909341,-0.014021602683259096,reverse,1.4309060735115828
1,2024-08-16 20:00:00,59649.3,2024-08-19 00:00:00,58696.6,-23.06008437672349,-0.016463702004885294,reverse,1.389476688488371
-1,2024-08-19 04:00:00,58696.7,2024-08-20 00:00:00,60588.6,-45.09065553826154,-0.032747910870628186,reverse,1.3990917497461586
1,2024-08-20 04:00:00,60588.5,2024-08-21 00:00:00,59290.3,-29.17261091258039,-0.021915795076623404,reverse,1.3168619808819764
-1,2024-08-21 04:00:00,59290.3,2024-08-21 04:00:00,59689.2,-9.409948792769681,-0.007231277291563613,reverse,1.30566192832441
1,2024-08-21 08:00:00,59689.2,2024-08-21 08:00:00,59332.4,-8.360212290524638,-0.006474641978783359,reverse,1.287364642959615
-1,2024-08-21 12:00:00,59332.3,2024-08-21 16:00:00,61538.1,-48.33403058168489,-0.03769564048587355,reverse,1.3060525920316426
1,2024-08-21 20:00:00,61538.1,2024-08-25 16:00:00,64152.2,51.74457231103499,0.04195813487904239,reverse,1.25943660264835
-1,2024-08-25 20:00:00,64152.3,2024-08-30 08:00:00,59367.0,95.21054198940132,0.07413010133697472,reverse,1.2364684472719207
1,2024-08-30 12:00:00,59367.0,2024-08-30 12:00:00,58073.1,-30.72833543075617,-0.02228403911263836,reverse,1.3639122699503403
-1,2024-08-30 16:00:00,58073.7,2024-08-30 20:00:00,59096.3,-24.413670215267526,-0.01811746367116278,reverse,1.3593854340393414
1,2024-08-31 00:00:00,59096.4,2024-09-01 20:00:00,57268.1,-41.55367648512178,-0.03142211792934938,reverse,1.3019775223985324
-1,2024-09-02 00:00:00,57268.1,2024-09-02 08:00:00,58396.0,-25.866738114472913,-0.020204930842825264,reverse,1.2928260976798
1,2024-09-02 12:00:00,58395.9,2024-09-04 00:00:00,56632.9,-38.45809993030492,-0.030675380463354447,reverse,1.2347871547941902
-1,2024-09-04 04:00:00,56632.9,2024-09-04 16:00:00,58029.8,-30.58213760993613,-0.025178207367095834,reverse,1.2296072052149887
1,2024-09-04 20:00:00,58029.8,2024-09-05 04:00:00,57127.0,-18.993875580965835,-0.016049745130950012,reverse,1.1742321507672135
-1,2024-09-05 08:00:00,57126.9,2024-09-08 00:00:00,54371.5,55.58219086082677,0.04775708554113738,reverse,1.1357842129658264
1,2024-09-08 04:00:00,54371.5,2024-09-13 08:00:00,57852.6,77.38779603696533,0.0634923388172112,reverse,1.2578706223895981
-1,2024-09-13 12:00:00,57852.6,2024-09-13 12:00:00,59623.5,-40.32762114099519,-0.031125856919135896,reverse,1.3154608598299151
1,2024-09-13 16:00:00,59623.6,2024-09-15 08:00:00,59977.0,6.805526609329938,0.005424219604317778,reverse,1.2583737217010253
-1,2024-09-15 12:00:00,59977.0,2024-09-17 12:00:00,61103.0,-24.31297048841914,-0.019283250245927606,reverse,1.2726689934420514
1,2024-09-17 16:00:00,61111.0,2024-09-21 00:00:00,62865.1,34.83870171075003,0.028189154980281766,reverse,1.253627438993556
-1,2024-09-21 04:00:00,62865.0,2024-09-25 00:00:00,64422.4,-32.11616442399492,-0.025286108327368193,reverse,1.285843691684736
1,2024-09-25 04:00:00,64422.5,2024-09-25 04:00:00,63814.9,-12.2829880859853,-0.009926771702433133,reverse,1.2315247120090118
-1,2024-09-25 08:00:00,63814.9,2024-09-26 12:00:00,65200.0,-27.202334730243226,-0.022215814801872267,reverse,1.2377465242959937
1,2024-09-26 16:00:00,65200.0,2024-09-28 16:00:00,65699.6,8.566466520964015,0.0071587453987730955,reverse,1.2012282383677255
-1,2024-09-28 20:00:00,65699.7,2024-10-04 00:00:00,60928.7,86.91827652544981,0.07215460116256239,reverse,1.1608732746451624
1,2024-10-04 04:00:00,60928.7,2024-10-08 04:00:00,62291.4,28.212325002501043,0.02185430347274773,reverse,1.3053637797725062
-1,2024-10-08 08:00:00,62291.4,2024-10-11 12:00:00,62218.0,0.8951549026575378,0.0006789219699669851,reverse,1.317717715789939
1,2024-10-11 16:00:00,62218.0,2024-10-17 04:00:00,67280.8,106.59464837429708,0.08083126426436085,reverse,1.3723842698185016
-1,2024-10-17 08:00:00,67280.8,2024-10-24 12:00:00,67672.7,-9.014934175702411,-0.006327753980333085,reverse,1.4288149453067278
1,2024-10-24 16:00:00,67672.7,2024-10-25 20:00:00,66662.8,-21.812462373009396,-0.015415838292250707,reverse,1.4043806767652027
-1,2024-10-26 00:00:00,66662.7,2024-10-27 12:00:00,67759.9,-23.625455774970856,-0.016967208798923494,reverse,1.403877414437682
1,2024-10-27 16:00:00,67759.9,2024-10-31 04:00:00,72417.8,93.31361264446117,0.06820687604320563,reverse,1.415119197298956
-1,2024-10-31 08:00:00,72417.8,2024-11-05 04:00:00,68876.0,70.7463681198942,0.048432319125960785,reverse,1.4250059143964464
1,2024-11-05 08:00:00,68875.9,2024-11-09 00:00:00,76330.0,164.81652252029753,0.10767097054267177,reverse,1.6135747877664819
-1,2024-11-09 04:00:00,76330.1,2024-11-10 08:00:00,79926.7,-80.74434861730353,-0.04764258595233062,reverse,1.7347220876853835
1,2024-11-10 12:00:00,79926.7,2024-11-13 04:00:00,87402.9,150.0139536218784,0.09299143527757303,reverse,1.68864983189048
-1,2024-11-13 08:00:00,87402.9,2024-11-13 12:00:00,92608.1,-105.89235556261008,-0.06008386506626224,reverse,1.814888519145383
1,2024-11-13 16:00:00,92608.0,2024-11-14 00:00:00,89988.0,-47.64446918132081,-0.028777146682791986,reverse,1.6322155874708262
-1,2024-11-14 04:00:00,89988.1,2024-11-19 16:00:00,93271.4,-59.47175869786099,-0.03700417833024575,reverse,1.636482764981122
1,2024-11-19 20:00:00,93271.6,2024-11-20 00:00:00,92072.1,-20.656928412286693,-0.01335386173283186,reverse,1.536941280249713
-1,2024-11-20 04:00:00,92072.0,2024-11-20 04:00:00,92856.6,-13.768555646666561,-0.009025852593622445,reverse,1.5319572869901807
1,2024-11-20 08:00:00,92856.6,2024-11-23 04:00:00,98600.6,92.66192999871393,0.06132789376307123,reverse,1.5576584015615234
-1,2024-11-23 08:00:00,98600.5,2024-11-27 16:00:00,96670.0,30.596151215076866,0.019088797724149474,reverse,1.5871418674355509
1,2024-11-27 20:00:00,96670.1,2024-12-01 00:00:00,96404.0,-5.308136655095612,-0.0032512845233428522,reverse,1.630380505627671
-1,2024-12-01 04:00:00,96404.0,2024-12-01 16:00:00,97242.0,-14.958837769207364,-0.009196931662586614,reverse,1.6335723486449845
1,2024-12-01 20:00:00,97242.1,2024-12-02 00:00:00,96549.8,-12.266980555539412,-0.007615784726985564,reverse,1.604997326483134
-1,2024-12-02 04:00:00,96549.9,2024-12-04 08:00:00,96270.0,3.8351293800183934,0.002400468565995347,reverse,1.595342833348925
1,2024-12-04 12:00:00,96270.1,2024-12-04 12:00:00,95813.0,-8.396806035453428,-0.005245725308273345,reverse,1.5968948255008462
-1,2024-12-04 16:00:00,95813.0,2024-12-04 16:00:00,97283.4,-25.231978183347707,-0.01585423376786025,reverse,1.60370980996868
1,2024-12-04 20:00:00,97283.4,2024-12-06 00:00:00,97802.7,7.569585453854368,0.004835343439888028,reverse,1.5696483236178183
-1,2024-12-06 04:00:00,97802.7,2024-12-06 16:00:00,101532.6,-60.777246129403935,-0.03865605244027015,reverse,1.6022374932136358
1,2024-12-06 20:00:00,101532.6,2024-12-07 00:00:00,99383.0,-32.72304150371001,-0.021660939442110276,reverse,1.4947017067866586
-1,2024-12-07 04:00:00,99383.0,2024-12-11 12:00:00,100352.7,-15.159300960677479,-0.010262080536912722,reverse,1.4844219051121232
1,2024-12-11 16:00:00,100352.7,2024-12-18 00:00:00,104716.8,62.78677496116958,0.04296587535761376,reverse,1.4930918573482637
-1,2024-12-18 04:00:00,104716.8,2024-12-21 08:00:00,98225.3,93.72098197761265,0.06152200363265493,reverse,1.4761556441183923
1,2024-12-21 12:00:00,98225.4,2024-12-22 16:00:00,94795.4,-57.22177248743677,-0.03540222488276964,reverse,1.5881117513454148
-1,2024-12-22 20:00:00,94795.4,2024-12-23 00:00:00,95989.9,-20.424865211819768,-0.013107122813976205,reverse,1.5681206740102236
1,2024-12-23 04:00:00,95989.8,2024-12-23 12:00:00,93217.6,-45.13799767021941,-0.02936571177354257,reverse,1.5149028874161812
-1,2024-12-23 16:00:00,93217.7,2024-12-24 00:00:00,94330.1,-18.549420490127325,-0.01243932268228039,reverse,1.5000896259327043
1,2024-12-24 04:00:00,94330.1,2024-12-26 12:00:00,95993.5,25.206243109402156,0.017125003047807584,reverse,1.484874730522125
-1,2024-12-26 16:00:00,95993.1,2024-12-29 00:00:00,95135.3,12.63012974598291,0.008440526975376384,reverse,1.489681626598908
1,2024-12-29 04:00:00,95135.3,2024-12-29 16:00:00,93559.6,-25.722357136403776,-0.017054445615875467,reverse,1.4957590250485722
-1,2024-12-29 20:00:00,93559.5,2024-12-31 08:00:00,94202.5,-10.929657957719357,-0.007376068170522503,reverse,1.4868647444540217
1,2024-12-31 12:00:00,94202.4,2024-12-31 20:00:00,93548.9,-10.92833220534299,-0.007433721964620859,end_of_data,1.465003170103531
