label,risk,heat,fills,total,cagr,maxDD,mean_mo,med_mo,worst_mo,pos_mo,ge10,n_mo,breach,breach_dt,survived
IS_k8,0.001,0.01,14443,7.265374927278716,0.4715218828361054,0.1333705920951109,0.03367727491731499,0.028157063659935755,-0.07807353184160815,0.7424242424242424,0.12121212121212122,66,,,True
IS_k8,0.001,0.02,15970,11.177703712923217,0.5796075672387868,0.16486667130678304,0.04013038844666049,0.034459456980904246,-0.07955874993451184,0.7575757575757576,0.18181818181818182,66,,,True
IS_k8,0.001,0.03,15979,11.235048565408878,0.580965431797303,0.16486667130678256,0.04020406665318914,0.034459456980905245,-0.07955874993451184,0.7575757575757576,0.18181818181818182,66,,,True
IS_k8,0.001,0.06,15979,11.235048565408878,0.580965431797303,0.16486667130678256,0.04020406665318914,0.034459456980905245,-0.07955874993451184,0.7575757575757576,0.18181818181818182,66,,,True
IS_k8,0.002,0.01,9503,14.160299465500925,0.6441850097611537,0.1472567868988144,0.04397252775522148,0.03696519063413295,-0.11322504450949122,0.7121212121212122,0.15151515151515152,66,,,True
IS_k8,0.002,0.02,6985,10.814591526153125,1.521996897140593,0.24940972111294563,0.08248462727208004,0.07697550076331705,-0.11383762000851594,0.7575757575757576,0.45454545454545453,33,daily_loss,2023-09-04 13:25:00+00:00,False
IS_k8,0.002,0.03,352,0.4265830681632825,18.091540732074453,0.04699910798535005,0.19520031660025827,0.19520031660025827,0.1513741983820649,1.0,1.0,2,daily_loss,2021-02-15 02:14:00+00:00,False
IS_k8,0.002,0.06,359,0.4570513523279962,21.752393538360433,0.04699910798534961,0.20832871905568273,0.20832871905568273,0.1534931378446578,1.0,1.0,2,daily_loss,2021-02-15 02:14:00+00:00,False
IS_k8,0.0035,0.01,4752,9.111836492074389,0.5268021397249458,0.12447528676450784,0.036915790731425806,0.040109108233843616,-0.08100571729012729,0.7575757575757576,0.09090909090909091,66,,,True
IS_k8,0.0035,0.02,340,0.5562880983823515,11.005991104599078,0.06214849747358066,0.16406202899910002,0.15856602979548384,0.032060541893977446,1.0,0.6666666666666666,3,daily_loss,2021-03-08 14:47:00+00:00,False
IS_k8,0.0035,0.03,295,0.6700724455203133,69.6246302135337,0.0650225144929365,0.29232630666862247,0.29232630666862247,0.28642398615467934,1.0,1.0,2,daily_loss,2021-02-15 02:14:00+00:00,False
IS_k8,0.0035,0.06,146,0.33311834224132375,340.81736045956916,0.04158778105818079,0.33311834224132375,0.33311834224132375,0.33311834224132375,1.0,1.0,1,daily_loss,2021-01-19 18:49:00+00:00,False
IS_k8,0.005,0.01,1372,4.114003568231127,1.4879020607255198,0.10166054283120224,0.0793992010075083,0.08361915919946739,-0.041973205896729704,0.8636363636363636,0.3181818181818182,22,daily_loss,2022-10-17 23:38:00+00:00,False
IS_k8,0.005,0.02,271,0.6603251813875752,16.270946944723104,0.06818387528087971,0.18904783977703365,0.18913045261574468,0.056775547377240665,1.0,0.6666666666666666,3,daily_loss,2021-03-08 14:46:00+00:00,False
IS_k8,0.005,0.03,81,0.19821692621983655,80.72185437498185,0.05793738814391595,0.19821692621983655,0.19821692621983655,0.19821692621983655,1.0,1.0,1,daily_loss,2021-01-16 22:05:00+00:00,False
IS_k8,0.005,0.06,118,0.4378829111471154,6926.36015421305,0.05896699219663953,0.4378829111471154,0.4378829111471154,0.4378829111471154,1.0,1.0,1,daily_loss,2021-01-16 22:05:00+00:00,False
IS_k8,0.0075,0.01,803,2.839225501898999,1.119786015244789,0.0885722959105046,0.06481147555119389,0.05386375840335145,-0.03979922162478988,0.8636363636363636,0.2727272727272727,22,daily_loss,2022-10-17 23:38:00+00:00,False
IS_k8,0.0075,0.03,23,0.13331365156855468,9337.481860035627,0.055236130776282324,0.13331365156855468,0.13331365156855468,0.13331365156855468,1.0,1.0,1,daily_loss,2021-01-06 20:04:00+00:00,False
IS_k8,0.0075,0.06,23,0.2476036878428025,498117864457.02747,0.03052425156895716,0.2476036878428025,0.2476036878428025,0.2476036878428025,1.0,1.0,1,daily_loss,2021-01-05 05:55:00+00:00,False
IS_k8,0.01,0.06,20,0.27127839659644026,3299710931.1204495,0.05056512853723448,0.27127839659644026,0.27127839659644026,0.27127839659644026,1.0,1.0,1,daily_loss,2021-01-06 02:39:00+00:00,False
IS_k16,0.001,0.01,20888,22.56194470290446,0.7822824179464327,0.13590771473565733,0.05055417245233827,0.05624837125632065,-0.05164872179299185,0.7727272727272727,0.15151515151515152,66,,,True
IS_k16,0.001,0.02,26584,69.9068089876201,1.4069629011089533,0.21487724427223756,0.07881573527641664,0.08212604366754017,-0.12217915793293077,0.847457627118644,0.423728813559322,59,daily_loss,2025-11-09 14:30:00+00:00,False
IS_k16,0.001,0.03,4658,3.410031936345937,5.398879269571152,0.09865323615028876,0.1661572072188508,0.17210496097548766,-0.06903064356014188,0.9,0.7,10,daily_loss,2021-10-20 18:16:00+00:00,False
IS_k16,0.001,0.06,4686,3.4592068771385964,5.488254814835365,0.09865323615028772,0.16757617400070957,0.17236961641544435,-0.06551144129891251,0.9,0.7,10,daily_loss,2021-10-20 18:16:00+00:00,False
IS_k16,0.002,0.01,3847,3.3765623872878603,1.28067828022672,0.1064883310449671,0.07164988706665215,0.06716453350166218,-0.03866075799123736,0.8181818181818182,0.36363636363636365,22,daily_loss,2022-10-17 23:38:00+00:00,False
IS_k16,0.002,0.02,489,0.632695296491157,57.52677760151192,0.04483703705572683,0.2782090444435311,0.2782090444435311,0.24469688536525025,1.0,1.0,2,daily_loss,2021-02-15 02:19:00+00:00,False
IS_k16,0.002,0.03,594,0.922094996013834,225.8055670930742,0.0414479983964822,0.3880579869512717,0.3880579869512717,0.3201611598870935,1.0,1.0,2,daily_loss,2021-02-15 01:37:00+00:00,False
IS_k16,0.002,0.06,708,1.2718330917519092,907.5090742538669,0.052262484337824,0.5152919533959639,0.5152919533959639,0.35948241493747624,1.0,1.0,2,daily_loss,2021-02-15 01:37:00+00:00,False
IS_k16,0.0035,0.01,1845,2.6513383762680403,1.061207658617556,0.07037322064649555,0.0626525573105956,0.07691903839242686,-0.05150326066218214,0.8181818181818182,0.22727272727272727,22,daily_loss,2022-10-17 23:38:00+00:00,False
IS_k16,0.0035,0.02,473,0.918243392732965,37.87776026784592,0.06811263126988176,0.2576828208739301,0.3762770287510866,-0.007373132655802306,0.6666666666666666,0.6666666666666666,3,daily_loss,2021-03-08 14:47:00+00:00,False
IS_k16,0.0035,0.03,97,0.26120542349775566,12308.060892799225,0.05927565672966131,0.26120542349775566,0.26120542349775566,0.26120542349775566,1.0,1.0,1,daily_loss,2021-01-11 16:34:00+00:00,False
IS_k16,0.0035,0.06,136,0.46633493752699917,5575663.7345383,0.05927975525979478,0.46633493752699917,0.46633493752699917,0.46633493752699917,1.0,1.0,1,daily_loss,2021-01-11 16:34:00+00:00,False
IS_k16,0.005,0.01,196,0.4294545658973765,4.832993891901956,0.04414269979659562,0.13039663973727134,0.15686647163490508,0.0056983693970869,1.0,0.6666666666666666,3,daily_loss,2021-03-16 17:27:00+00:00,False
IS_k16,0.005,0.02,136,0.2330981010426938,26.866467056271766,0.07564393631082046,0.2330981010426938,0.2330981010426938,0.2330981010426938,1.0,1.0,1,daily_loss,2021-01-25 00:14:00+00:00,False
IS_k16,0.005,0.03,75,0.285237095975305,26478.12624663239,0.06478640742342065,0.285237095975305,0.285237095975305,0.285237095975305,1.0,1.0,1,daily_loss,2021-01-11 14:06:00+00:00,False
IS_k16,0.005,0.06,113,0.5436433952902986,44860580.6724326,0.06955686065975097,0.5436433952902986,0.5436433952902986,0.5436433952902986,1.0,1.0,1,daily_loss,2021-01-11 14:06:00+00:00,False
IS_k16,0.0075,0.01,326,0.8131239365681957,1.997232342407023,0.10081732805637342,0.09455448809280194,0.11195004048569634,-0.08931663311893567,0.7142857142857143,0.5714285714285714,7,daily_loss,2021-07-18 21:49:00+00:00,False
IS_k16,0.0075,0.02,35,0.16265783891321428,452.1659306635664,0.059681902048983076,0.16265783891321428,0.16265783891321428,0.16265783891321428,1.0,1.0,1,daily_loss,2021-01-11 16:34:00+00:00,False
IS_k16,0.0075,0.03,56,0.33885289502447646,139071.73104465814,0.07450759490565756,0.33885289502447646,0.33885289502447646,0.33885289502447646,1.0,1.0,1,daily_loss,2021-01-11 14:05:00+00:00,False
IS_k16,0.0075,0.06,89,0.6121082348076361,261064489.56275377,0.08876369415894084,0.6121082348076361,0.6121082348076361,0.6121082348076361,1.0,1.0,1,daily_loss,2021-01-11 14:03:00+00:00,False
IS_k16,0.01,0.01,21,0.08604560174478082,27.499275161116888,0.04983713646373764,0.08604560174478082,0.08604560174478082,0.08604560174478082,1.0,0.0,1,daily_loss,2021-01-11 16:34:00+00:00,False
IS_k16,0.01,0.02,32,0.22375420043192418,3620.7858451959232,0.06938113885168654,0.22375420043192418,0.22375420043192418,0.22375420043192418,1.0,1.0,1,daily_loss,2021-01-11 16:34:00+00:00,False
IS_k16,0.01,0.03,43,0.35362180557848766,217069.3246919501,0.0793302990507607,0.35362180557848766,0.35362180557848766,0.35362180557848766,1.0,1.0,1,daily_loss,2021-01-11 14:05:00+00:00,False
IS_k16,0.01,0.06,72,0.673385101252479,1186497587.8232582,0.0986042152864432,0.673385101252479,0.673385101252479,0.673385101252479,1.0,1.0,1,daily_loss,2021-01-11 14:03:00+00:00,False
IS_k24,0.001,0.01,23948,41.48289692032567,1.0139167673293854,0.144688909352335,0.061097638143900915,0.06644266977341506,-0.06069415693703095,0.7846153846153846,0.3076923076923077,65,daily_loss,2026-05-12 01:34:00+00:00,False
IS_k24,0.001,0.02,3502,1.7798032775239507,7.7676764296677945,0.06600102930929123,0.19279371302503712,0.24838408481576835,0.014816004453732434,1.0,0.6666666666666666,6,daily_loss,2021-06-23 00:07:00+00:00,False
IS_k24,0.001,0.03,1004,0.8235639583084042,145.53480860906893,0.03897236767034883,0.3544381544375781,0.3544381544375781,0.2498496470007261,1.0,1.0,2,daily_loss,2021-02-15 02:13:00+00:00,False
IS_k24,0.001,0.06,1073,0.916334622976898,220.22447014049527,0.03928485777738156,0.3892273685392146,0.3892273685392146,0.27253093105506276,1.0,1.0,2,daily_loss,2021-02-15 02:14:00+00:00,False
IS_k24,0.002,0.01,3828,4.593734965561401,1.9405994553296195,0.09537740880560197,0.09226739111527114,0.09817534607813738,-0.03459095252378219,0.8,0.45,20,daily_loss,2022-08-08 02:40:00+00:00,False
IS_k24,0.002,0.02,671,0.9375177820166436,124.4093211070498,0.06558438681527921,0.39199240157185933,0.39199240157185933,0.38080919911689004,1.0,1.0,2,daily_loss,2021-02-20 22:02:00+00:00,False
IS_k24,0.002,0.03,174,0.29472168355583817,35684.608366029,0.04994629196749961,0.29472168355583817,0.29472168355583817,0.29472168355583817,1.0,1.0,1,daily_loss,2021-01-11 16:32:00+00:00,False
IS_k24,0.002,0.06,230,0.5216633858006223,25066640.045322534,0.04985045518907935,0.5216633858006223,0.5216633858006223,0.5216633858006223,1.0,1.0,1,daily_loss,2021-01-11 16:32:00+00:00,False
IS_k24,0.0035,0.01,2022,3.5428885018868037,1.3286859325184919,0.09231601715754718,0.07282823945465361,0.07760450944820996,-0.06235827064121657,0.8636363636363636,0.36363636363636365,22,daily_loss,2022-10-18 00:24:00+00:00,False
IS_k24,0.0035,0.02,89,0.21530342819870718,2732.935984408197,0.05925985419768159,0.21530342819870718,0.21530342819870718,0.21530342819870718,1.0,1.0,1,daily_loss,2021-01-11 16:47:00+00:00,False
IS_k24,0.0035,0.03,120,0.34108630431040043,148804.45484974695,0.06607331752773851,0.34108630431040043,0.34108630431040043,0.34108630431040043,1.0,1.0,1,daily_loss,2021-01-11 14:11:00+00:00,False
IS_k24,0.0035,0.06,181,0.6536026129926737,732258068.180484,0.06581511003641903,0.6536026129926737,0.6536026129926737,0.6536026129926737,1.0,1.0,1,daily_loss,2021-01-11 14:06:00+00:00,False
IS_k24,0.005,0.01,496,0.45867456643756177,1.2398008863718908,0.12672164709975767,0.06935534337382158,0.10933265520834845,-0.061762192576831354,0.6666666666666666,0.5,6,daily_loss,2021-06-21 21:57:00+00:00,False
IS_k24,0.005,0.02,71,0.2285000553057559,4236.822247563192,0.06460159569478477,0.2285000553057559,0.2285000553057559,0.2285000553057559,1.0,1.0,1,daily_loss,2021-01-11 16:34:00+00:00,False
IS_k24,0.005,0.03,91,0.3224994282450333,84455.63143167396,0.07447220225037098,0.3224994282450333,0.3224994282450333,0.3224994282450333,1.0,1.0,1,daily_loss,2021-01-11 14:05:00+00:00,False
IS_k24,0.005,0.06,148,0.767711268821407,10984403935.17836,0.07881296842439085,0.767711268821407,0.767711268821407,0.767711268821407,1.0,1.0,1,daily_loss,2021-01-11 14:03:00+00:00,False
IS_k24,0.0075,0.01,298,0.5612270798550019,1.818940349977026,0.12591421847440942,0.08152463708774639,0.13446365711071084,-0.0846559467214184,0.6666666666666666,0.6666666666666666,6,daily_loss,2021-06-08 15:16:00+00:00,False
IS_k24,0.0075,0.02,42,0.16029967234979203,416.3233803267941,0.0597050222753775,0.16029967234979203,0.16029967234979203,0.16029967234979203,1.0,1.0,1,daily_loss,2021-01-11 14:11:00+00:00,False
IS_k24,0.0075,0.03,21,0.19750995389052695,197572495851795.62,0.030278542748217643,0.19750995389052695,0.19750995389052695,0.19750995389052695,1.0,1.0,1,daily_loss,2021-01-04 10:17:00+00:00,False
IS_k24,0.0075,0.06,37,0.48648711435111003,2.7601317415807723e+31,0.0302785427482177,0.48648711435111003,0.48648711435111003,0.48648711435111003,1.0,1.0,1,daily_loss,2021-01-04 10:17:00+00:00,False
IS_k24,0.01,0.01,22,0.06255134156149289,10.731883656670131,0.04980175790251705,0.06255134156149289,0.06255134156149289,0.06255134156149289,1.0,0.0,1,daily_loss,2021-01-11 16:34:00+00:00,False
IS_k24,0.01,0.02,37,0.21136604641856627,2395.5868834267867,0.06943464353884986,0.21136604641856627,0.21136604641856627,0.21136604641856627,1.0,1.0,1,daily_loss,2021-01-11 14:03:00+00:00,False
IS_k24,0.01,0.06,27,0.4542947069143126,5.062893981988522e+29,0.030279392760081767,0.4542947069143126,0.4542947069143126,0.4542947069143126,1.0,1.0,1,daily_loss,2021-01-04 09:40:00+00:00,False
IS_k40,0.001,0.01,9453,5.788347169537628,1.9142632034800005,0.08666995255213768,0.09323023544277298,0.09545619401544703,-0.05704766644044412,0.8636363636363636,0.5,22,daily_loss,2022-10-18 00:24:00+00:00,False
IS_k40,0.001,0.02,275,0.19961977486782678,1612.813793897552,0.043828849914536706,0.19961977486782678,0.19961977486782678,0.19961977486782678,1.0,1.0,1,daily_loss,2021-01-11 14:14:00+00:00,False
IS_k40,0.001,0.03,339,0.27314496742082706,18041.3480832501,0.0446751480762535,0.27314496742082706,0.27314496742082706,0.27314496742082706,1.0,1.0,1,daily_loss,2021-01-11 14:12:00+00:00,False
IS_k40,0.001,0.06,413,0.38538313093125653,556387.6285397629,0.04627915727115899,0.38538313093125653,0.38538313093125653,0.38538313093125653,1.0,1.0,1,daily_loss,2021-01-11 14:12:00+00:00,False
IS_k40,0.002,0.01,1165,0.929890260247541,4.698103629826204,0.06532687805520282,0.1452050652995406,0.2186947959490062,0.002510033492853614,1.0,0.6,5,daily_loss,2021-05-20 00:51:00+00:00,False
IS_k40,0.002,0.02,170,0.23125227577534235,4639.708534643026,0.05546741570748402,0.23125227577534235,0.23125227577534235,0.23125227577534235,1.0,1.0,1,daily_loss,2021-01-11 14:03:00+00:00,False
IS_k40,0.002,0.03,220,0.3348935300584466,123321.50139177886,0.055413538032210906,0.3348935300584466,0.3348935300584466,0.3348935300584466,1.0,1.0,1,daily_loss,2021-01-11 12:06:00+00:00,False
IS_k40,0.002,0.06,324,0.6560237995269953,777055059.1205592,0.05887103492128184,0.6560237995269953,0.6560237995269953,0.6560237995269953,1.0,1.0,1,daily_loss,2021-01-11 12:06:00+00:00,False
IS_k40,0.0035,0.01,1170,1.5527573541045139,1.985058324623966,0.09116706961806022,0.09171610000430536,0.07869392930111152,-0.031240846173779868,0.9090909090909091,0.45454545454545453,11,daily_loss,2021-11-10 21:20:00+00:00,False
IS_k40,0.0035,0.02,104,0.21120177116047967,2382.432439733538,0.051672271526861345,0.21120177116047967,0.21120177116047967,0.21120177116047967,1.0,1.0,1,daily_loss,2021-01-11 14:03:00+00:00,False
IS_k40,0.0035,0.03,142,0.3534424924079642,215905.40011412743,0.06889938495078343,0.3534424924079642,0.3534424924079642,0.3534424924079642,1.0,1.0,1,daily_loss,2021-01-11 06:48:00+00:00,False
IS_k40,0.0035,0.06,231,0.7950594861131368,20481721929.721127,0.07889245834629098,0.7950594861131368,0.7950594861131368,0.7950594861131368,1.0,1.0,1,daily_loss,2021-01-11 06:48:00+00:00,False
IS_k40,0.005,0.01,42,0.0528021469856621,7.070604929306997,0.039009413685362725,0.0528021469856621,0.0528021469856621,0.0528021469856621,1.0,0.0,1,daily_loss,2021-01-11 14:11:00+00:00,False
IS_k40,0.005,0.02,80,0.22417593246475653,3671.7867717036142,0.053826166474707726,0.22417593246475653,0.22417593246475653,0.22417593246475653,1.0,1.0,1,daily_loss,2021-01-11 06:50:00+00:00,False
IS_k40,0.005,0.03,111,0.3638506330833975,294635.37155472045,0.06870048076009116,0.3638506330833975,0.3638506330833975,0.3638506330833975,1.0,1.0,1,daily_loss,2021-01-11 06:48:00+00:00,False
IS_k40,0.005,0.06,183,0.8633956365007811,93299845962.66663,0.09283332250973023,0.8633956365007811,0.8633956365007811,0.8633956365007811,1.0,1.0,1,daily_loss,2021-01-11 03:36:00+00:00,False
IS_k40,0.0075,0.01,22,0.0551283820538635,7.826874975485708,0.03019397686771249,0.0551283820538635,0.0551283820538635,0.0551283820538635,1.0,0.0,1,daily_loss,2021-01-11 16:35:00+00:00,False
IS_k40,0.0075,0.02,44,0.13947127868213482,199.08396700786972,0.0433383457761206,0.13947127868213482,0.13947127868213482,0.13947127868213482,1.0,1.0,1,daily_loss,2021-01-11 14:11:00+00:00,False
IS_k40,0.0075,0.03,30,0.1664384306842328,1624201336727.3198,0.030296909342934504,0.1664384306842328,0.1664384306842328,0.1664384306842328,1.0,1.0,1,daily_loss,2021-01-04 10:17:00+00:00,False
IS_k40,0.0075,0.06,49,0.40098153649616686,5.523561563298237e+26,0.030278542748217712,0.40098153649616686,0.40098153649616686,0.40098153649616686,1.0,1.0,1,daily_loss,2021-01-04 10:17:00+00:00,False
IS_k40,0.01,0.01,21,0.08453565526353923,25.934708673576115,0.03464075070360123,0.08453565526353923,0.08453565526353923,0.08453565526353923,1.0,0.0,1,daily_loss,2021-01-11 14:11:00+00:00,False
IS_k40,0.01,0.02,41,0.1514738015577568,305.1216093733081,0.04982756568115949,0.1514738015577568,0.1514738015577568,0.1514738015577568,1.0,1.0,1,daily_loss,2021-01-11 06:48:00+00:00,False
IS_k40,0.01,0.03,23,0.17556362950928284,6740645898994.319,0.030324377810669007,0.17556362950928284,0.17556362950928284,0.17556362950928284,1.0,1.0,1,daily_loss,2021-01-04 09:40:00+00:00,False
IS_k40,0.01,0.06,38,0.39872730983097737,4.116224672498882e+26,0.039998710655030634,0.39872730983097737,0.39872730983097737,0.39872730983097737,1.0,1.0,1,daily_loss,2021-01-04 09:40:00+00:00,False
WF_k8,0.001,0.01,218,-0.06007246699126034,-0.5543173942539767,0.09297624978072637,-0.06007246699126034,-0.06007246699126034,-0.06007246699126034,0.0,0.0,1,static_dd,2023-01-29 09:11:00+00:00,False
WF_k8,0.001,0.02,224,-0.06015824883798038,-0.5679933520948848,0.086930270423154,-0.06015824883798038,-0.06015824883798038,-0.06015824883798038,0.0,0.0,1,static_dd,2023-01-29 01:04:00+00:00,False
WF_k8,0.001,0.03,224,-0.06015824883798038,-0.5679933520948848,0.086930270423154,-0.06015824883798038,-0.06015824883798038,-0.06015824883798038,0.0,0.0,1,static_dd,2023-01-29 01:04:00+00:00,False
WF_k8,0.001,0.06,224,-0.06015824883798038,-0.5679933520948848,0.086930270423154,-0.06015824883798038,-0.06015824883798038,-0.06015824883798038,0.0,0.0,1,static_dd,2023-01-29 01:04:00+00:00,False
WF_k8,0.002,0.01,137,-0.0605555987214782,-0.6135157614423825,0.09774120167654943,-0.0605555987214782,-0.0605555987214782,-0.0605555987214782,0.0,0.0,1,static_dd,2023-01-25 13:02:00+00:00,False
WF_k8,0.002,0.02,190,-0.06075607510227654,-0.614769029984082,0.12565404835343486,-0.06075607510227654,-0.06075607510227654,-0.06075607510227654,0.0,0.0,1,static_dd,2023-01-25 20:02:00+00:00,False
WF_k8,0.002,0.03,188,-0.06181359181943413,-0.6369725662968804,0.11516022986813108,-0.06181359181943413,-0.06181359181943413,-0.06181359181943413,0.0,0.0,1,static_dd,2023-01-24 13:41:00+00:00,False
WF_k8,0.002,0.06,188,-0.061724562399981364,-0.6364251056643437,0.11327465337778074,-0.061724562399981364,-0.061724562399981364,-0.061724562399981364,0.0,0.0,1,static_dd,2023-01-24 13:39:00+00:00,False
WF_k8,0.0035,0.01,59,-0.06074019916992546,-0.6815806189120618,0.07350893619656505,-0.06074019916992546,-0.06074019916992546,-0.06074019916992546,0.0,0.0,1,static_dd,2023-01-21 09:58:00+00:00,False
WF_k8,0.005,0.01,49,-0.06343074158747275,-0.7354564919073762,0.08256647121265161,-0.06343074158747275,-0.06343074158747275,-0.06343074158747275,0.0,0.0,1,static_dd,2023-01-19 15:08:00+00:00,False
WF_k8,0.0075,0.01,28,-0.06584489443393615,-0.7685573797253701,0.07002618055851802,-0.06584489443393615,-0.06584489443393615,-0.06584489443393615,0.0,0.0,1,static_dd,2023-01-19 15:08:00+00:00,False
WF_k8,0.01,0.01,26,-0.0668708384882919,-0.7940191795478769,0.07200763575210281,-0.0668708384882919,-0.0668708384882919,-0.0668708384882919,0.0,0.0,1,static_dd,2023-01-18 02:20:00+00:00,False
WF_k16,0.001,0.01,310,-0.06062307721750859,-0.5989571783084453,0.1074575007405879,-0.06062307721750859,-0.06062307721750859,-0.06062307721750859,0.0,0.0,1,static_dd,2023-01-26 14:00:00+00:00,False
WF_k16,0.001,0.02,329,-0.060833799639349984,-0.6643293243479618,0.1015649819695911,-0.060833799639349984,-0.060833799639349984,-0.060833799639349984,0.0,0.0,1,static_dd,2023-01-22 14:21:00+00:00,False
WF_k16,0.001,0.03,329,-0.06058482518362118,-0.6806172946621188,0.09669189738031567,-0.06058482518362118,-0.06058482518362118,-0.06058482518362118,0.0,0.0,1,static_dd,2023-01-21 22:59:00+00:00,False
WF_k16,0.001,0.06,329,-0.06058482518362118,-0.6806172946621188,0.09669189738031567,-0.06058482518362118,-0.06058482518362118,-0.06058482518362118,0.0,0.0,1,static_dd,2023-01-21 22:59:00+00:00,False
WF_k16,0.002,0.01,194,-0.06027806434891614,-0.5967998207304221,0.13426253545916092,-0.06027806434891614,-0.06027806434891614,-0.06027806434891614,0.0,0.0,1,static_dd,2023-01-26 14:32:00+00:00,False
WF_k16,0.002,0.02,212,-0.007696680649396326,-0.15295809786772863,0.1105996404486302,-0.007696680649396326,-0.007696680649396326,-0.007696680649396326,0.0,0.0,1,daily_loss,2023-01-18 14:15:00+00:00,False
WF_k16,0.002,0.03,81,0.062398485433535544,82.23341295579282,0.0383519319433402,0.062398485433535544,0.062398485433535544,0.062398485433535544,1.0,0.0,1,daily_loss,2023-01-06 19:24:00+00:00,False
WF_k16,0.002,0.06,94,0.0463540372052087,26.385816727330077,0.0383519319433402,0.0463540372052087,0.0463540372052087,0.0463540372052087,1.0,0.0,1,daily_loss,2023-01-06 19:24:00+00:00,False
WF_k16,0.0035,0.01,134,-0.060246743563713845,-0.4676430707349707,0.1343139288304231,-0.030255017048880783,-0.030255017048880783,-0.0557907865219236,0.0,0.0,2,static_dd,2023-02-06 23:09:00+00:00,False
WF_k16,0.005,0.01,121,-0.06270455950767473,-0.4723140965127186,0.17984075238546263,-0.031841686345828235,-0.031841686345828235,-0.03776450707283885,0.0,0.0,2,static_dd,2023-02-07 19:07:00+00:00,False
WF_k16,0.005,0.02,98,0.12483495903919017,16.539306294933915,0.07293278298895599,0.12483495903919017,0.12483495903919017,0.12483495903919017,1.0,1.0,1,daily_loss,2023-01-16 15:14:00+00:00,False
WF_k16,0.0075,0.01,49,-0.06027845823679612,-0.6117769570285492,0.143123459476125,-0.06027845823679612,-0.06027845823679612,-0.06027845823679612,0.0,0.0,1,static_dd,2023-01-26 14:32:00+00:00,False
WF_k16,0.0075,0.02,63,0.09465525924149798,6.881859073033955,0.07899840463845612,0.09465525924149798,0.09465525924149798,0.09465525924149798,1.0,0.0,1,daily_loss,2023-01-17 18:53:00+00:00,False
WF_k16,0.01,0.01,30,0.03820953523837822,1.353728241149422,0.08140333404923145,0.03820953523837822,0.03820953523837822,0.03820953523837822,1.0,0.0,1,daily_loss,2023-01-17 23:38:00+00:00,False
WF_k16,0.01,0.02,55,0.18943891237440136,51.47106052732119,0.08497545657316843,0.18943891237440136,0.18943891237440136,0.18943891237440136,1.0,1.0,1,daily_loss,2023-01-17 18:52:00+00:00,False
WF_k24,0.001,0.01,389,-0.06039764948216875,-0.5694796116211509,0.1184822349808229,-0.06039764948216875,-0.06039764948216875,-0.06039764948216875,0.0,0.0,1,static_dd,2023-01-29 01:03:00+00:00,False
WF_k24,0.001,0.02,385,-0.05771620612574846,-0.7212038960918441,0.10441226513586434,-0.05771620612574846,-0.05771620612574846,-0.05771620612574846,0.0,0.0,1,daily_loss,2023-01-18 14:20:00+00:00,False
WF_k24,0.001,0.03,421,-0.06089748223575531,-0.740742765065707,0.10355750631066468,-0.06089748223575531,-0.06089748223575531,-0.06089748223575531,0.0,0.0,1,static_dd,2023-01-18 14:15:00+00:00,False
WF_k24,0.001,0.06,421,-0.06089748223575531,-0.740742765065707,0.10355750631066468,-0.06089748223575531,-0.06089748223575531,-0.06089748223575531,0.0,0.0,1,static_dd,2023-01-18 14:15:00+00:00,False
WF_k24,0.002,0.01,282,-0.06126347812150079,-0.473457896434631,0.1500810960301334,-0.030949696124905057,-0.030949696124905057,-0.048893206425698055,0.0,0.0,2,static_dd,2023-02-06 23:09:00+00:00,False
WF_k24,0.0035,0.01,525,-0.0615423273213721,-0.13656272579696704,0.15062488722625691,-0.009509626499605073,-0.003103740904480845,-0.09946719887193733,0.5,0.0,6,static_dd,2023-06-08 14:31:00+00:00,False
WF_k24,0.0035,0.02,49,0.040457413156164135,17.123236663349946,0.037432899467451305,0.040457413156164135,0.040457413156164135,0.040457413156164135,1.0,0.0,1,daily_loss,2023-01-06 22:56:00+00:00,False
WF_k24,0.005,0.01,424,-0.05845091763600574,-0.13725956559826835,0.1849146882075605,-0.010980196841556756,-0.009693834136760282,-0.08809714462685969,0.4,0.0,5,daily_loss,2023-05-30 21:27:00+00:00,False
WF_k24,0.005,0.02,38,0.07452963240688959,189.76727217704558,0.03238063469836564,0.07452963240688959,0.07452963240688959,0.07452963240688959,1.0,0.0,1,daily_loss,2023-01-06 22:56:00+00:00,False
WF_k24,0.0075,0.01,135,0.03091901224320126,0.16218126952058842,0.1121614577595526,0.010237428553352782,0.005817298249451541,0.002783482104558699,1.0,0.0,3,daily_loss,2023-03-17 13:39:00+00:00,False
WF_k24,0.0075,0.02,21,0.0749616120960015,195.45152127974745,0.03244033857918593,0.0749616120960015,0.0749616120960015,0.0749616120960015,1.0,0.0,1,daily_loss,2023-01-06 22:47:00+00:00,False
WF_k24,0.0075,0.03,35,0.11461648521209011,2769.224710276131,0.037971841488936224,0.11461648521209011,0.11461648521209011,0.11461648521209011,1.0,1.0,1,daily_loss,2023-01-06 19:37:00+00:00,False
WF_k24,0.01,0.01,39,0.06859257189357626,2.842789213214904,0.08665138636204507,0.06859257189357626,0.06859257189357626,0.06859257189357626,1.0,0.0,1,daily_loss,2023-01-20 02:32:00+00:00,False
WF_k24,0.01,0.03,27,0.16025158065311107,51943.06423802492,0.032124415267332986,0.16025158065311107,0.16025158065311107,0.16025158065311107,1.0,1.0,1,daily_loss,2023-01-06 19:37:00+00:00,False
WF_k40,0.001,0.01,320,-0.0600817841106992,-0.7155849339668366,0.07804704280618273,-0.0600817841106992,-0.0600817841106992,-0.0600817841106992,0.0,0.0,1,static_dd,2023-01-20 02:32:00+00:00,False
WF_k40,0.001,0.02,481,-0.052199044452646226,-0.7058993313074173,0.08605610836077796,-0.052199044452646226,-0.052199044452646226,-0.052199044452646226,0.0,0.0,1,daily_loss,2023-01-17 23:55:00+00:00,False
WF_k40,0.001,0.03,209,0.0058363933303753335,0.5297574352723458,0.04744443847214992,0.0058363933303753335,0.0058363933303753335,0.0058363933303753335,1.0,0.0,1,daily_loss,2023-01-06 18:32:00+00:00,False
WF_k40,0.001,0.06,228,0.008726794495168111,0.8865066463528921,0.04744443847214992,0.008726794495168111,0.008726794495168111,0.008726794495168111,1.0,0.0,1,daily_loss,2023-01-06 18:32:00+00:00,False
WF_k40,0.002,0.01,357,-0.061688599399467914,-0.3903215639051464,0.14923392778847036,-0.031293483522659704,-0.031293483522659704,-0.040288730330365397,0.0,0.0,2,static_dd,2023-02-17 19:51:00+00:00,False
WF_k40,0.002,0.02,95,0.002437622583476573,0.19464808214421558,0.03561492075792171,0.002437622583476573,0.002437622583476573,0.002437622583476573,1.0,0.0,1,daily_loss,2023-01-06 18:33:00+00:00,False
WF_k40,0.0035,0.01,352,-0.06334075033425213,-0.21448691483009352,0.15081031745722154,-0.016208802932390104,-0.015519792647135155,-0.02365001746652695,0.0,0.0,4,static_dd,2023-04-10 19:11:00+00:00,False
WF_k40,0.0035,0.02,49,0.05538386149916841,50.301880836018924,0.030090253099600384,0.05538386149916841,0.05538386149916841,0.05538386149916841,1.0,0.0,1,daily_loss,2023-01-06 18:32:00+00:00,False
WF_k40,0.005,0.01,60,0.10875414424676699,9.556132462574643,0.05152387451933441,0.10875414424676699,0.10875414424676699,0.10875414424676699,1.0,1.0,1,daily_loss,2023-01-17 23:48:00+00:00,False
WF_k40,0.005,0.02,37,0.07273011500082927,167.78313185970637,0.03367292689457648,0.07273011500082927,0.07273011500082927,0.07273011500082927,1.0,0.0,1,daily_loss,2023-01-06 22:47:00+00:00,False
WF_k40,0.0075,0.01,35,0.013642992151823963,0.33795477311251854,0.08448065543240865,0.013642992151823963,0.013642992151823963,0.013642992151823963,1.0,0.0,1,daily_loss,2023-01-18 14:15:00+00:00,False
WF_k40,0.0075,0.02,24,0.10106748940016441,1132.7264842613024,0.03243822508423784,0.10106748940016441,0.10106748940016441,0.10106748940016441,1.0,1.0,1,daily_loss,2023-01-06 22:50:00+00:00,False
WF_k40,0.0075,0.03,35,0.12786581034326416,6566.580359528186,0.03559096816174384,0.12786581034326416,0.12786581034326416,0.12786581034326416,1.0,1.0,1,daily_loss,2023-01-06 18:32:00+00:00,False
WF_k40,0.01,0.01,28,0.09720526584613776,8.572160177376425,0.041392860080233365,0.09720526584613776,0.09720526584613776,0.09720526584613776,1.0,0.0,1,daily_loss,2023-01-16 19:06:00+00:00,False
WF_k40,0.01,0.02,23,0.18047006359607343,183490.57995985303,0.03229326853642341,0.18047006359607343,0.18047006359607343,0.18047006359607343,1.0,1.0,1,daily_loss,2023-01-06 22:50:00+00:00,False
