n,pair,dir,entry_dt,exit_dt,entry_notional,exit_notional,exit_type,note,gross,fees,net,equity,mins
1,LINK,S,2026-08-18 20:30:00,2026-08-19 00:14:00,6165.25,6210.75,SL,,-45.5,0.49504000000000004,-45.99504,9954.00496,224.0
2,LINK,L,2026-08-19 09:33:00,2026-08-19 10:50:00,6739.6,6796.79,TP,,57.1899999999996,0.5414556,56.6485443999996,10010.6535044,77.0
3,LINK,L,2026-08-19 10:01:00,2026-08-19 10:50:00,7711.26,7762.01,TP,,50.75,0.6189308000000001,50.1310692,10060.7845736,49.0
4,LINK,L,2026-08-19 10:41:00,2026-08-19 10:50:00,13536.6,13581.49,TP,big,44.88999999999942,1.0847236,43.80527639999942,10104.589849999998,9.0
5,LINK,L,2026-08-19 14:47:00,2026-08-19 16:03:00,7017.07,6987.56,SL,,-29.50999999999931,0.5601852,-30.070185199999308,10074.5196648,76.0
6,LINK,L,2026-08-19 17:45:00,2026-08-19 17:55:00,8734.5,8788.13,TP,,53.6299999999992,0.7009052,52.9290947999992,10127.448759599998,10.0
7,SOL,L,2026-08-20 14:15:00,2026-08-20 14:39:00,8013.2,8089.56,TP,,76.36000000000058,0.6441104000000001,75.71588960000058,10203.1646492,24.0
8,BTC,L,2026-08-20 15:18:00,2026-08-20 16:32:00,10761.46,10715.25,SL,big,-46.20999999999913,0.8590684000000001,-47.069068399999125,10156.0955808,74.0
9,BTC,L,2026-08-20 15:55:00,2026-08-20 16:32:00,8977.58,8929.37,SL,,-48.20999999999913,0.7162780000000001,-48.92627799999913,10107.1693028,37.0
10,BTC,S,2026-08-20 16:51:00,2026-08-20 16:51:00,17181.69,17205.12,SL,big_quick,-23.43000000000029,1.3754724,-24.80547240000029,10082.363830400001,0.0
11,BTC,L,2026-08-20 16:56:00,2026-08-20 18:03:00,5736.27,5785.72,TP,,49.44999999999982,0.4608796000000001,48.98912039999982,10131.352950800001,67.0
12,ETH,L,2026-08-20 17:10:00,2026-08-20 18:20:00,4109.13,4159.45,TP,,50.31999999999971,0.3307432,49.98925679999971,10181.3422076,70.0
13,ETH,L,2026-08-20 18:15:00,2026-08-20 19:41:00,2526.45,2574.46,TP,,48.01000000000022,0.2040364,47.80596360000022,10229.1481712,86.0
15,XRP,L,2026-08-20 23:15:00,2026-08-21 00:07:00,3702.0,3754.49,TP,,52.48999999999978,0.2982596,52.19174039999978,10281.3399116,52.0
14,SOL,L,2026-08-20 23:00:00,2026-08-21 01:02:00,6542.25,6546.75,SL,sl_above_entry,4.5,0.52356,3.97644,10285.3163516,122.0
16,SOL,L,2026-08-21 10:37:00,2026-08-21 11:25:00,19824.8,19944.8,MKT,scaleout_big,120.0,1.590784,118.409216,10403.7255676,48.0
17,LINK,L,2026-08-21 13:20:00,2026-08-21 14:12:00,3438.8,3397.72,SL,,-41.08000000000038,0.27346080000000006,-41.353460800000384,10362.3721068,52.0
18,LINK,L,2026-08-21 13:46:00,2026-08-21 14:12:00,5708.5,5662.71,SL,,-45.789999999999964,0.4548484,-46.24484839999997,10316.1272584,26.0
19,LINK,L,2026-08-21 14:25:00,2026-08-21 14:34:00,5698.15,5644.29,SL,,-53.85999999999967,0.4536976,-54.31369759999967,10261.813560800001,9.0
20,LINK,L,2026-08-21 15:20:00,2026-08-21 15:39:00,8473.05,8524.69,TP,,51.64000000000124,0.6799096,50.960090400001235,10312.773651200001,19.0
22,SOL,L,2026-08-21 15:47:00,2026-08-21 16:35:00,4098.15,4044.6,SL,,-53.54999999999973,0.32571,-53.87570999999973,10258.897941200003,48.0
21,LINK,L,2026-08-21 15:45:00,2026-08-21 18:09:00,3417.39,3468.02,TP,,50.63000000000011,0.2754164,50.35458360000011,10309.252524800002,144.0
24,SUI,L,2026-08-21 19:17:00,2026-08-21 20:16:00,5672.8,5629.67,SL,,-43.13000000000011,0.4520988000000001,-43.58209880000011,10265.670426000002,59.0
25,SUI,L,2026-08-21 20:39:00,2026-08-21 21:23:00,3244.4,3289.13,TP,,44.73000000000002,0.26134120000000005,44.46865880000002,10310.139084800003,44.0
23,SOL,L,2026-08-21 16:50:00,2026-08-21 21:44:00,3190.6,3200.88,MKT,manual_win,10.2800000000002,0.25565920000000003,10.0243408000002,10320.163425600002,294.0
28,DOGE,S,2026-08-21 22:29:00,2026-08-21 23:18:00,4243.5,4266.0,SL,,-22.5,0.34038,-22.84038,10297.323045600002,49.0
26,SOL,S,2026-08-21 21:56:00,2026-08-21 23:21:00,5028.1,5038.0,MKT,manual_loss,-9.899999999999636,0.40264400000000006,-10.302643999999637,10287.020401600003,85.0
27,SOL,L,2026-08-21 23:26:00,2026-08-21 23:48:00,8073.12,8055.09,MKT,manual_loss,-18.029999999999745,0.6451284,-18.675128399999746,10268.345273200002,22.0
29,SOL,L,2026-08-21 23:52:00,2026-08-22 00:33:00,3671.2,3720.4,TP,,49.20000000000027,0.29566400000000004,48.90433600000027,10317.249609200004,41.0
30,AVAX,L,2026-08-21 23:51:00,2026-08-22 00:52:00,2536.12,2585.5,TP,,49.38000000000011,0.2048648,49.175135200000106,10366.424744400003,61.0
32,AVAX,S,2026-08-22 10:45:00,2026-08-22 11:26:00,3435.21,3392.32,TP,,42.88999999999987,0.27310120000000004,42.61689879999987,10409.041643200004,41.0
31,ETH,S,2026-08-22 10:38:00,2026-08-22 11:30:00,8532.09,8468.7,TP,,63.38999999999942,0.6800316000000001,62.70996839999942,10471.751611600002,52.0
33,LINK,S,2026-08-23 12:03:00,2026-08-23 13:05:00,5676.69,5708.52,SL,,-31.830000000000837,0.4554084,-32.28540840000084,10439.466203200001,62.0
34,ETH,S,2026-08-23 12:46:00,2026-08-23 14:21:00,7235.7,7280.73,SL,,-45.029999999999745,0.5806572000000001,-45.61065719999974,10393.855546000003,95.0
35,LINK,S,2026-08-23 14:19:00,2026-08-23 14:24:00,3396.58,3441.52,SL,,-44.940000000000055,0.27352400000000004,-45.213524000000056,10348.642022000002,5.0
36,LINK,S,2026-08-23 14:37:00,2026-08-23 15:55:00,14808.6,14767.65,MKT,manual_win_big,40.95000000000073,1.1830500000000002,39.766950000000726,10388.408972000003,78.0
37,LINK,S,2026-08-23 15:55:00,2026-08-23 15:58:00,13805.95,13869.24,MKT,manual_loss_big,-63.289999999999054,1.1070076000000002,-64.39700759999906,10324.011964400004,3.0
38,LINK,L,2026-08-23 16:00:00,2026-08-23 17:04:00,6842.4,6958.82,TP,scaleout,116.42000000000007,0.5520488,115.86795120000008,10439.879915600004,64.0
41,SUI,L,2026-08-23 22:46:00,2026-08-23 23:02:00,5026.2,4979.69,SL,,-46.51000000000022,0.4002356,-46.91023560000022,10392.969680000004,16.0
42,SUI,L,2026-08-23 23:09:00,2026-08-24 00:03:00,5840.1,5888.81,TP,,48.710000000000036,0.46915640000000003,48.240843600000034,10441.210523600004,54.0
39,SUI,L,2026-08-23 17:54:00,2026-08-24 00:19:00,1399.1,1443.27,TP,,44.17000000000007,0.1136948,44.056305200000075,10485.266828800004,385.0
40,ETH,L,2026-08-23 17:56:00,2026-08-24 00:33:00,2435.39,2483.45,TP,,48.059999999999945,0.19675360000000003,47.863246399999944,10533.130075200004,397.0
43,BTC,S,2026-08-24 10:49:00,2026-08-24 11:26:00,8513.97,8454.17,TP,,59.79999999999927,0.6787256,59.12127439999927,10592.251349600003,37.0
44,SOL,S,2026-08-24 10:50:00,2026-08-24 14:35:00,3293.5,3340.75,SL,,-47.25,0.26537,-47.51537,10544.735979600002,225.0
45,BTC,L,2026-08-24 16:50:00,2026-08-24 17:00:00,9230.1,9282.26,TP,,52.159999999999854,0.7404944000000001,51.41950559999985,10596.155485200003,10.0
47,XRP,S,2026-08-25 00:41:00,2026-08-25 03:11:00,6651.0,6699.6,SL,,-48.600000000000364,0.534024,-49.134024000000366,10547.021461200002,150.0
46,AVAX,S,2026-08-24 18:53:00,2026-08-25 05:17:00,3773.5,3825.43,SL,,-51.929999999999836,0.30395720000000004,-52.233957199999836,10494.787504000002,624.0
48,ETH,L,2026-08-25 09:29:00,2026-08-25 10:49:00,6269.37,6217.67,SL,,-51.69999999999982,0.4994816000000001,-52.19948159999982,10442.588022400003,80.0
49,BTC,L,2026-08-25 11:30:00,2026-08-25 12:51:00,4809.76,4758.5,SL,,-51.26000000000022,0.3827304,-51.64273040000022,10390.945292000002,81.0
50,SUI,L,2026-08-25 13:10:00,2026-08-25 15:06:00,13611.9,13507.53,SL,big,-104.36999999999898,1.0847772,-105.45477719999899,10285.490514800003,116.0
51,SUI,L,2026-08-25 15:50:00,2026-08-25 16:15:00,3201.6,3175.2,SL,,-26.40000000000009,0.25507199999999997,-26.65507200000009,10258.835442800004,25.0
